"Time (s)","Magnetic field x (µT)","Magnetic field y (µT)","Magnetic field z (µT)"
2.755353140E-1,-1.567500019E1,-2.379375076E1,-2.349375153E1
7.755353140E-1,-3.453750229E1,-8.962500572E0,-6.581250191E0
1.275535314E0,-4.119375229E1,1.856250048E0,4.443750381E0
1.775535314E0,-4.222500229E1,5.868750095E0,1.166250038E1
2.275535314E0,-4.201875305E1,8.250000000E0,1.631250000E1
2.775535314E0,-4.192500305E1,1.138125038E1,1.942500114E1
3.275535314E0,-4.267500305E1,1.111875057E1,2.058750153E1
3.775535314E0,-4.113750076E1,1.147500038E1,2.161875153E1
4.275535314E0,-4.222500229E1,1.717500114E1,2.752500153E1
4.775535314E0,-3.862500000E1,2.064375114E1,2.949375153E1
5.275535314E0,-3.541875076E1,2.328750038E1,2.930625153E1
5.775535314E0,-3.528750229E1,2.540625191E1,2.724375153E1
6.275535314E0,-3.465000153E1,2.758125114E1,2.486250114E1
6.775535314E0,-3.463125229E1,2.745000076E1,2.332500076E1
7.275535314E0,-3.279375076E1,3.095625114E1,2.377500153E1
7.775535314E0,-3.510000229E1,3.331875229E1,2.469375038E1
8.275535314E0,-3.841875076E1,3.489375305E1,2.540625191E1
8.775535314E0,-4.155000305E1,3.438750076E1,2.538750076E1
9.275535314E0,-4.353750229E1,3.247500229E1,2.570625114E1
9.775535314E0,-4.314375305E1,3.228750229E1,2.700000191E1
1.027553531E1,-4.460625076E1,3.168750191E1,2.848125076E1
1.077553531E1,-4.464375305E1,3.241875076E1,2.835000038E1
1.127553531E1,-4.505625153E1,3.035625076E1,2.694375038E1
1.177553531E1,-4.231875229E1,2.979375076E1,2.486250114E1
1.227553531E1,-3.939375305E1,2.857500076E1,2.493750191E1
1.277553531E1,-3.751875305E1,2.728125191E1,2.518125153E1
1.327553531E1,-3.663750076E1,2.441250038E1,2.446875191E1
1.377553531E1,-3.543750000E1,2.255625153E1,2.283750153E1
1.427553531E1,-3.335625076E1,2.203125000E1,2.124375153E1
1.477553531E1,-3.298125076E1,2.223750114E1,2.124375153E1
1.527553531E1,-3.390000153E1,2.351250076E1,2.103750038E1
1.577553531E1,-3.600000000E1,2.300625038E1,2.124375153E1
1.627553531E1,-3.716250229E1,2.418750191E1,1.942500114E1
1.677553531E1,-3.864375305E1,2.596875191E1,1.807500076E1
1.727553531E1,-3.924375153E1,3.024375153E1,1.749375153E1
1.777553531E1,-4.113750076E1,3.172500038E1,1.805625153E1
1.827553531E1,-4.246875000E1,3.271875000E1,1.869375038E1
1.877553531E1,-4.314375305E1,3.213750076E1,1.779375076E1
1.927553531E1,-4.246875000E1,3.318750000E1,1.796250153E1
1.977553531E1,-4.260000229E1,3.498750305E1,1.696875000E1
2.027553531E1,-4.374375153E1,3.468750000E1,1.756875038E1
2.077553531E1,-4.295625305E1,3.489375305E1,1.758750153E1
2.127553531E1,-4.312500000E1,3.326250076E1,1.801875114E1
2.177553531E1,-4.076250076E1,3.496875000E1,1.771875000E1
2.227553531E1,-4.033125305E1,3.495000076E1,1.882500076E1
2.277553531E1,-3.933750153E1,3.607500076E1,1.995000076E1
2.327553531E1,-3.976875305E1,3.496875000E1,2.032500076E1
2.377553531E1,-3.836250305E1,3.493125153E1,2.195625114E1
2.427553531E1,-3.800625229E1,3.440625000E1,2.280000114E1
2.477553531E1,-3.757500076E1,3.440625000E1,2.452500153E1
2.527553531E1,-3.727500153E1,3.483750153E1,2.523750114E1
2.577553531E1,-3.834375000E1,3.412500000E1,2.634375191E1
2.627553531E1,-3.930000305E1,3.346875000E1,2.473125076E1
2.677553531E1,-3.496875000E1,2.473125076E1,2.756250143E0
2.727553531E1,-3.504375076E1,2.484375191E1,2.287500143E0
2.777553531E1,-3.693750000E1,2.343750000E1,2.268750191E0
2.827553531E1,-3.663750076E1,2.491875076E1,1.575000048E0
2.877553531E1,-3.785625076E1,2.422500038E1,1.968750119E0
2.927553531E1,-3.781875229E1,2.591250038E1,1.837500095E0
2.977553531E1,-3.933750153E1,2.443125153E1,2.531250000E0
3.027553531E1,-3.855000305E1,2.596875191E1,4.443750381E0
3.077553531E1,-3.930000305E1,2.445000076E1,5.981250286E0
3.127553531E1,-3.856875229E1,2.495625114E1,8.025000572E0
3.177553531E1,-3.813750076E1,2.439375114E1,9.525000572E0
3.227553531E1,-3.721875000E1,2.405625153E1,1.175625038E1
3.277553531E1,-3.620625305E1,2.407500076E1,1.158750057E1
3.327553531E1,-3.547500229E1,2.259375000E1,1.291875076E1
3.377553531E1,-3.408750153E1,2.287500000E1,1.267500019E1
3.427553531E1,-3.408750153E1,2.107500076E1,1.252500057E1
3.477553531E1,-3.256875229E1,2.248125076E1,1.192500019E1
3.527553531E1,-3.271875000E1,2.004375076E1,1.128750038E1
3.577553531E1,-3.080625153E1,2.150625038E1,9.712500572E0
3.627553531E1,-3.161250114E1,1.876875114E1,8.043750763E0
3.677553531E1,-2.956875038E1,2.010000038E1,6.937500477E0
3.727553531E1,-3.091875076E1,1.884375000E1,5.268750191E0
3.777553531E1,-2.970000076E1,2.098125076E1,4.537500381E0
3.827553531E1,-3.020625114E1,2.075625038E1,3.206250191E0
3.877553531E1,-3.009375191E1,2.191875076E1,3.056250095E0
3.927553531E1,-3.118125153E1,2.235000038E1,2.043750048E0
3.977553531E1,-3.247500229E1,2.238750076E1,2.287500143E0
4.027553531E1,-3.346875000E1,2.398125076E1,2.250000000E0
4.077553531E1,-3.556875229E1,2.319375038E1,3.787500143E0
4.127553531E1,-3.502500153E1,2.518125153E1,4.350000381E0
4.177553531E1,-3.669375229E1,2.392500114E1,4.687500000E0
4.227553531E1,-3.592500305E1,2.521875191E1,4.181250095E0
4.277553531E1,-3.716250229E1,2.287500000E1,3.637500048E0
4.327553531E1,-3.620625305E1,2.385000038E1,3.843750238E0
4.377553531E1,-3.710625076E1,2.115000153E1,2.812500000E0
4.427553531E1,-3.562500000E1,2.169375038E1,2.118750095E0
4.477553531E1,-3.600000000E1,1.983750153E1,2.062500119E-1
4.527553531E1,-3.577500153E1,1.981875038E1,-1.050000072E0
4.577553531E1,-3.586875153E1,1.955625153E1,-1.856250048E0
4.627553531E1,-3.579375076E1,1.927500153E1,-1.931250095E0
4.677553531E1,-3.564375305E1,1.993125153E1,-3.056250095E0
4.727553531E1,-3.620625305E1,1.959375000E1,-3.975000143E0
4.777553531E1,-3.491250229E1,2.176875114E1,-5.081250191E0
4.827553531E1,-3.530625153E1,2.120625114E1,-6.206250191E0
4.877553531E1,-3.418125153E1,2.338125038E1,-7.481250286E0
4.927553531E1,-3.498750305E1,2.223750114E1,-8.887500763E0
4.977553531E1,-3.478125000E1,2.280000114E1,-9.731250763E0
5.027553531E1,-3.585000229E1,2.137500000E1,-1.035000038E1
5.077553531E1,-3.502500153E1,2.251875114E1,-1.025625038E1
5.127553531E1,-3.489375305E1,2.244375038E1,-1.076250076E1
5.177553531E1,-3.506250000E1,2.216250038E1,-9.750000000E0
5.227553531E1,-3.431250000E1,2.291250038E1,-9.918750763E0
5.277553531E1,-3.465000153E1,2.221875000E1,-9.412500381E0
5.327553531E1,-3.290625000E1,2.422500038E1,-9.243750572E0
5.377553531E1,-3.346875000E1,2.341875076E1,-9.262500763E0
5.427553531E1,-3.174375153E1,2.548125076E1,-9.993750572E0
5.477553531E1,-3.268125153E1,2.418750191E1,-1.053750038E1
5.527553531E1,-3.138750076E1,2.490000153E1,-1.228125095E1
5.577553531E1,-3.234375000E1,2.373750114E1,-1.237500095E1
5.627553545E1,-3.268125153E1,2.332500076E1,-1.336875057E1
5.677553545E1,-3.275625229E1,2.326875114E1,-1.411875057E1
5.727553545E1,-3.330000305E1,2.291250038E1,-1.355625057E1
5.777553545E1,-3.301875305E1,2.306250000E1,-1.404375076E1
5.827553545E1,-3.305625153E1,2.291250038E1,-1.359375095E1
5.877553545E1,-3.230625153E1,2.379375076E1,-1.316250038E1
5.927553545E1,-3.341250229E1,2.315625000E1,-1.087500000E1
5.977553545E1,-3.200625229E1,2.471250153E1,-1.110000038E1
6.027553545E1,-3.213750076E1,2.469375038E1,-8.868750572E0
6.077553545E1,-3.166875076E1,2.553750038E1,-7.856250286E0
6.127553545E1,-3.241875076E1,2.428125191E1,-7.031250477E0
6.177553545E1,-3.106875038E1,2.559375191E1,-6.918750286E0
6.227553545E1,-3.256875229E1,2.356875038E1,-6.693750381E0
6.277553545E1,-3.217500305E1,2.415000153E1,-7.406250477E0
6.327553545E1,-3.157500076E1,2.480625153E1,-8.718750000E0
6.377553545E1,-3.136875153E1,2.514375114E1,-8.981250763E0
6.427553545E1,-3.174375153E1,2.460000038E1,-8.962500572E0
6.477553545E1,-3.090000153E1,2.535000038E1,-8.400000572E0
6.527553545E1,-3.041250038E1,2.611875153E1,-8.100000381E0
6.577553545E1,-3.060000038E1,2.615625191E1,-7.556250095E0
6.627553545E1,-2.986875153E1,2.731875038E1,-8.400000572E0
6.677553545E1,-2.971875191E1,2.756250191E1,-7.518750191E0
6.727553545E1,-3.022500038E1,2.726250076E1,-5.962500095E0
6.777553545E1,-3.035625076E1,2.679375076E1,-5.643750191E0
6.827553545E1,-2.925000191E1,2.790000153E1,-6.412500381E0
6.877553545E1,-3.018750191E1,2.677500153E1,-6.993750095E0
6.927553545E1,-2.941875076E1,2.681250191E1,-9.731250763E0
6.977553545E1,-3.028125191E1,2.546250153E1,-1.115625000E1
7.027553545E1,-2.960625076E1,2.636250114E1,-1.110000038E1
7.077553545E1,-3.067500114E1,2.529375076E1,-1.096875000E1
7.127553545E1,-3.007500076E1,2.580000114E1,-1.181250000E1
7.177553545E1,-3.069375038E1,2.490000153E1,-1.166250038E1
7.227553545E1,-3.084375191E1,2.491875076E1,-1.095000076E1
7.277553545E1,-3.148125076E1,2.398125076E1,-1.048125076E1
7.327553545E1,-3.170625114E1,2.353125000E1,-8.475000381E0
7.377553545E1,-3.178125191E1,2.334375000E1,-7.368750095E0
7.427553545E1,-3.172500038E1,2.304375076E1,-6.956250191E0
7.477553545E1,-3.127500153E1,2.280000114E1,-7.743750095E0
7.527553545E1,-3.106875038E1,2.265000153E1,-7.556250095E0
7.577553545E1,-3.018750191E1,2.336250114E1,-7.950000286E0
7.627553545E1,-3.013125038E1,2.308125114E1,-8.418750763E0
7.677553545E1,-2.874375153E1,2.452500153E1,-9.037500381E0
7.727553545E1,-2.859375191E1,2.499375153E1,-9.093750000E0
7.777553545E1,-2.662500191E1,2.690625191E1,-1.005000019E1
7.827553545E1,-2.662500191E1,2.705625153E1,-1.096875000E1
7.877553545E1,-2.520000076E1,2.887500191E1,-1.055625057E1
7.927553545E1,-2.535000038E1,2.975625038E1,-1.125000000E1
7.977553545E1,-2.448750114E1,3.099375153E1,-1.106250000E1
8.027553545E1,-2.385000038E1,3.193125153E1,-1.070625019E1
8.077553545E1,-2.353125000E1,3.296250153E1,-9.356250763E0
8.127553545E1,-2.353125000E1,3.463125229E1,-8.343750000E0
8.177553545E1,-2.611875153E1,3.448125076E1,-6.881250381E0
8.227553545E1,-2.608125114E1,3.586875153E1,-6.281250477E0
8.277553545E1,-2.788125038E1,3.568125153E1,-5.981250286E0
8.327553545E1,-2.670000076E1,3.684375000E1,-5.906250000E0
8.377553545E1,-2.709375191E1,3.691875076E1,-6.787500381E0
8.427553545E1,-2.675625038E1,3.763125229E1,-6.956250191E0
8.477553545E1,-2.750625038E1,3.650625229E1,-8.493750572E0
8.527553545E1,-2.671875191E1,3.570000076E1,-9.825000763E0
8.577553545E1,-2.456250191E1,3.573750305E1,-1.087500000E1
8.627553545E1,-2.366250038E1,3.468750000E1,-1.110000038E1
8.677553545E1,-2.193750000E1,3.416250229E1,-1.166250038E1
8.727553545E1,-2.255625153E1,3.288750076E1,-1.147500038E1
8.777553545E1,-2.124375153E1,3.273750305E1,-1.141875076E1
8.827553545E1,-2.191875076E1,3.168750191E1,-1.218750095E1
8.877553545E1,-2.088750076E1,3.223125076E1,-1.177500057E1
8.927553545E1,-2.145000076E1,3.185625076E1,-1.183125019E1
8.977553545E1,-2.143125153E1,3.176250076E1,-1.151250076E1
9.027553545E1,-2.186250114E1,3.157500076E1,-1.145625019E1
9.077553545E1,-2.229375076E1,3.123750114E1,-1.188750076E1
9.127553545E1,-2.158125114E1,3.180000114E1,-1.218750095E1
9.177553545E1,-2.250000000E1,3.211875153E1,-1.185000038E1
9.227553545E1,-2.126250076E1,3.390000153E1,-1.220625019E1
9.277553545E1,-2.295000076E1,3.412500000E1,-1.256250095E1
9.327553545E1,-2.150625038E1,3.616875076E1,-1.290000057E1
9.377553545E1,-2.319375038E1,3.633750153E1,-1.361250019E1
9.427553545E1,-2.274375153E1,3.761250305E1,-1.419375038E1
9.477553545E1,-2.353125000E1,3.787500000E1,-1.475625038E1
9.527553545E1,-2.373750114E1,3.806250000E1,-1.473750019E1
9.577553545E1,-2.426250076E1,3.733125305E1,-1.560000038E1
9.627553545E1,-2.516250038E1,3.588750076E1,-1.601250076E1
9.677553545E1,-2.413125038E1,3.500625229E1,-1.685625076E1
9.727553545E1,-2.536875153E1,3.270000076E1,-1.678125000E1
9.777553545E1,-2.360625076E1,3.208125305E1,-1.693125153E1
9.827553545E1,-2.373750114E1,2.996250153E1,-1.670625114E1
9.877553545E1,-2.161875153E1,2.951250076E1,-1.749375153E1
9.927553545E1,-2.145000076E1,2.818125153E1,-1.843125153E1
9.977553545E1,-1.918125153E1,2.848125076E1,-1.869375038E1
1.002755354E2,-1.867500114E1,2.850000191E1,-1.903125000E1
1.007755354E2,-1.725000000E1,2.936250114E1,-1.863750076E1
1.012755354E2,-1.616250038E1,3.028125191E1,-1.871250153E1
1.017755354E2,-1.560000038E1,3.101250076E1,-1.768125153E1
1.022755354E2,-1.408125019E1,3.268125153E1,-1.702500153E1
1.027755354E2,-1.513125038E1,3.311250305E1,-1.603125000E1
1.032755354E2,-1.533750057E1,3.361875153E1,-1.546875095E1
1.037755354E2,-1.723125076E1,3.288750076E1,-1.498125076E1
1.042755354E2,-1.687500000E1,3.279375076E1,-1.485000038E1
1.047755354E2,-1.807500076E1,3.217500305E1,-1.488750076E1
1.052755354E2,-1.753125000E1,3.219375229E1,-1.516875076E1
1.057755354E2,-1.796250153E1,3.211875153E1,-1.546875095E1
1.062755354E2,-1.764375114E1,3.245625305E1,-1.539375019E1
1.067755354E2,-1.824375153E1,3.294375229E1,-1.554375076E1
1.072755354E2,-1.721250153E1,3.444375229E1,-1.518750095E1
1.077755354E2,-1.865625000E1,3.491250229E1,-1.455000019E1
1.082755354E2,-1.839375114E1,3.626250076E1,-1.460625076E1
1.087755354E2,-1.995000076E1,3.616875076E1,-1.490625095E1
1.092755354E2,-2.036250114E1,3.684375000E1,-1.447500038E1
1.097755354E2,-2.145000076E1,3.673125076E1,-1.436250019E1
1.102755354E2,-2.263125038E1,3.669375229E1,-1.421250057E1
1.107755354E2,-2.328750038E1,3.633750153E1,-1.425000095E1
1.112755354E2,-2.461875153E1,3.592500305E1,-1.417500019E1
1.117755354E2,-2.405625153E1,3.600000000E1,-1.548750019E1
1.122755354E2,-2.551875114E1,3.493125153E1,-1.588125038E1
1.127755354E2,-2.435625076E1,3.491250229E1,-1.657500076E1
1.132755354E2,-2.557500076E1,3.367500305E1,-1.687500000E1
1.137755354E2,-2.548125076E1,3.307500076E1,-1.726875114E1
1.142755354E2,-2.600625038E1,3.232500076E1,-1.741875076E1
1.147755354E2,-2.467500114E1,3.270000076E1,-1.740000153E1
1.152755354E2,-2.508750153E1,3.195000076E1,-1.730625153E1
1.157755354E2,-2.338125038E1,3.260625076E1,-1.657500076E1
1.162755355E2,-2.330625153E1,3.260625076E1,-1.595625019E1
1.167755355E2,-2.169375038E1,3.341250229E1,-1.507500076E1
1.172755355E2,-2.229375076E1,3.307500076E1,-1.423125076E1
1.177755355E2,-2.086875153E1,3.401250076E1,-1.306875038E1
1.182755355E2,-2.146875000E1,3.341250229E1,-1.239375019E1
1.187755355E2,-2.178750038E1,3.309375000E1,-1.168125057E1
1.192755355E2,-2.178750038E1,3.264375305E1,-1.198125076E1
1.197755355E2,-2.182500076E1,3.260625076E1,-1.164375019E1
1.202755355E2,-2.152500153E1,3.279375076E1,-1.209375095E1
1.207755355E2,-2.240625000E1,3.292500305E1,-1.134375000E1
1.212755355E2,-2.190000153E1,3.376875305E1,-1.166250038E1
1.217755355E2,-2.291250038E1,3.367500305E1,-1.186875057E1
1.222755355E2,-2.193750000E1,3.481875229E1,-1.233750057E1
1.227755355E2,-2.188125038E1,3.562500000E1,-1.295625019E1
1.232755355E2,-2.100000000E1,3.751875305E1,-1.329375076E1
1.237755355E2,-2.278125000E1,3.800625229E1,-1.398750019E1
1.242755355E2,-2.259375000E1,3.913125229E1,-1.447500038E1
1.247755355E2,-2.456250191E1,3.855000305E1,-1.556250095E1
1.252755355E2,-2.475000191E1,3.885000229E1,-1.631250000E1
1.257755355E2,-2.551875114E1,3.856875229E1,-1.732500076E1
1.262755355E2,-2.536875153E1,3.856875229E1,-1.798125076E1
1.267755355E2,-2.610000038E1,3.751875305E1,-1.843125153E1
1.272755355E2,-2.700000191E1,3.594375229E1,-1.803750038E1
1.277755355E2,-2.670000076E1,3.403125000E1,-1.792500114E1
1.282755355E2,-2.664375114E1,3.221250153E1,-1.747500038E1
1.287755355E2,-2.495625114E1,3.148125076E1,-1.695000076E1
1.292755355E2,-2.355000114E1,3.084375191E1,-1.599375057E1
1.297755355E2,-2.165625000E1,3.091875076E1,-1.511250019E1
1.302755355E2,-2.100000000E1,3.118125153E1,-1.410000038E1
1.307755355E2,-1.987500000E1,3.225000000E1,-1.365000057E1
1.312755355E2,-1.993125153E1,3.300000000E1,-1.308750057E1
1.317755355E2,-1.869375038E1,3.487500000E1,-1.297500038E1
1.322755355E2,-1.996875000E1,3.547500229E1,-1.245000076E1
1.327755355E2,-2.038125038E1,3.656250000E1,-1.218750095E1
1.332755355E2,-2.236875153E1,3.635625076E1,-1.140000057E1
1.337755355E2,-2.467500114E1,3.566250229E1,-1.005000019E1
1.342755355E2,-2.598750114E1,3.510000229E1,-9.018750191E0
1.347755355E2,-2.578125191E1,3.523125076E1,-8.043750763E0
1.352755355E2,-2.527500153E1,3.549375153E1,-8.193750381E0
1.357755355E2,-2.608125114E1,3.583125305E1,-7.181250095E0
1.362755355E2,-2.535000038E1,3.746250153E1,-6.543750286E0
1.367755355E2,-2.636250114E1,3.845625305E1,-6.375000477E0
1.372755355E2,-2.591250038E1,4.046250153E1,-7.200000286E0
1.377755355E2,-2.696250153E1,4.012500000E1,-8.137500763E0
1.382755355E2,-2.675625038E1,4.012500000E1,-9.262500763E0
1.387755355E2,-2.782500076E1,3.873750305E1,-9.956250191E0
1.392755355E2,-2.709375191E1,3.787500000E1,-1.066875076E1
1.397755355E2,-2.741250038E1,3.570000076E1,-1.153125000E1
1.402755355E2,-2.694375038E1,3.339375305E1,-1.213125038E1
1.407755355E2,-2.628750038E1,2.971875191E1,-1.273125076E1
1.412755355E2,-2.454375076E1,2.634375191E1,-1.314375019E1
1.417755355E2,-2.098125076E1,2.478750038E1,-1.410000038E1
1.422755355E2,-1.890000153E1,2.302500153E1,-1.464375019E1
1.427755355E2,-1.644375038E1,2.287500000E1,-1.505625057E1
1.432755355E2,-1.561875057E1,2.287500000E1,-1.481250095E1
1.437755355E2,-1.357500076E1,2.401875114E1,-1.554375076E1
1.442755355E2,-1.378125095E1,2.463750076E1,-1.597500038E1
1.447755355E2,-1.181250000E1,2.775000191E1,-1.605000114E1
1.452755355E2,-1.301250076E1,3.037500191E1,-1.578750038E1
1.457755355E2,-1.333125019E1,3.465000153E1,-1.539375019E1
1.462755355E2,-1.608750153E1,3.772500229E1,-1.518750095E1
1.467755355E2,-1.815000153E1,3.963750076E1,-1.507500076E1
1.472755355E2,-1.957500076E1,4.057500076E1,-1.462500095E1
1.477755355E2,-2.133750153E1,4.147500229E1,-1.370625019E1
1.482755355E2,-2.141250038E1,4.275000000E1,-1.363125038E1
1.487755355E2,-2.409375191E1,4.201875305E1,-1.291875076E1
1.492755355E2,-2.343750000E1,4.201875305E1,-1.280625057E1
1.497755355E2,-2.488125038E1,4.093125153E1,-1.224375057E1
1.502755355E2,-2.328750038E1,4.106250000E1,-1.140000057E1
1.507755355E2,-2.368125153E1,4.125000000E1,-1.113750076E1
1.512755355E2,-2.377500153E1,4.211250305E1,-1.110000038E1
1.517755355E2,-2.456250191E1,4.173750305E1,-1.098750019E1
1.522755355E2,-2.512500191E1,4.160625076E1,-9.881250381E0
1.527755355E2,-2.473125076E1,4.160625076E1,-1.021875000E1
1.532755355E2,-2.525625038E1,4.018125153E1,-9.993750572E0
1.537755355E2,-2.426250076E1,3.883125305E1,-1.020000076E1
1.542755355E2,-2.490000153E1,3.650625229E1,-9.975000381E0
1.547755355E2,-2.321250153E1,3.549375153E1,-1.016250038E1
1.552755355E2,-2.508750153E1,3.406875229E1,-9.731250763E0
1.557755355E2,-2.321250153E1,3.500625229E1,-9.600000381E0
1.562755355E2,-2.448750114E1,3.418125153E1,-9.581250191E0
1.567755355E2,-2.398125076E1,3.476250076E1,-9.393750191E0
1.572755355E2,-2.544375038E1,3.435000229E1,-9.787500381E0
1.577755355E2,-2.688750076E1,3.330000305E1,-1.091250038E1
1.582755355E2,-2.713125038E1,3.138750076E1,-1.269375038E1
1.587755355E2,-2.784375191E1,2.803125191E1,-1.396875095E1
1.592755355E2,-2.407500076E1,2.535000038E1,-1.627500153E1
1.597755355E2,-2.253750038E1,2.238750076E1,-1.929375076E1
1.602755355E2,-1.749375153E1,2.158125114E1,-2.248125076E1
1.607755355E2,-1.575000095E1,2.133750153E1,-2.407500076E1
1.612755355E2,-1.123125076E1,2.383125114E1,-2.448750114E1
1.617755355E2,-1.121250057E1,2.628750038E1,-2.570625114E1
1.622755355E2,-1.046250057E1,2.994375038E1,-2.516250038E1
1.627755355E2,-1.179375076E1,3.354375076E1,-2.398125076E1
1.632755355E2,-1.473750019E1,3.720000076E1,-2.218125153E1
1.637755355E2,-1.777500153E1,4.029375076E1,-1.989375114E1
1.642755355E2,-2.064375114E1,4.320000076E1,-1.693125153E1
1.647755355E2,-2.152500153E1,4.496250153E1,-1.545000076E1
1.652755355E2,-2.501250076E1,4.552500153E1,-1.548750019E1
1.657755355E2,-2.523750114E1,4.689375305E1,-1.582500076E1
1.662755355E2,-2.842500114E1,4.556250000E1,-1.584375095E1
1.667755355E2,-2.836875153E1,4.486875153E1,-1.725000000E1
1.672755355E2,-2.891250038E1,4.308750153E1,-1.843125153E1
1.677755355E2,-2.745000076E1,4.104375076E1,-2.011875153E1
1.682755355E2,-2.775000191E1,3.860625076E1,-2.092500114E1
1.687755355E2,-2.705625153E1,3.723750305E1,-2.053125000E1
1.692755355E2,-2.634375191E1,3.630000305E1,-1.948125076E1
1.697755355E2,-2.480625153E1,3.575625229E1,-1.843125153E1
1.702755355E2,-2.223750114E1,3.753750229E1,-1.644375038E1
1.707755355E2,-2.255625153E1,3.907500076E1,-1.365000057E1
1.712755355E2,-2.225625038E1,4.198125076E1,-1.211250019E1
1.717755355E2,-2.497500038E1,4.380000305E1,-1.044375038E1
1.722755355E2,-2.581875038E1,4.588125229E1,-1.059375000E1
1.727755355E2,-2.825625038E1,4.635000229E1,-1.020000076E1
1.732755355E2,-2.880000114E1,4.711875153E1,-9.768750191E0
1.737755355E2,-3.093750191E1,4.704375076E1,-9.131250381E0
1.742755355E2,-3.168750191E1,4.708125305E1,-9.881250381E0
1.747755355E2,-3.243750000E1,4.668750000E1,-1.074375057E1
1.752755355E2,-3.223125076E1,4.635000229E1,-1.136250019E1
1.757755355E2,-3.003750038E1,4.693125153E1,-1.250625038E1
1.762755355E2,-3.001875114E1,4.696875000E1,-1.393125057E1
1.767755355E2,-2.842500114E1,4.805625153E1,-1.608750153E1
1.772755355E2,-2.988750076E1,4.781250000E1,-1.704375076E1
1.777755355E2,-2.898750114E1,4.878750229E1,-1.792500114E1
1.782755355E2,-3.086250114E1,4.811250305E1,-1.860000038E1
1.787755355E2,-3.037500191E1,4.863750076E1,-1.946250153E1
1.792755355E2,-3.234375000E1,4.625625229E1,-1.938750076E1
1.797755355E2,-3.352500153E1,4.462500000E1,-1.888125038E1
1.802755355E2,-3.429375076E1,4.132500076E1,-1.801875114E1
1.807755355E2,-3.438750076E1,3.740625000E1,-1.693125153E1
1.812755355E2,-3.228750229E1,3.360000229E1,-1.706250000E1
1.817755355E2,-3.086250114E1,2.949375153E1,-1.700625038E1
1.822755355E2,-2.709375191E1,2.722500038E1,-1.711875153E1
1.827755355E2,-2.495625114E1,2.463750076E1,-1.666875076E1
1.832755355E2,-2.071875000E1,2.510625076E1,-1.642500114E1
1.837755355E2,-1.880625153E1,2.514375114E1,-1.650000000E1
1.842755355E2,-1.586250019E1,2.758125114E1,-1.753125000E1
1.847755355E2,-1.520625019E1,3.024375153E1,-1.933125114E1
1.852755355E2,-1.396875095E1,3.444375229E1,-2.135625076E1
1.857755355E2,-1.453125095E1,3.759375000E1,-2.364375114E1
1.862755355E2,-1.456875038E1,4.100625229E1,-2.506875038E1
1.867755355E2,-1.606875038E1,4.316250229E1,-2.653125191E1
1.872755355E2,-1.749375153E1,4.509375000E1,-2.690625191E1
1.877755355E2,-1.876875114E1,4.642500305E1,-2.724375153E1
1.882755355E2,-2.058750153E1,4.719375229E1,-2.632500076E1
1.887755355E2,-2.092500114E1,4.734375000E1,-2.529375076E1
1.892755355E2,-2.323125076E1,4.659375000E1,-2.383125114E1
1.897755355E2,-2.325000000E1,4.657500076E1,-2.210625076E1
1.902755355E2,-2.611875153E1,4.516875076E1,-2.081250000E1
1.907755355E2,-2.581875038E1,4.558125305E1,-1.965000153E1
1.912755355E2,-2.805000114E1,4.406250000E1,-1.950000000E1
1.917755355E2,-2.829375076E1,4.333125305E1,-1.876875114E1
1.922755355E2,-2.878125191E1,4.128750229E1,-1.861875153E1
1.927755355E2,-2.836875153E1,3.997500229E1,-1.803750038E1
1.932755355E2,-2.733750153E1,3.888750076E1,-1.816875076E1
1.937755355E2,-2.664375114E1,3.755625153E1,-1.805625153E1
1.942755355E2,-2.360625076E1,3.735000229E1,-1.786875153E1
1.947755355E2,-2.278125000E1,3.616875076E1,-1.747500038E1
1.952755355E2,-1.985625076E1,3.671250153E1,-1.670625114E1
1.957755355E2,-1.936875153E1,3.553125000E1,-1.655625153E1
1.962755355E2,-1.816875076E1,3.547500229E1,-1.620000076E1
1.967755355E2,-1.798125076E1,3.506250000E1,-1.571250057E1
1.972755355E2,-1.801875114E1,3.391875076E1,-1.466250038E1
1.977755355E2,-1.865625000E1,3.189375114E1,-1.357500076E1
1.982755355E2,-1.860000038E1,3.039375114E1,-1.276875019E1
1.987755355E2,-1.828125000E1,2.945625114E1,-1.128750038E1
1.992755355E2,-1.798125076E1,2.898750114E1,-1.029375076E1
1.997755355E2,-1.683750153E1,3.020625114E1,-1.035000038E1
2.002755355E2,-1.668750000E1,3.196875191E1,-1.141875076E1
2.007755355E2,-1.620000076E1,3.367500305E1,-1.359375095E1
2.012755355E2,-1.680000114E1,3.592500305E1,-1.651875114E1
2.017755355E2,-1.610625076E1,3.915000153E1,-1.951875114E1
2.022755355E2,-1.820625114E1,4.100625229E1,-2.280000114E1
2.027755355E2,-1.867500114E1,4.312500000E1,-2.664375114E1
2.032755355E2,-2.064375114E1,4.410000229E1,-2.986875153E1
2.037755355E2,-2.146875000E1,4.552500153E1,-3.157500076E1
2.042755355E2,-2.308125114E1,4.719375229E1,-3.243750000E1
2.047755355E2,-2.602500153E1,4.813125229E1,-3.262500000E1
2.052755355E2,-2.763750076E1,4.798125076E1,-3.343125153E1
2.057755355E2,-3.048750114E1,4.629375076E1,-3.399375153E1
2.062755355E2,-2.964375114E1,4.563750076E1,-3.406875229E1
2.067755355E2,-3.123750114E1,4.355625153E1,-3.354375076E1
2.072755355E2,-3.082500076E1,4.203750229E1,-3.324375153E1
2.077755355E2,-3.155625153E1,3.999375153E1,-3.523125076E1
2.082755355E2,-3.073125076E1,3.817500305E1,-3.350625229E1
2.087755355E2,-3.024375153E1,3.616875076E1,-3.320625305E1
2.092755355E2,-2.769375038E1,3.669375229E1,-3.168750191E1
2.097755355E2,-2.651250076E1,3.834375000E1,-3.022500038E1
2.102755355E2,-2.700000191E1,4.031250000E1,-2.739375114E1
2.107755355E2,-2.688750076E1,4.316250229E1,-2.591250038E1
2.112755355E2,-2.823750114E1,4.548750305E1,-2.343750000E1
2.117755355E2,-3.048750114E1,4.696875000E1,-2.238750076E1
2.122755355E2,-3.213750076E1,4.725000000E1,-2.049375153E1
2.127755355E2,-3.354375076E1,4.719375229E1,-1.800000000E1
2.132755355E2,-3.622500229E1,4.488750076E1,-1.556250095E1
2.137755355E2,-3.676875305E1,4.190625000E1,-1.436250019E1
2.142755355E2,-3.744375229E1,3.774375153E1,-1.449375057E1
2.147755355E2,-3.635625076E1,3.307500076E1,-1.648125076E1
2.152755355E2,-3.459375000E1,2.872500038E1,-1.839375114E1
2.157755355E2,-3.211875153E1,2.495625114E1,-2.015625000E1
2.162755355E2,-2.934375191E1,2.116875076E1,-2.328750038E1
2.167755355E2,-2.512500191E1,1.854375076E1,-2.660625076E1
2.172755355E2,-2.088750076E1,1.726875114E1,-3.016875076E1
2.177755355E2,-1.717500114E1,1.755000114E1,-3.343125153E1
2.182755355E2,-1.370625019E1,1.801875114E1,-3.658125305E1
2.187755355E2,-1.201875019E1,2.070000076E1,-3.673125076E1
2.192755355E2,-9.000000000E0,2.430000114E1,-3.727500153E1
2.197755355E2,-9.975000381E0,2.707500076E1,-3.841875076E1
2.202755355E2,-9.243750572E0,3.144375038E1,-3.905625153E1
2.207755355E2,-1.061250019E1,3.429375076E1,-3.937500000E1
2.212755355E2,-1.113750076E1,3.703125000E1,-3.911250305E1
2.217755355E2,-1.333125019E1,3.825000000E1,-3.864375305E1
2.222755355E2,-1.571250057E1,3.918750000E1,-3.821250153E1
2.227755355E2,-1.691250038E1,4.029375076E1,-3.823125076E1
2.232755355E2,-2.023125076E1,4.181250000E1,-3.901875305E1
2.237755355E2,-2.171250153E1,4.348125076E1,-3.931875229E1
2.242755355E2,-2.495625114E1,4.432500076E1,-3.890625000E1
2.247755355E2,-2.596875191E1,4.666875076E1,-3.991875076E1
2.252755355E2,-3.033750153E1,4.824375153E1,-4.035000229E1
2.257755355E2,-3.275625229E1,4.968750381E1,-4.158750153E1
2.262755355E2,-3.686250305E1,4.921875381E1,-4.342500305E1
2.267755355E2,-3.883125305E1,4.786875153E1,-4.584375000E1
2.272755355E2,-4.115625000E1,4.445625305E1,-4.674375153E1
2.277755355E2,-4.100625229E1,4.083750153E1,-4.801875305E1
2.282755355E2,-3.905625153E1,3.735000229E1,-4.813125229E1
2.287755355E2,-3.742500305E1,3.296250153E1,-4.811250305E1
2.292755355E2,-3.367500305E1,2.958750153E1,-4.820625305E1
2.297755355E2,-3.015000153E1,2.626875114E1,-4.711875153E1
2.302755355E2,-2.585625076E1,2.456250191E1,-4.471875000E1
2.307755355E2,-2.306250000E1,2.345625114E1,-4.050000000E1
2.312755355E2,-1.940625000E1,2.443125153E1,-3.701250076E1
2.317755355E2,-1.860000038E1,2.533125114E1,-3.373125076E1
2.322755355E2,-1.771875000E1,2.756250191E1,-3.206250000E1
2.327755355E2,-1.998750114E1,2.926875114E1,-3.039375114E1
2.332755355E2,-1.993125153E1,3.127500153E1,-2.977500153E1
2.337755355E2,-2.214375114E1,3.234375000E1,-2.908125114E1
2.342755355E2,-2.353125000E1,3.391875076E1,-2.917500114E1
2.347755355E2,-2.591250038E1,3.523125076E1,-2.958750153E1
2.352755355E2,-2.664375114E1,3.622500229E1,-3.039375114E1
2.357755355E2,-2.700000191E1,3.600000000E1,-3.189375114E1
2.362755355E2,-2.726250076E1,3.504375076E1,-3.266250229E1
2.367755355E2,-2.677500153E1,3.380625153E1,-3.318750000E1
2.372755355E2,-2.709375191E1,3.238125229E1,-3.279375076E1
2.377755355E2,-2.666250038E1,3.095625114E1,-3.204375076E1
2.382755355E2,-2.735625076E1,2.846250153E1,-3.090000153E1
2.387755355E2,-2.656875038E1,2.593125153E1,-2.951250076E1
2.392755355E2,-2.598750114E1,2.338125038E1,-2.808750153E1
2.397755355E2,-2.430000114E1,2.268750000E1,-2.611875153E1
2.402755355E2,-2.392500114E1,2.231250000E1,-2.364375114E1
2.407755355E2,-2.236875153E1,2.311875153E1,-2.190000153E1
2.412755355E2,-2.233125114E1,2.362500000E1,-1.995000076E1
2.417755355E2,-2.115000153E1,2.521875191E1,-1.927500153E1
2.422755355E2,-2.143125153E1,2.673750114E1,-1.899375153E1
2.427755355E2,-2.180625153E1,2.878125191E1,-1.899375153E1
2.432755355E2,-2.345625114E1,2.930625153E1,-2.004375076E1
2.437755355E2,-2.503125191E1,2.962500191E1,-2.030625153E1
2.442755355E2,-2.621250153E1,2.930625153E1,-2.056875038E1
2.447755355E2,-2.716875076E1,2.966250038E1,-2.043750000E1
2.452755355E2,-2.780625153E1,3.035625076E1,-2.090625000E1
2.457755355E2,-2.881875038E1,3.103125191E1,-2.060625076E1
2.462755355E2,-2.846250153E1,3.240000153E1,-2.109375000E1
2.467755355E2,-2.962500191E1,3.311250305E1,-2.141250038E1
2.472755355E2,-2.928750038E1,3.495000076E1,-2.107500076E1
2.477755355E2,-3.099375153E1,3.500625229E1,-2.053125000E1
2.482755355E2,-3.093750191E1,3.594375229E1,-2.026875114E1
2.487755355E2,-3.208125305E1,3.480000305E1,-2.036250114E1
2.492755355E2,-3.024375153E1,3.500625229E1,-1.993125153E1
2.497755355E2,-3.052500153E1,3.410625076E1,-1.981875038E1
2.502755355E2,-2.968125153E1,3.384375000E1,-1.944375038E1
2.507755355E2,-2.842500114E1,3.365625000E1,-1.957500076E1
2.512755355E2,-2.700000191E1,3.391875076E1,-1.968750000E1
2.517755355E2,-2.465625191E1,3.581250000E1,-2.056875038E1
2.522755355E2,-2.521875191E1,3.648750305E1,-2.111250114E1
2.527755355E2,-2.349375153E1,3.946875000E1,-2.190000153E1
2.532755355E2,-2.561250114E1,4.050000000E1,-2.253750038E1
2.537755355E2,-2.536875153E1,4.218750000E1,-2.353125000E1
2.542755355E2,-2.778750038E1,4.177500153E1,-2.343750000E1
2.547755355E2,-2.769375038E1,4.188750076E1,-2.302500153E1
2.552755355E2,-2.988750076E1,3.986250305E1,-2.248125076E1
2.557755355E2,-3.045000076E1,3.845625305E1,-2.158125114E1
2.562755355E2,-3.041250038E1,3.750000000E1,-2.148750114E1
2.567755355E2,-3.082500076E1,3.646875000E1,-2.150625038E1
2.572755355E2,-3.046875191E1,3.562500000E1,-2.212500000E1
2.577755355E2,-3.088125038E1,3.481875229E1,-2.205000114E1
2.582755355E2,-2.986875153E1,3.558750153E1,-2.257500076E1
2.587755355E2,-3.076875114E1,3.528750229E1,-2.347500038E1
2.592755355E2,-2.988750076E1,3.654375076E1,-2.377500153E1
2.597755355E2,-3.103125191E1,3.639375305E1,-2.441250038E1
2.602755355E2,-2.992500114E1,3.697500229E1,-2.529375076E1
2.607755355E2,-3.150000191E1,3.663750076E1,-2.593125153E1
2.612755355E2,-3.095625114E1,3.740625000E1,-2.623125076E1
2.617755355E2,-3.294375229E1,3.626250076E1,-2.722500038E1
2.622755355E2,-3.300000000E1,3.549375153E1,-2.771250153E1
2.627755355E2,-3.316875076E1,3.412500000E1,-2.763750076E1
2.632755355E2,-3.283125305E1,3.348750305E1,-2.885625076E1
2.637755355E2,-3.285000229E1,3.296250153E1,-2.911875153E1
2.642755355E2,-3.393750000E1,3.198750114E1,-2.874375153E1
2.647755355E2,-3.337500000E1,3.041250038E1,-2.842500114E1
2.652755355E2,-3.406875229E1,2.763750076E1,-2.829375076E1
2.657755355E2,-3.135000038E1,2.700000191E1,-2.808750153E1
2.662755355E2,-3.031875038E1,2.486250114E1,-2.735625076E1
2.667755355E2,-2.752500153E1,2.460000038E1,-2.761875153E1
2.672755355E2,-2.645625114E1,2.471250153E1,-2.756250191E1
2.677755355E2,-2.347500038E1,2.608125114E1,-2.829375076E1
2.682755355E2,-2.300625038E1,2.595000076E1,-2.949375153E1
2.687755355E2,-2.053125000E1,2.713125038E1,-3.093750191E1
2.692755355E2,-1.903125000E1,2.857500076E1,-3.221250153E1
2.697755355E2,-1.850625038E1,3.016875076E1,-3.281250000E1
2.702755355E2,-1.888125038E1,3.148125076E1,-3.268125153E1
2.707755355E2,-2.028750038E1,3.232500076E1,-3.153750038E1
2.712755355E2,-2.126250076E1,3.174375153E1,-3.071250153E1
2.717755355E2,-2.304375076E1,3.015000153E1,-2.966250038E1
2.722755355E2,-2.375625038E1,2.896875191E1,-2.808750153E1
2.727755355E2,-2.615625191E1,2.722500038E1,-2.587500191E1
2.732755355E2,-2.846250153E1,2.518125153E1,-2.418750191E1
2.737755355E2,-3.159375191E1,2.139375114E1,-2.386875153E1
2.742755355E2,-3.270000076E1,1.998750114E1,-2.355000114E1
2.747755355E2,-3.270000076E1,2.062500000E1,-2.334375000E1
2.752755355E2,-3.343125153E1,2.103750038E1,-2.253750038E1
2.757755355E2,-3.510000229E1,2.008125114E1,-2.101875114E1
2.762755355E2,-3.564375305E1,1.995000076E1,-1.957500076E1
2.767755355E2,-3.575625229E1,2.019375038E1,-1.856250000E1
2.772755355E2,-3.624375153E1,2.028750038E1,-1.668750000E1
2.777755355E2,-3.515625000E1,2.285625076E1,-1.518750095E1
2.782755355E2,-3.579375076E1,2.371875000E1,-1.329375076E1
2.787755355E2,-3.731250000E1,2.325000000E1,-1.295625019E1
2.792755355E2,-3.796875000E1,2.281875038E1,-1.231875038E1
2.797755355E2,-3.723750305E1,2.386875153E1,-1.261875057E1
2.802755355E2,-3.708750153E1,2.430000114E1,-1.327500057E1
2.807755355E2,-3.660000229E1,2.505000114E1,-1.380000019E1
2.812755355E2,-3.575625229E1,2.621250153E1,-1.455000019E1
2.817755355E2,-3.555000305E1,2.670000076E1,-1.485000038E1
2.822755355E2,-3.457500076E1,2.756250191E1,-1.556250095E1
2.827755355E2,-3.450000000E1,2.763750076E1,-1.483125019E1
2.832755355E2,-3.292500305E1,2.872500038E1,-1.548750019E1
2.837755355E2,-3.301875305E1,2.876250076E1,-1.496250057E1
2.842755355E2,-3.240000153E1,2.934375191E1,-1.425000095E1
2.847755355E2,-3.301875305E1,2.859375191E1,-1.321875095E1
2.852755355E2,-3.260625076E1,2.868750191E1,-1.258125019E1
2.857755355E2,-3.286875153E1,2.820000076E1,-1.160625076E1
2.862755355E2,-3.189375114E1,2.857500076E1,-1.050000000E1
2.867755355E2,-3.191250038E1,2.799375153E1,-1.040625000E1
2.872755355E2,-3.221250153E1,2.737500191E1,-9.431250572E0
2.877755355E2,-3.226875305E1,2.638125038E1,-9.693750381E0
2.882755355E2,-3.225000000E1,2.550000191E1,-9.637500763E0
2.887755355E2,-3.095625114E1,2.456250191E1,-1.280625057E1
2.892755355E2,-3.030000114E1,2.343750000E1,-1.246875095E1
2.897755355E2,-2.872500038E1,2.364375114E1,-1.374375057E1
2.902755355E2,-2.761875153E1,2.156250000E1,-1.316250038E1
2.907755355E2,-2.557500076E1,2.152500153E1,-1.423125076E1
2.912755355E2,-2.551875114E1,1.951875114E1,-1.670625114E1
2.917755355E2,-2.328750038E1,2.064375114E1,-1.749375153E1
2.922755355E2,-2.418750191E1,1.938750076E1,-1.933125114E1
2.927755355E2,-2.274375153E1,2.180625153E1,-1.691250038E1
2.932755355E2,-2.437500191E1,2.055000114E1,-1.801875114E1
2.937755355E2,-2.574375153E1,2.047500038E1,-1.749375153E1
2.942755355E2,-2.611875153E1,2.034375000E1,-1.861875153E1
2.947755355E2,-2.606250191E1,2.098125076E1,-1.807500076E1
2.952755355E2,-2.623125076E1,2.094375038E1,-1.828125000E1
2.957755355E2,-2.626875114E1,2.090625000E1,-1.860000038E1
2.962755355E2,-2.589375114E1,2.133750153E1,-1.876875114E1
2.967755355E2,-2.591250038E1,2.055000114E1,-1.880625153E1
2.972755355E2,-2.458125114E1,2.139375114E1,-1.955625153E1
2.977755355E2,-2.242500114E1,2.171250153E1,-1.920000076E1
2.982755355E2,-2.073750114E1,2.201250076E1,-1.893750000E1
2.987755355E2,-1.921875000E1,2.118750000E1,-1.861875153E1
2.992755355E2,-1.741875076E1,2.011875153E1,-1.882500076E1
2.997755355E2,-1.580625057E1,1.854375076E1,-1.910625076E1
3.002755355E2,-1.451250076E1,1.751250076E1,-1.905000114E1
3.007755355E2,-1.321875095E1,1.659375000E1,-1.903125000E1
3.012755355E2,-1.312500095E1,1.586250019E1,-1.818750000E1
3.017755355E2,-1.288125038E1,1.539375019E1,-1.794375038E1
3.022755355E2,-1.226250076E1,1.569375038E1,-1.743750000E1
3.027755355E2,-1.366875076E1,1.518750095E1,-1.723125076E1
3.032755355E2,-1.291875076E1,1.681875038E1,-1.631250000E1
3.037755355E2,-1.376250076E1,1.749375153E1,-1.599375057E1
3.042755355E2,-1.398750019E1,1.890000153E1,-1.503750038E1
3.047755355E2,-1.578750038E1,1.899375153E1,-1.468125057E1
3.052755355E2,-1.526250076E1,2.017500114E1,-1.445625019E1
3.057755355E2,-1.638750076E1,1.991250038E1,-1.498125076E1
3.062755355E2,-1.702500153E1,1.970625114E1,-1.548750019E1
3.067755355E2,-1.666875076E1,2.000625038E1,-1.629375076E1
3.072755355E2,-1.685625076E1,2.004375076E1,-1.721250153E1
3.077755355E2,-1.734375000E1,2.064375114E1,-1.708125114E1
3.082755355E2,-1.670625114E1,2.171250153E1,-1.738125038E1
3.087755355E2,-1.666875076E1,2.261250114E1,-1.790625000E1
3.092755355E2,-1.614375114E1,2.377500153E1,-1.831875038E1
3.097755355E2,-1.537500095E1,2.490000153E1,-1.481250095E1
3.102755355E2,-1.470000076E1,2.662500191E1,-1.490625095E1
3.107755355E2,-1.543125057E1,2.756250191E1,-1.473750019E1
3.112755355E2,-1.531875038E1,2.851875114E1,-1.488750076E1
3.117755355E2,-1.650000000E1,2.859375191E1,-1.511250019E1
3.122755355E2,-1.618125153E1,2.896875191E1,-1.561875057E1
3.127755355E2,-1.648125076E1,2.893125153E1,-1.591875076E1
3.132755355E2,-1.590000057E1,2.938125038E1,-1.580625057E1
3.137755355E2,-1.606875038E1,2.941875076E1,-1.588125038E1
3.142755355E2,-1.479375076E1,2.983125114E1,-1.498125076E1
3.147755355E2,-1.423125076E1,2.966250038E1,-1.526250076E1
3.152755355E2,-1.301250076E1,2.981250191E1,-1.411875057E1
3.157755355E2,-1.192500019E1,2.983125114E1,-1.398750019E1
3.162755355E2,-1.074375057E1,2.992500114E1,-1.299375057E1
3.167755355E2,-9.225000381E0,3.024375153E1,-1.239375019E1
3.172755355E2,-8.156250000E0,2.981250191E1,-1.186875057E1
3.177755355E2,-6.675000191E0,3.037500191E1,-1.132500076E1
3.182755355E2,-6.675000191E0,2.970000076E1,-1.153125000E1
3.187755355E2,-4.762500286E0,3.030000114E1,-1.057500076E1
3.192755355E2,-1.968750119E0,3.208125305E1,-1.046250057E1
3.197755355E2,1.312500000E0,3.571875000E1,-8.568750381E0
3.202755355E2,8.062500358E-1,3.763125229E1,-8.081250191E0
3.207755355E2,1.725000024E0,4.081875229E1,-7.237500191E0
3.212755355E2,-2.175000191E0,4.222500229E1,-7.725000381E0
3.217755355E2,-4.968750000E0,4.265625000E1,-7.725000381E0
3.222755355E2,-7.987500191E0,4.338750076E1,-8.306250572E0
3.227755355E2,-1.196250057E1,4.340625000E1,-9.487500191E0
3.232755355E2,-1.749375153E1,4.102500153E1,-1.065000057E1
3.237755355E2,-1.968750000E1,3.819375229E1,-1.820625114E1
3.242755355E2,-2.255625153E1,3.481875229E1,-1.961250114E1
3.247755355E2,-2.390625000E1,3.157500076E1,-2.150625038E1
3.252755355E2,-2.409375191E1,2.761875153E1,-2.221875000E1
3.257755355E2,-2.212500000E1,2.677500153E1,-2.278125000E1
3.262755355E2,-2.178750038E1,2.512500191E1,-2.313750076E1
3.267755355E2,-2.047500038E1,2.448750114E1,-2.270625114E1
3.272755355E2,-1.771875000E1,2.604375076E1,-2.356875038E1
3.277755355E2,-1.781250000E1,2.638125038E1,-2.366250038E1
3.282755355E2,-1.554375076E1,2.851875114E1,-2.345625114E1
3.287755355E2,-1.586250019E1,2.925000191E1,-2.295000076E1
3.292755355E2,-1.381875038E1,3.221250153E1,-2.242500114E1
3.297755355E2,-1.434375095E1,3.281250000E1,-2.223750114E1
3.302755355E2,-1.355625057E1,3.345000076E1,-2.255625153E1
3.307755355E2,-1.299375057E1,3.386250305E1,-2.231250000E1
3.312755355E2,-1.350000095E1,3.384375000E1,-2.101875114E1
3.317755355E2,-1.340625095E1,3.378750229E1,-2.056875038E1
3.322755355E2,-1.552500057E1,3.228750229E1,-1.981875038E1
3.327755355E2,-1.580625057E1,3.221250153E1,-1.916250038E1
3.332755355E2,-1.728750038E1,3.118125153E1,-1.950000000E1
3.337755355E2,-1.700625038E1,3.110625076E1,-1.931250000E1
3.342755355E2,-1.723125076E1,3.125625038E1,-1.845000076E1
3.347755355E2,-1.760625076E1,3.131250191E1,-1.820625114E1
3.352755355E2,-1.816875076E1,3.163125038E1,-1.818750000E1
3.357755355E2,-1.835625076E1,3.208125305E1,-1.788750076E1
3.362755355E2,-1.715625000E1,3.333750153E1,-1.736250114E1
3.367755355E2,-1.897500038E1,3.264375305E1,-1.783125114E1
3.372755355E2,-1.895625114E1,3.330000305E1,-1.762500000E1
3.377755355E2,-2.066250038E1,3.300000000E1,-1.706250000E1
3.382755355E2,-2.259375000E1,3.211875153E1,-1.657500076E1
3.387755355E2,-2.396250153E1,3.185625076E1,-1.631250000E1
3.392755355E2,-2.595000076E1,3.076875114E1,-1.605000114E1
3.397755355E2,-2.673750114E1,3.080625153E1,-1.518750095E1
3.402755355E2,-2.881875038E1,2.968125153E1,-1.511250019E1
3.407755355E2,-2.898750114E1,3.022500038E1,-1.200000000E1
3.412755355E2,-3.039375114E1,2.895000076E1,-9.150000572E0
3.417755355E2,-2.998125076E1,3.020625114E1,-8.062500000E0
3.422755355E2,-2.996250153E1,3.073125076E1,-7.200000286E0
3.427755355E2,-3.110625076E1,3.009375191E1,-6.225000381E0
3.432755355E2,-3.086250114E1,3.056250191E1,-4.856250286E0
3.437755355E2,-3.279375076E1,2.889375114E1,-4.800000191E0
3.442755355E2,-3.283125305E1,2.857500076E1,-3.862500191E0
3.447755355E2,-3.350625229E1,2.731875038E1,-5.118750095E0
3.452755355E2,-3.313125229E1,2.765625191E1,-6.000000000E0
3.457755355E2,-3.431250000E1,2.585625076E1,-6.787500381E0
3.462755355E2,-3.474375153E1,2.454375076E1,-7.218750477E0
3.467755355E2,-3.350625229E1,2.523750114E1,-7.650000095E0
3.472755355E2,-3.446250153E1,2.394375038E1,-8.118750572E0
3.477755355E2,-3.309375000E1,2.514375114E1,-7.593750477E0
3.482755355E2,-3.395625305E1,2.388750076E1,-7.968750477E0
3.487755355E2,-3.281250000E1,2.497500038E1,-7.481250286E0
3.492755355E2,-3.333750153E1,2.411250114E1,-7.931250095E0
3.497755355E2,-3.279375076E1,2.484375191E1,-7.162500381E0
3.502755355E2,-3.245625305E1,2.508750153E1,-7.012500286E0
3.507755355E2,-3.333750153E1,2.396250153E1,-6.393750191E0
3.512755355E2,-3.251250076E1,2.516250038E1,-5.981250286E0
3.517755355E2,-3.311250305E1,2.456250191E1,-5.812500000E0
3.522755355E2,-3.202500153E1,2.660625076E1,-5.531250000E0
3.527755355E2,-3.406875229E1,2.640000153E1,-6.543750286E0
3.532755355E2,-3.307500076E1,2.880000114E1,-6.600000381E0
3.537755355E2,-3.386250305E1,2.829375076E1,-6.618750095E0
3.542755355E2,-3.303750229E1,2.940000153E1,-6.093750477E0
3.547755355E2,-3.309375000E1,3.026250076E1,-6.206250191E0
3.552755355E2,-3.361875153E1,2.977500153E1,-6.075000286E0
3.557755355E2,-3.386250305E1,2.932500076E1,-6.431250095E0
3.562755355E2,-3.521250153E1,2.750625038E1,-7.537500381E0
3.567755355E2,-3.399375153E1,2.850000191E1,-7.687500477E0
3.572755355E2,-3.556875229E1,2.683125114E1,-7.837500095E0
3.577755355E2,-3.547500229E1,2.716875076E1,-7.462500095E0
3.582755355E2,-3.641250229E1,2.647500038E1,-7.725000381E0
3.587755355E2,-3.637500000E1,2.634375191E1,-7.500000477E0
3.592755355E2,-3.635625076E1,2.673750114E1,-7.931250095E0
3.597755355E2,-3.609375000E1,2.707500076E1,-8.231250763E0
3.602755355E2,-3.414375305E1,2.947500038E1,-7.631250381E0
3.607755355E2,-3.525000000E1,2.835000038E1,-6.993750095E0
3.612755355E2,-3.393750000E1,2.988750076E1,-7.725000381E0
3.617755355E2,-3.277500153E1,3.086250114E1,-8.400000572E0
3.622755355E2,-3.277500153E1,3.095625114E1,-7.706250191E0
3.627755355E2,-3.273750305E1,3.120000076E1,-6.562500477E0
3.632755355E2,-3.215625000E1,3.174375153E1,-4.612500191E0
3.637755355E2,-3.294375229E1,3.099375153E1,-3.075000048E0
3.642755355E2,-3.461250305E1,2.930625153E1,-1.818750024E0
3.647755355E2,-3.425625229E1,2.992500114E1,-1.650000095E0
3.652755355E2,-3.526875305E1,2.868750191E1,4.312500060E-1
3.657755355E2,-3.585000229E1,2.816250038E1,1.500000000E0
3.662755355E2,-3.615000153E1,2.773125076E1,1.706250072E0
3.667755355E2,-3.605625153E1,2.771250153E1,9.937500358E-1
3.672755355E2,-3.718125153E1,2.664375114E1,-5.625000224E-2
3.677755355E2,-3.607500076E1,2.784375191E1,-4.687500298E-1
3.682755355E2,-3.541875076E1,2.876250076E1,-8.625000119E-1
3.687755355E2,-3.399375153E1,3.000000191E1,-3.187500238E-1
3.692755355E2,-3.354375076E1,3.086250114E1,-1.106250048E0
3.697755355E2,-3.408750153E1,3.037500191E1,-8.250000477E-1
3.702755355E2,-3.316875076E1,3.116250038E1,-1.106250048E0
3.707755355E2,-3.361875153E1,3.037500191E1,-1.275000095E0
3.712755355E2,-3.219375229E1,3.159375191E1,-1.612500072E0
3.717755355E2,-3.331875229E1,3.001875114E1,-2.212500095E0
3.722755355E2,-3.258750153E1,3.116250038E1,-2.756250143E0
3.727755355E2,-3.470625305E1,2.919375038E1,-4.537500381E0
3.732755355E2,-3.453750229E1,3.028125191E1,-5.212500095E0
3.737755355E2,-3.523125076E1,2.915625191E1,-6.487500191E0
3.742755355E2,-3.536250305E1,2.926875114E1,-6.600000381E0
3.747755355E2,-3.532500076E1,2.947500038E1,-7.818750381E0
3.752755355E2,-3.603750229E1,2.880000114E1,-8.268750191E0
3.757755355E2,-3.528750229E1,2.956875038E1,-9.356250763E0
3.762755355E2,-3.588750076E1,2.896875191E1,-1.021875000E1
3.767755355E2,-3.418125153E1,3.080625153E1,-1.156875038E1
3.772755355E2,-3.386250305E1,3.095625114E1,-1.265625095E1
3.777755355E2,-3.198750114E1,3.255000305E1,-1.411875057E1
3.782755355E2,-3.183750153E1,3.240000153E1,-1.541250038E1
3.787755355E2,-2.947500038E1,3.388125229E1,-1.655625153E1
3.792755355E2,-2.934375191E1,3.348750305E1,-1.800000000E1
3.797755355E2,-2.791875076E1,3.493125153E1,-1.837500000E1
3.802755355E2,-2.840625191E1,3.427500153E1,-1.916250038E1
3.807755355E2,-2.808750153E1,3.474375153E1,-1.888125038E1
3.812755355E2,-2.797500038E1,3.440625000E1,-1.983750153E1
3.817755355E2,-2.831250191E1,3.442500305E1,-1.946250153E1
3.822755355E2,-2.799375153E1,3.461250305E1,-2.032500076E1
3.827755355E2,-2.968125153E1,3.365625000E1,-2.040000153E1
3.832755355E2,-3.050625038E1,3.324375153E1,-1.995000076E1
3.837755355E2,-3.283125305E1,3.144375038E1,-1.955625153E1
3.842755355E2,-3.330000305E1,3.140625191E1,-1.878750038E1
3.847755355E2,-3.521250153E1,3.001875114E1,-1.801875114E1
3.852755355E2,-3.566250229E1,3.060000038E1,-1.644375038E1
3.857755355E2,-3.656250000E1,3.003750038E1,-1.535625076E1
3.862755355E2,-3.661875153E1,3.037500191E1,-1.408125019E1
3.867755355E2,-3.639375305E1,3.086250114E1,-1.303125095E1
3.872755355E2,-3.573750305E1,3.170625114E1,-1.273125076E1
3.877755355E2,-3.528750229E1,3.225000000E1,-1.280625057E1
3.882755355E2,-3.468750000E1,3.271875000E1,-1.299375057E1
3.887755355E2,-3.369375229E1,3.376875305E1,-1.260000038E1
3.892755355E2,-3.442500305E1,3.333750153E1,-1.297500038E1
3.897755355E2,-3.414375305E1,3.358125305E1,-1.357500076E1
3.902755355E2,-3.457500076E1,3.307500076E1,-1.338750076E1
3.907755355E2,-3.423750305E1,3.320625305E1,-1.336875057E1
3.912755355E2,-3.465000153E1,3.268125153E1,-1.282500076E1
3.917755355E2,-3.376875305E1,3.378750229E1,-1.252500057E1
3.922755355E2,-3.451875305E1,3.307500076E1,-1.147500038E1
3.927755355E2,-3.397500229E1,3.331875229E1,-1.190625000E1
3.932755355E2,-3.448125076E1,3.315000153E1,-1.140000057E1
3.937755355E2,-3.423750305E1,3.365625000E1,-1.076250076E1
3.942755355E2,-3.423750305E1,3.361875153E1,-1.117500019E1
3.947755355E2,-3.478125000E1,3.328125000E1,-1.059375000E1
3.952755355E2,-3.459375000E1,3.346875000E1,-1.091250038E1
3.957755355E2,-3.540000153E1,3.251250076E1,-1.100625038E1
3.962755355E2,-3.549375153E1,3.221250153E1,-1.192500019E1
3.967755355E2,-3.723750305E1,3.048750114E1,-1.170000076E1
3.972755355E2,-3.725625229E1,3.041250038E1,-1.190625000E1
3.977755355E2,-3.877500153E1,2.863125038E1,-1.194375038E1
3.982755355E2,-3.931875229E1,2.810625076E1,-1.117500019E1
3.987755355E2,-4.046250153E1,2.677500153E1,-1.055625057E1
3.992755355E2,-4.029375076E1,2.709375191E1,-8.868750572E0
3.997755355E2,-4.095000076E1,2.658750153E1,-7.350000381E0
4.002755355E2,-4.050000000E1,2.730000114E1,-5.362500191E0
4.007755355E2,-4.008750153E1,2.788125038E1,-5.175000191E0
4.012755355E2,-4.048125076E1,2.731875038E1,-4.575000286E0
4.017755355E2,-4.001250076E1,2.803125191E1,-4.743750095E0
4.022755355E2,-4.038750076E1,2.746875191E1,-4.312500000E0
4.027755355E2,-3.971250153E1,2.846250153E1,-4.800000191E0
4.032755355E2,-4.057500076E1,2.724375153E1,-5.906250000E0
4.037755355E2,-4.061250305E1,2.698125076E1,-7.256250381E0
4.042755355E2,-4.164375305E1,2.557500076E1,-8.456250191E0
4.047755355E2,-4.098750305E1,2.628750038E1,-7.800000191E0
4.052755355E2,-4.055625153E1,2.683125114E1,-7.462500095E0
4.057755355E2,-3.943125153E1,2.786250114E1,-6.487500191E0
4.062755355E2,-3.866250229E1,2.885625076E1,-6.450000286E0
4.067755355E2,-3.819375229E1,2.917500114E1,-5.756250381E0
4.072755355E2,-3.744375229E1,3.031875038E1,-4.575000286E0
4.077755355E2,-3.703125000E1,3.091875076E1,-2.943750143E0
4.082755355E2,-3.577500153E1,3.236250305E1,-2.325000048E0
4.087755355E2,-3.705000305E1,3.075000191E1,-2.381250143E0
4.092755355E2,-3.594375229E1,3.195000076E1,-2.512500048E0
4.097755355E2,-3.695625305E1,3.063750076E1,-2.231250048E0
4.102755355E2,-3.616875076E1,3.105000114E1,-1.668750048E0
4.107755355E2,-3.680625153E1,3.000000191E1,-2.193750143E0
4.112755355E2,-3.616875076E1,2.973750114E1,-4.406250000E0
4.117755355E2,-3.633750153E1,2.900625038E1,-6.937500477E0
4.122755355E2,-3.706875229E1,2.825625038E1,-6.806250095E0
4.127755355E2,-3.643125153E1,2.908125114E1,-7.143750191E0
4.132755355E2,-3.783750153E1,2.745000076E1,-6.675000191E0
4.137755355E2,-3.667500305E1,2.851875114E1,-6.543750286E0
4.142755355E2,-3.778125000E1,2.728125191E1,-6.168750286E0
4.147755355E2,-3.639375305E1,2.865000153E1,-6.225000381E0
4.152755355E2,-3.780000305E1,2.737500191E1,-4.931250095E0
4.157755355E2,-3.648750305E1,2.904375076E1,-2.906250000E0
4.162755355E2,-3.667500305E1,2.863125038E1,-2.850000143E0
4.167755355E2,-3.549375153E1,2.971875191E1,-2.437500000E0
4.172755355E2,-3.553125000E1,2.938125038E1,-3.093750238E0
4.177755355E2,-3.538125229E1,2.919375038E1,-3.225000143E0
4.182755355E2,-3.519375229E1,2.943750191E1,-4.162500381E0
4.187755355E2,-3.571875000E1,2.881875038E1,-3.393750191E0
4.192755355E2,-3.483750153E1,3.020625114E1,-3.337500095E0
4.197755355E2,-3.575625229E1,2.923125076E1,-2.962500095E0
4.202755355E2,-3.472500229E1,3.067500114E1,-3.150000095E0
4.207755355E2,-3.592500305E1,2.975625038E1,-2.418750048E0
4.212755355E2,-3.472500229E1,3.135000038E1,-1.893750072E0
4.217755355E2,-3.598125076E1,3.045000076E1,-1.725000024E0
4.222755355E2,-3.498750305E1,3.172500038E1,-9.375000596E-1
4.227755355E2,-3.577500153E1,3.105000114E1,-1.425000072E0
4.232755355E2,-3.543750000E1,3.133125114E1,-1.312500089E-1
4.237755355E2,-3.517500305E1,3.151875114E1,-3.937500119E-1
4.242755355E2,-3.534375000E1,3.123750114E1,-2.062500119E-1
4.247755355E2,-3.444375229E1,3.219375229E1,-1.125000000E0
4.252755355E2,-3.485625076E1,3.140625191E1,-8.437500596E-1
4.257755355E2,-3.324375153E1,3.283125305E1,-1.312500089E-1
4.262755355E2,-3.391875076E1,3.187500191E1,-7.125000358E-1
4.267755355E2,-3.309375000E1,3.268125153E1,-5.812500119E-1
4.272755355E2,-3.348750305E1,3.187500191E1,-2.231250048E0
4.277755355E2,-3.290625000E1,3.226875305E1,-3.318750143E0
4.282755355E2,-3.189375114E1,3.288750076E1,-4.818750381E0
4.287755355E2,-3.230625153E1,3.219375229E1,-5.943750381E0
4.292755355E2,-3.045000076E1,3.305625153E1,-8.287500381E0
4.297755355E2,-3.178125191E1,3.161250114E1,-1.066875076E1
4.302755355E2,-2.953125191E1,3.285000229E1,-1.198125076E1
4.307755355E2,-3.041250038E1,3.116250038E1,-1.353750038E1
4.312755355E2,-2.949375153E1,3.161250114E1,-1.468125057E1
4.317755355E2,-3.031875038E1,3.001875114E1,-1.599375057E1
4.322755355E2,-3.088125038E1,2.953125191E1,-1.710000038E1
4.327755355E2,-2.968125153E1,3.050625038E1,-1.794375038E1
4.332755355E2,-3.005625153E1,3.037500191E1,-1.741875076E1
4.337755355E2,-2.786250114E1,3.202500153E1,-1.813125038E1
4.342755355E2,-2.896875191E1,3.121875191E1,-1.880625153E1
4.347755355E2,-2.666250038E1,3.326250076E1,-1.938750076E1
4.352755355E2,-2.666250038E1,3.328125000E1,-1.946250153E1
4.357755355E2,-2.458125114E1,3.511875153E1,-1.985625076E1
4.362755355E2,-2.403750038E1,3.566250229E1,-1.920000076E1
4.367755355E2,-2.424375153E1,3.558750153E1,-1.903125000E1
4.372755355E2,-2.461875153E1,3.519375229E1,-1.938750076E1
4.377755355E2,-2.574375153E1,3.465000153E1,-1.850625038E1
4.382755355E2,-2.531250191E1,3.500625229E1,-1.788750076E1
4.387755355E2,-2.655000114E1,3.440625000E1,-1.631250000E1
4.392755355E2,-2.643750191E1,3.480000305E1,-1.473750019E1
4.397755355E2,-2.778750038E1,3.425625229E1,-1.286250019E1
4.402755355E2,-2.848125076E1,3.365625000E1,-1.096875000E1
4.407755355E2,-2.889375114E1,3.346875000E1,-8.981250763E0
4.412755355E2,-2.930625153E1,3.316875076E1,-7.781250477E0
4.417755355E2,-2.971875191E1,3.279375076E1,-7.143750191E0
4.422755355E2,-3.082500076E1,3.204375076E1,-6.187500477E0
4.427755355E2,-3.045000076E1,3.232500076E1,-6.300000191E0
4.432755355E2,-3.108750153E1,3.148125076E1,-6.693750381E0
4.437755355E2,-3.016875076E1,3.180000114E1,-7.181250095E0
4.442755355E2,-2.975625038E1,3.140625191E1,-9.131250381E0
4.447755355E2,-2.887500191E1,3.150000191E1,-1.044375038E1
4.452755355E2,-2.808750153E1,3.118125153E1,-1.196250057E1
4.457755355E2,-2.670000076E1,3.097500038E1,-1.342500019E1
4.462755355E2,-2.426250076E1,3.127500153E1,-1.464375019E1
4.467755355E2,-2.291250038E1,3.043125153E1,-1.646250153E1
4.472755355E2,-1.985625076E1,3.118125153E1,-1.756875038E1
4.477755355E2,-1.891875076E1,3.091875076E1,-1.871250153E1
4.482755355E2,-1.689375114E1,3.161250114E1,-1.921875000E1
4.487755355E2,-1.586250019E1,3.140625191E1,-2.028750038E1
4.492755355E2,-1.432500076E1,3.195000076E1,-2.036250114E1
4.497755355E2,-1.297500038E1,3.249375153E1,-2.028750038E1
4.502755355E2,-1.325625038E1,3.270000076E1,-1.989375114E1
4.507755355E2,-1.198125076E1,3.348750305E1,-1.935000038E1
4.512755355E2,-1.222500038E1,3.367500305E1,-1.942500114E1
4.517755355E2,-1.158750057E1,3.403125000E1,-1.916250038E1
4.522755355E2,-1.200000000E1,3.390000153E1,-1.852500153E1
4.527755355E2,-1.192500019E1,3.414375305E1,-1.747500038E1
4.532755355E2,-1.235625076E1,3.410625076E1,-1.728750038E1
4.537755355E2,-1.333125019E1,3.373125076E1,-1.708125114E1
4.542755355E2,-1.218750095E1,3.401250076E1,-1.715625000E1
4.547755355E2,-1.186875057E1,3.478125000E1,-1.659375000E1
4.552755355E2,-1.078125000E1,3.521250153E1,-1.635000038E1
4.557755355E2,-1.145625019E1,3.525000000E1,-1.586250019E1
4.562755355E2,-1.113750076E1,3.577500153E1,-1.563750076E1
4.567755355E2,-1.211250019E1,3.570000076E1,-1.595625019E1
4.572755355E2,-1.235625076E1,3.571875000E1,-1.614375114E1
4.577755355E2,-1.215000057E1,3.603750229E1,-1.651875114E1
4.582755355E2,-1.365000057E1,3.583125305E1,-1.653750038E1
4.587755355E2,-1.441875076E1,3.545625305E1,-1.663125038E1
4.592755355E2,-1.678125000E1,3.451875305E1,-1.627500153E1
4.597755355E2,-1.633125114E1,3.446250153E1,-1.638750076E1
4.602755355E2,-1.781250000E1,3.339375305E1,-1.681875038E1
4.607755355E2,-1.846875000E1,3.303750229E1,-1.702500153E1
4.612755355E2,-2.028750038E1,3.151875114E1,-1.824375153E1
4.617755355E2,-2.167500114E1,2.838750076E1,-2.002500153E1
4.622755355E2,-2.086875153E1,2.568750191E1,-2.296875000E1
4.627755355E2,-2.092500114E1,2.304375076E1,-2.109375000E1
4.632755355E2,-1.933125114E1,2.101875114E1,-2.338125038E1
4.637755355E2,-1.785000038E1,2.010000038E1,-2.381250000E1
4.642755355E2,-1.606875038E1,2.090625000E1,-2.306250000E1
4.647755355E2,-1.620000076E1,2.167500114E1,-2.250000000E1
4.652755355E2,-1.481250095E1,2.317500114E1,-2.150625038E1
4.657755355E2,-1.325625038E1,2.611875153E1,-2.285625076E1
4.662755355E2,-1.520625019E1,2.863125038E1,-2.430000114E1
4.667755355E2,-1.809375000E1,3.106875038E1,-2.499375153E1
4.672755355E2,-2.053125000E1,3.174375153E1,-2.565000153E1
4.677755355E2,-2.257500076E1,3.046875191E1,-2.557500076E1
4.682755355E2,-2.416875076E1,2.793750191E1,-2.473125076E1
4.687755355E2,-2.139375114E1,2.750625038E1,-2.353125000E1
4.692755355E2,-2.090625000E1,2.735625076E1,-2.227500153E1
4.697755355E2,-2.056875038E1,2.786250114E1,-1.811250114E1
4.702755355E2,-1.927500153E1,2.861250114E1,-1.336875057E1
4.707755355E2,-1.635000038E1,3.080625153E1,-9.675000191E0
4.712755355E2,-1.575000095E1,3.421875000E1,-7.556250095E0
4.717755355E2,-1.683750153E1,3.609375000E1,-7.087500095E0
4.722755355E2,-1.698750114E1,3.813750076E1,-8.493750572E0
4.727755355E2,-1.852500153E1,3.969375229E1,-9.712500572E0
4.732755355E2,-1.854375076E1,4.098750305E1,-1.070625019E1
4.737755355E2,-1.959375000E1,4.162500000E1,-1.261875057E1
4.742755355E2,-1.980000114E1,4.278750229E1,-1.434375095E1
4.747755355E2,-2.081250000E1,4.290000153E1,-1.616250038E1
4.752755355E2,-2.221875000E1,4.305000305E1,-1.738125038E1
4.757755358E2,-2.283750153E1,4.346250153E1,-1.905000114E1
4.762755358E2,-2.471250153E1,4.348125076E1,-1.965000153E1
4.767755358E2,-2.475000191E1,4.430625153E1,-2.163750076E1
4.772755358E2,-2.675625038E1,4.303125000E1,-2.310000038E1
4.777755358E2,-2.707500076E1,4.263750076E1,-2.281875038E1
4.782755358E2,-2.820000076E1,4.171875000E1,-2.195625114E1
4.787755358E2,-2.825625038E1,4.194375229E1,-2.000625038E1
4.792755358E2,-2.795625114E1,4.200000000E1,-1.792500114E1
4.797755358E2,-2.799375153E1,4.166250229E1,-1.670625114E1
4.802755358E2,-2.690625191E1,4.201875305E1,-1.713750076E1
4.807755358E2,-2.863125038E1,4.068750000E1,-1.711875153E1
4.812755358E2,-2.898750114E1,4.036875153E1,-1.674375153E1
4.817755358E2,-3.080625153E1,3.823125076E1,-1.623750114E1
4.822755358E2,-3.060000038E1,3.817500305E1,-1.567500019E1
4.827755358E2,-3.155625153E1,3.706875229E1,-1.685625076E1
4.832755358E2,-3.243750000E1,3.624375153E1,-1.813125038E1
4.837755358E2,-3.249375153E1,3.568125153E1,-1.830000114E1
4.842755358E2,-3.240000153E1,3.470625305E1,-1.762500000E1
4.847755358E2,-3.065625191E1,3.570000076E1,-1.608750153E1
4.852755358E2,-2.971875191E1,3.624375153E1,-1.516875076E1
4.857755358E2,-2.786250114E1,3.819375229E1,-1.524375057E1
4.862755358E2,-2.865000153E1,3.823125076E1,-1.614375114E1
4.867755358E2,-2.760000038E1,4.036875153E1,-1.704375076E1
4.872755358E2,-2.827500153E1,4.051875305E1,-1.891875076E1
4.877755358E2,-2.880000114E1,4.095000076E1,-1.927500153E1
4.882755358E2,-2.962500191E1,4.119375229E1,-1.899375153E1
4.887755358E2,-3.187500191E1,3.952500153E1,-1.854375076E1
4.892755358E2,-3.187500191E1,3.930000305E1,-1.839375114E1
4.897755358E2,-3.223125076E1,3.828750229E1,-1.807500076E1
4.902755358E2,-2.930625153E1,3.868125153E1,-1.680000114E1
4.907755358E2,-2.898750114E1,3.671250153E1,-1.479375076E1
4.912755358E2,-2.769375038E1,3.596250153E1,-1.201875019E1
4.917755358E2,-2.623125076E1,3.500625229E1,-1.070625019E1
4.922755358E2,-2.506875038E1,3.470625305E1,-1.053750038E1
4.927755358E2,-2.193750000E1,3.648750305E1,-1.201875019E1
4.932755358E2,-2.220000076E1,3.673125076E1,-1.346250057E1
4.937755358E2,-2.225625038E1,3.800625229E1,-1.560000038E1
4.942755358E2,-2.621250153E1,3.661875153E1,-1.794375038E1
4.947755358E2,-2.795625114E1,3.690000153E1,-1.987500000E1
4.952755358E2,-3.024375153E1,3.592500305E1,-2.156250000E1
4.957755358E2,-3.241875076E1,3.541875076E1,-2.205000114E1
4.962755358E2,-3.388125229E1,3.345000076E1,-2.145000076E1
4.967755358E2,-3.515625000E1,2.964375114E1,-1.927500153E1
4.972755358E2,-3.211875153E1,2.709375191E1,-1.651875114E1
4.977755358E2,-3.180000114E1,2.521875191E1,-1.411875057E1
4.982755358E2,-2.872500038E1,2.645625114E1,-1.201875019E1
4.987755358E2,-2.771250153E1,2.497500038E1,-1.044375038E1
4.992755358E2,-2.523750114E1,2.686875153E1,-9.393750191E0
4.997755358E2,-2.424375153E1,2.713125038E1,-9.225000381E0
5.002755358E2,-2.325000000E1,2.842500114E1,-9.506250381E0
5.007755358E2,-2.231250000E1,3.116250038E1,-1.087500000E1
5.012755358E2,-2.433750153E1,3.241875076E1,-1.346250057E1
5.017755358E2,-2.521875191E1,3.431250000E1,-1.595625019E1
5.022755358E2,-2.895000076E1,3.279375076E1,-1.811250114E1
5.027755358E2,-2.956875038E1,3.375000000E1,-1.974375153E1
5.032755358E2,-3.133125114E1,3.061875153E1,-1.989375114E1
5.037755358E2,-3.011250114E1,3.129375076E1,-1.983750153E1
5.042755358E2,-3.011250114E1,3.099375153E1,-2.017500114E1
5.047755358E2,-3.054375076E1,3.112500191E1,-2.021250153E1
5.052755358E2,-2.988750076E1,3.189375114E1,-1.938750076E1
5.057755358E2,-3.030000114E1,3.101250076E1,-1.708125114E1
5.062755358E2,-2.850000191E1,3.283125305E1,-1.498125076E1
5.067755358E2,-2.788125038E1,3.178125191E1,-1.263750076E1
5.072755358E2,-2.531250191E1,3.487500000E1,-1.239375019E1
5.077755358E2,-2.563125038E1,3.472500229E1,-1.160625076E1
5.082755358E2,-2.328750038E1,3.588750076E1,-1.151250076E1
5.087755358E2,-2.317500114E1,3.525000000E1,-1.201875019E1
5.092755358E2,-2.079375076E1,3.532500076E1,-1.226250076E1
5.097755358E2,-2.028750038E1,3.410625076E1,-1.303125095E1
5.102755358E2,-1.897500038E1,3.390000153E1,-1.353750038E1
5.107755358E2,-1.685625076E1,3.481875229E1,-1.471875095E1
5.112755358E2,-1.756875038E1,3.350625229E1,-1.582500076E1
5.117755358E2,-1.608750153E1,3.356250000E1,-1.824375153E1
5.122755358E2,-1.633125114E1,3.247500229E1,-1.963125038E1
5.127755358E2,-1.323750019E1,3.243750000E1,-1.929375076E1
5.132755358E2,-1.288125038E1,3.112500191E1,-1.768125153E1
5.137755358E2,-9.337500572E0,3.316875076E1,-1.580625057E1
5.142755358E2,-9.581250191E0,3.444375229E1,-1.599375057E1
5.147755358E2,-1.008750057E1,3.555000305E1,-1.610625076E1
5.152755358E2,-8.906250000E0,3.712500000E1,-1.666875076E1
5.157755358E2,-9.000000000E0,3.810000229E1,-1.623750114E1
5.162755358E2,-8.306250572E0,3.913125229E1,-1.661250114E1
5.167755358E2,-1.038750076E1,4.023750305E1,-1.710000038E1
5.172755358E2,-9.975000381E0,4.205625153E1,-1.867500114E1
5.177755358E2,-1.192500019E1,4.153125000E1,-2.056875038E1
5.182755358E2,-9.450000763E0,4.128750229E1,-2.049375153E1
5.187755358E2,-8.193750381E0,4.048125076E1,-2.145000076E1
5.192755358E2,-6.693750381E0,4.076250076E1,-2.130000114E1
5.197755358E2,-6.581250191E0,4.081875229E1,-2.148750114E1
5.202755358E2,-6.281250477E0,4.081875229E1,-2.111250114E1
5.207755358E2,-6.468750477E0,4.051875305E1,-2.066250038E1
5.212755358E2,-7.031250477E0,4.021875000E1,-1.987500000E1
5.217755358E2,-5.943750381E0,4.046250153E1,-1.985625076E1
5.222755358E2,-6.993750095E0,4.025625229E1,-1.961250114E1
5.227755358E2,-6.356250286E0,4.087500000E1,-1.918125153E1
5.232755358E2,-8.062500000E0,4.063125229E1,-1.888125038E1
5.237755358E2,-6.600000381E0,4.164375305E1,-1.824375153E1
5.242755358E2,-7.050000191E0,4.196250153E1,-1.788750076E1
5.247755358E2,-6.168750286E0,4.271250153E1,-1.779375076E1
5.252755358E2,-6.787500381E0,4.254375076E1,-1.841250038E1
5.257755358E2,-6.937500477E0,4.282500076E1,-1.848750114E1
5.262755358E2,-6.731250286E0,4.288125229E1,-1.920000076E1
5.267755358E2,-7.950000286E0,4.248750305E1,-1.880625153E1
5.272755358E2,-7.462500095E0,4.258125305E1,-1.920000076E1
5.277755358E2,-9.918750763E0,4.130625153E1,-1.906875038E1
5.282755358E2,-9.693750381E0,4.089375305E1,-1.938750076E1
5.287755358E2,-1.126875019E1,3.999375153E1,-1.942500114E1
5.292755358E2,-1.059375000E1,4.025625229E1,-1.890000153E1
5.297755358E2,-1.029375076E1,3.997500229E1,-1.873125076E1
5.302755358E2,-1.070625019E1,3.965625000E1,-1.841250038E1
5.307755358E2,-9.018750191E0,4.010625076E1,-1.878750038E1
5.312755358E2,-1.012500000E1,3.961875153E1,-1.860000038E1
5.317755358E2,-8.418750763E0,4.050000000E1,-1.882500076E1
5.322755358E2,-9.637500763E0,4.006875229E1,-1.901250076E1
5.327755358E2,-7.256250381E0,4.072500229E1,-1.884375000E1
5.332755358E2,-7.856250286E0,3.988125229E1,-1.955625153E1
5.337755358E2,-7.556250095E0,4.012500000E1,-1.916250038E1
5.342755358E2,-7.893750191E0,3.954375076E1,-1.923750114E1
5.347755358E2,-8.887500763E0,3.915000153E1,-1.906875038E1
5.352755358E2,-8.062500000E0,3.941250229E1,-1.935000038E1
5.357755352E2,-9.975000381E0,3.828750229E1,-1.936875153E1
5.362755352E2,-9.206250191E0,3.873750305E1,-1.923750114E1
5.367755352E2,-1.290000057E1,3.654375076E1,-1.719375038E1
5.372755352E2,-1.374375057E1,3.643125153E1,-1.455000019E1
5.377755352E2,-1.608750153E1,3.485625076E1,-1.363125038E1
5.382755352E2,-1.646250153E1,3.450000000E1,-1.321875095E1
5.387755352E2,-1.717500114E1,3.435000229E1,-1.275000095E1
5.392755352E2,-1.867500114E1,3.333750153E1,-1.237500095E1
5.397755352E2,-1.779375076E1,3.393750000E1,-1.226250076E1
5.402755352E2,-1.755000114E1,3.412500000E1,-1.158750057E1
5.407755352E2,-1.651875114E1,3.470625305E1,-1.350000095E1
5.412755352E2,-1.706250000E1,3.450000000E1,-1.432500076E1
5.417755352E2,-1.531875038E1,3.555000305E1,-1.535625076E1
5.422755352E2,-1.500000095E1,3.592500305E1,-1.524375057E1
5.427755352E2,-1.466250038E1,3.605625153E1,-1.518750095E1
5.432755352E2,-1.353750038E1,3.671250153E1,-1.535625076E1
5.437755352E2,-1.363125038E1,3.626250076E1,-1.575000095E1
5.442755352E2,-1.357500076E1,3.626250076E1,-1.605000114E1
5.447755352E2,-1.063125038E1,3.746250153E1,-1.565625095E1
5.452755352E2,-1.215000057E1,3.661875153E1,-1.560000038E1
5.457755352E2,-1.132500076E1,3.671250153E1,-1.509375095E1
5.462755352E2,-1.231875038E1,3.611250305E1,-1.501875019E1
5.467755352E2,-1.222500038E1,3.613125229E1,-1.518750095E1
5.472755352E2,-1.380000019E1,3.530625153E1,-1.494375038E1
5.477755352E2,-1.363125038E1,3.504375076E1,-1.473750019E1
5.482755352E2,-1.496250057E1,3.388125229E1,-1.563750076E1
5.487755352E2,-1.674375153E1,3.360000229E1,-1.539375019E1
5.492755352E2,-1.543125057E1,3.463125229E1,-1.543125057E1
5.497755352E2,-1.569375038E1,3.481875229E1,-1.524375057E1
5.502755352E2,-1.481250095E1,3.534375000E1,-1.550625038E1
5.507755352E2,-1.511250019E1,3.541875076E1,-1.496250057E1
5.512755352E2,-1.408125019E1,3.600000000E1,-1.520625019E1
5.517755352E2,-1.417500019E1,3.579375076E1,-1.496250057E1
5.522755352E2,-1.423125076E1,3.603750229E1,-1.419375038E1
5.527755352E2,-1.486875057E1,3.566250229E1,-1.406250095E1
5.532755352E2,-1.485000038E1,3.545625305E1,-1.488750076E1
5.537755352E2,-1.556250095E1,3.543750000E1,-1.470000076E1
5.542755352E2,-1.571250057E1,3.528750229E1,-1.445625019E1
5.547755352E2,-1.498125076E1,3.558750153E1,-1.471875095E1
5.552755352E2,-1.563750076E1,3.513750076E1,-1.441875076E1
5.557755352E2,-1.503750038E1,3.526875305E1,-1.417500019E1
5.562755352E2,-1.603125000E1,3.457500076E1,-1.363125038E1
5.567755352E2,-1.571250057E1,3.480000305E1,-1.291875076E1
5.572755352E2,-1.751250076E1,3.382500076E1,-1.046250057E1
5.577755352E2,-1.950000000E1,3.234375000E1,-9.112500191E0
5.582755352E2,-2.075625038E1,3.161250114E1,-6.956250191E0
5.587755352E2,-2.321250153E1,3.015000153E1,-5.006250381E0
5.592755352E2,-2.392500114E1,2.962500191E1,-3.262500048E0
5.597755352E2,-2.668125153E1,2.797500038E1,-1.950000048E0
5.602755352E2,-2.703750038E1,2.782500076E1,-6.562500000E-1
5.607755352E2,-2.940000153E1,2.634375191E1,7.125000358E-1
5.612755352E2,-2.951250076E1,2.666250038E1,1.050000072E0
5.617755352E2,-2.960625076E1,2.666250038E1,1.425000072E0
5.622755352E2,-3.003750038E1,2.628750038E1,9.937500358E-1
5.627755352E2,-3.101250076E1,2.561250114E1,7.125000358E-1
5.632755352E2,-3.170625114E1,2.469375038E1,9.750000238E-1
5.637755352E2,-3.178125191E1,2.452500153E1,1.331250072E0
5.642755352E2,-3.187500191E1,2.437500191E1,1.556250095E0
5.647755352E2,-3.198750114E1,2.420625114E1,1.631250024E0
5.652755352E2,-3.202500153E1,2.403750038E1,1.650000095E0
5.657755352E2,-3.172500038E1,2.407500076E1,1.443750024E0
5.662755352E2,-3.183750153E1,2.392500114E1,1.650000095E0
5.667755352E2,-3.097500038E1,2.437500191E1,1.781250119E0
5.672755352E2,-3.061875153E1,2.499375153E1,1.593750119E0
5.677755352E2,-3.054375076E1,2.520000076E1,1.875000119E0
5.682755352E2,-3.048750114E1,2.529375076E1,2.212500095E0
5.687755352E2,-3.041250038E1,2.548125076E1,2.418750048E0
5.692755352E2,-3.033750153E1,2.559375191E1,2.587500095E0
5.697755352E2,-3.063750076E1,2.555625153E1,3.018750191E0
5.702755352E2,-3.043125153E1,2.576250076E1,3.506250143E0
5.707755352E2,-3.026250076E1,2.585625076E1,3.712500095E0
5.712755352E2,-3.013125038E1,2.591250038E1,3.956250191E0
5.717755352E2,-3.015000153E1,2.583750153E1,3.881250143E0
5.722755352E2,-3.016875076E1,2.585625076E1,3.825000048E0
5.727755352E2,-3.011250114E1,2.583750153E1,3.993750095E0
5.732755352E2,-2.983125114E1,2.611875153E1,3.881250143E0
5.737755352E2,-2.915625191E1,2.675625038E1,3.787500143E0
5.742755352E2,-2.851875114E1,2.735625076E1,3.037500143E0
5.747755352E2,-2.827500153E1,2.780625153E1,2.662500143E0
5.752755352E2,-2.891250038E1,2.713125038E1,2.043750048E0
5.757755352E2,-2.842500114E1,2.782500076E1,1.856250048E0
5.762755352E2,-2.881875038E1,2.775000191E1,1.312500000E0
5.767755352E2,-2.872500038E1,2.823750114E1,8.812500238E-1
5.772755352E2,-2.947500038E1,2.788125038E1,8.625000119E-1
5.777755352E2,-3.050625038E1,2.724375153E1,1.350000024E0
5.782755352E2,-3.078750038E1,2.728125191E1,1.893750072E0
5.787755352E2,-3.157500076E1,2.641875076E1,2.250000000E0
5.792755352E2,-3.078750038E1,2.735625076E1,3.318750143E0
5.797755352E2,-3.125625038E1,2.653125191E1,3.018750191E0
5.802755352E2,-2.985000038E1,2.776875114E1,2.868750095E0
5.807755352E2,-2.990625191E1,2.761875153E1,2.156250000E0
5.812755352E2,-2.902500153E1,2.872500038E1,1.987500072E0
5.817755352E2,-2.861250114E1,2.898750114E1,5.250000358E-1
5.822755352E2,-2.900625038E1,2.844375038E1,-5.625000224E-2
5.827755352E2,-2.797500038E1,2.951250076E1,-1.162500024E0
5.832755352E2,-2.838750076E1,2.878125191E1,-2.475000143E0
5.837755352E2,-2.786250114E1,2.975625038E1,-2.587500095E0
5.842755352E2,-2.878125191E1,2.881875038E1,-3.431250095E0
5.847755352E2,-2.765625191E1,2.971875191E1,-3.506250143E0
5.852755352E2,-2.820000076E1,2.928750038E1,-3.656250238E0
5.857755352E2,-2.810625076E1,2.966250038E1,-3.300000191E0
5.862755352E2,-2.782500076E1,2.986875153E1,-3.862500191E0
5.867755352E2,-2.791875076E1,2.979375076E1,-4.125000000E0
5.872755352E2,-2.630625153E1,3.131250191E1,-5.437500000E0
5.877755352E2,-2.679375076E1,3.037500191E1,-6.881250381E0
5.882755352E2,-2.544375038E1,3.133125114E1,-7.631250381E0
5.887755352E2,-2.568750191E1,3.061875153E1,-9.075000763E0
5.892755352E2,-2.416875076E1,3.142500114E1,-1.066875076E1
5.897755352E2,-2.319375038E1,3.191250038E1,-1.175625038E1
5.902755352E2,-2.184375000E1,3.262500000E1,-1.299375057E1
5.907755352E2,-1.993125153E1,3.343125153E1,-1.400625038E1
5.912755352E2,-2.021250153E1,3.330000305E1,-1.470000076E1
5.917755352E2,-1.860000038E1,3.459375000E1,-1.494375038E1
5.922755352E2,-1.944375038E1,3.382500076E1,-1.518750095E1
5.927755352E2,-1.811250114E1,3.489375305E1,-1.494375038E1
5.932755352E2,-1.846875000E1,3.442500305E1,-1.528125095E1
5.937755352E2,-1.781250000E1,3.470625305E1,-1.571250057E1
5.942755352E2,-1.696875000E1,3.523125076E1,-1.545000076E1
5.947755352E2,-1.713750076E1,3.523125076E1,-1.535625076E1
5.952755352E2,-1.490625095E1,3.605625153E1,-1.582500076E1
5.957755358E2,-1.468125057E1,3.603750229E1,-1.623750114E1
5.962755358E2,-1.239375019E1,3.731250000E1,-1.635000038E1
5.967755358E2,-1.147500038E1,3.763125229E1,-1.644375038E1
5.972755358E2,-9.881250381E0,3.868125153E1,-1.629375076E1
5.977755358E2,-9.281250000E0,3.888750076E1,-1.655625153E1
5.982755358E2,-9.131250381E0,3.860625076E1,-1.824375153E1
5.987755358E2,-9.487500191E0,3.843750000E1,-1.890000153E1
5.992755358E2,-1.010625076E1,3.855000305E1,-1.843125153E1
5.997755358E2,-9.862500191E0,3.868125153E1,-1.845000076E1
6.002755358E2,-1.012500000E1,3.855000305E1,-1.860000038E1
6.007755358E2,-1.033125019E1,3.838125229E1,-1.891875076E1
6.012755358E2,-1.081875038E1,3.813750076E1,-1.886250114E1
6.017755358E2,-1.115625000E1,3.815625000E1,-1.850625038E1
6.022755358E2,-1.248750019E1,3.811875153E1,-1.635000038E1
6.027755358E2,-1.267500019E1,3.808125305E1,-1.567500019E1
6.032755358E2,-1.323750019E1,3.789375305E1,-1.543125057E1
6.037755358E2,-1.273125076E1,3.787500000E1,-1.569375038E1
6.042755358E2,-1.340625095E1,3.748125076E1,-1.554375076E1
6.047755358E2,-1.316250038E1,3.742500305E1,-1.550625038E1
6.052755358E2,-1.378125095E1,3.701250076E1,-1.556250095E1
6.057755358E2,-1.314375019E1,3.693750000E1,-1.599375057E1
6.062755358E2,-1.235625076E1,3.690000153E1,-1.642500114E1
6.067755358E2,-1.147500038E1,3.705000305E1,-1.631250000E1
6.072755358E2,-1.106250000E1,3.686250305E1,-1.648125076E1
6.077755358E2,-1.138125038E1,3.663750076E1,-1.578750038E1
6.082755358E2,-1.096875000E1,3.673125076E1,-1.530000019E1
6.087755358E2,-1.215000057E1,3.598125076E1,-1.498125076E1
6.092755358E2,-1.063125038E1,3.663750076E1,-1.492500019E1
6.097755358E2,-1.246875095E1,3.581250000E1,-1.389375019E1
6.102755358E2,-1.211250019E1,3.588750076E1,-1.413750076E1
6.107755358E2,-1.411875057E1,3.476250076E1,-1.445625019E1
6.112755358E2,-1.351875019E1,3.510000229E1,-1.466250038E1
6.117755358E2,-1.492500019E1,3.453750229E1,-1.477500057E1
6.122755358E2,-1.494375038E1,3.468750000E1,-1.494375038E1
6.127755358E2,-1.509375095E1,3.438750076E1,-1.554375076E1
6.132755358E2,-1.618125153E1,3.369375229E1,-1.590000057E1
6.137755358E2,-1.524375057E1,3.384375000E1,-1.715625000E1
6.142755358E2,-1.687500000E1,3.243750000E1,-1.719375038E1
6.147755358E2,-1.657500076E1,3.069375038E1,-1.891875076E1
6.152755358E2,-1.942500114E1,2.823750114E1,-1.925625038E1
6.157755358E2,-2.068125153E1,2.660625076E1,-1.918125153E1
6.162755358E2,-2.248125076E1,2.520000076E1,-1.938750076E1
6.167755358E2,-2.278125000E1,2.512500191E1,-1.897500038E1
6.172755358E2,-2.435625076E1,2.501250076E1,-1.869375038E1
6.177755358E2,-2.480625153E1,2.503125191E1,-1.796250153E1
6.182755358E2,-2.411250114E1,2.587500191E1,-1.758750153E1
6.187755358E2,-2.358750153E1,2.838750076E1,-1.578750038E1
6.192755358E2,-2.145000076E1,3.043125153E1,-1.571250057E1
6.197755358E2,-1.970625114E1,3.266250229E1,-1.537500095E1
6.202755358E2,-1.858125114E1,3.365625000E1,-1.565625095E1
6.207755358E2,-1.860000038E1,3.395625305E1,-1.554375076E1
6.212755358E2,-1.801875114E1,3.463125229E1,-1.567500019E1
6.217755358E2,-1.768125153E1,3.502500153E1,-1.623750114E1
6.222755358E2,-1.756875038E1,3.536250305E1,-1.670625114E1
6.227755358E2,-1.781250000E1,3.532500076E1,-1.698750114E1
6.232755358E2,-1.826250076E1,3.532500076E1,-1.711875153E1
6.237755358E2,-1.777500153E1,3.513750076E1,-1.845000076E1
6.242755358E2,-1.781250000E1,3.575625229E1,-1.884375000E1
6.247755358E2,-1.730625153E1,3.624375153E1,-1.996875000E1
6.252755358E2,-1.668750000E1,3.699375153E1,-1.995000076E1
6.257755358E2,-1.507500076E1,3.795000076E1,-2.013750076E1
6.262755358E2,-1.498125076E1,3.828750229E1,-2.077500153E1
6.267755358E2,-1.293750095E1,3.976875305E1,-2.111250114E1
6.272755358E2,-1.325625038E1,4.021875000E1,-2.197500038E1
6.277755358E2,-1.233750057E1,4.201875305E1,-2.143125153E1
6.282755358E2,-1.336875057E1,4.265625000E1,-2.208750153E1
6.287755358E2,-1.359375095E1,4.430625153E1,-2.169375038E1
6.292755358E2,-1.348125076E1,4.608750153E1,-2.272500038E1
6.297755358E2,-1.496250057E1,4.723125076E1,-2.362500000E1
6.302755358E2,-1.479375076E1,4.925625229E1,-2.454375076E1
6.307755358E2,-1.921875000E1,4.891875076E1,-2.443125153E1
6.312755358E2,-2.330625153E1,4.751250076E1,-2.195625114E1
6.317755358E2,-2.925000191E1,4.438125229E1,-2.023125076E1
6.322755358E2,-3.292500305E1,4.098750305E1,-1.503750038E1
6.327755358E2,-3.663750076E1,3.819375229E1,-1.381875038E1
6.332755358E2,-3.965625000E1,3.562500000E1,-1.291875076E1
6.337755358E2,-4.065000153E1,3.444375229E1,-1.123125076E1
6.342755358E2,-4.258125305E1,3.236250305E1,-9.000000000E0
6.347755358E2,-4.151250076E1,3.116250038E1,-9.075000763E0
6.352755358E2,-3.952500153E1,3.135000038E1,-9.881250381E0
6.357755358E2,-3.780000305E1,3.176250076E1,-1.119375038E1
6.362755358E2,-3.643125153E1,3.260625076E1,-1.368750095E1
6.367755358E2,-3.547500229E1,3.270000076E1,-1.434375095E1
6.372755358E2,-3.611250305E1,3.151875114E1,-1.275000095E1
6.377755358E2,-3.755625153E1,2.881875038E1,-1.145625019E1
6.382755358E2,-3.810000229E1,2.677500153E1,-1.061250019E1
6.387755358E2,-3.714375305E1,2.645625114E1,-9.468750000E0
6.392755358E2,-3.646875000E1,2.559375191E1,-9.693750381E0
6.397755358E2,-3.453750229E1,2.668125153E1,-9.356250763E0
6.402755358E2,-3.234375000E1,2.805000114E1,-1.053750038E1
6.407755358E2,-3.129375076E1,2.776875114E1,-1.138125038E1
6.412755358E2,-3.033750153E1,2.850000191E1,-1.280625057E1
6.417755358E2,-3.016875076E1,2.859375191E1,-1.385625076E1
6.422755358E2,-2.960625076E1,2.902500153E1,-1.505625057E1
6.427755358E2,-3.056250191E1,2.720625114E1,-1.530000019E1
6.432755358E2,-2.908125114E1,2.701875114E1,-1.593750095E1
6.437755358E2,-2.893125153E1,2.349375153E1,-1.638750076E1
6.442755358E2,-2.703750038E1,2.220000076E1,-1.550625038E1
6.447755358E2,-2.578125191E1,2.161875153E1,-1.348125076E1
6.452755358E2,-2.257500076E1,2.199375153E1,-1.173750019E1
6.457755358E2,-2.066250038E1,2.323125076E1,-1.055625057E1
6.462755358E2,-1.976250076E1,2.401875114E1,-8.475000381E0
6.467755358E2,-1.951875114E1,2.482500076E1,-5.793750286E0
6.472755358E2,-1.980000114E1,2.625000191E1,-2.268750191E0
6.477755358E2,-2.139375114E1,2.827500153E1,-9.375000000E-2
6.482755358E2,-2.313750076E1,2.983125114E1,1.612500072E0
6.487755358E2,-2.510625076E1,3.007500076E1,2.212500095E0
6.492755358E2,-2.790000153E1,2.904375076E1,2.962500095E0
6.497755358E2,-2.848125076E1,2.776875114E1,2.418750048E0
6.502755358E2,-2.883750153E1,2.630625153E1,2.193750143E0
6.507755358E2,-2.730000114E1,2.595000076E1,8.812500238E-1
6.512755358E2,-2.713125038E1,2.430000114E1,-5.062500238E-1
6.517755358E2,-2.461875153E1,2.452500153E1,-1.425000072E0
6.522755358E2,-2.413125038E1,2.364375114E1,-2.512500048E0
6.527755358E2,-2.186250114E1,2.491875076E1,-2.475000143E0
6.532755358E2,-2.180625153E1,2.525625038E1,-2.550000191E0
6.537755358E2,-2.135625076E1,2.630625153E1,-1.762500048E0
6.542755358E2,-2.163750076E1,2.656875038E1,-1.837500095E0
6.547755358E2,-2.182500076E1,2.711250114E1,-1.762500048E0
6.552755358E2,-2.182500076E1,2.790000153E1,-2.400000095E0
6.557755352E2,-2.199375153E1,2.878125191E1,-2.737500191E0
6.562755352E2,-2.175000000E1,2.932500076E1,-3.150000095E0
6.567755352E2,-2.238750076E1,2.898750114E1,-4.012500286E0
6.572755352E2,-2.130000114E1,2.970000076E1,-5.212500095E0
6.577755352E2,-2.135625076E1,3.015000153E1,-6.206250191E0
6.582755352E2,-1.959375000E1,3.260625076E1,-7.443750381E0
6.587755352E2,-2.139375114E1,3.285000229E1,-9.731250763E0
6.592755352E2,-2.158125114E1,3.455625153E1,-1.115625000E1
6.597755352E2,-2.381250000E1,3.440625000E1,-1.215000057E1
6.602755352E2,-2.411250114E1,3.571875000E1,-1.329375076E1
6.607755352E2,-2.566875076E1,3.474375153E1,-1.438125038E1
6.612755352E2,-2.606250191E1,3.448125076E1,-1.511250019E1
6.617755352E2,-2.656875038E1,3.221250153E1,-1.528125095E1
6.622755352E2,-2.655000114E1,3.063750076E1,-1.458750057E1
6.627755352E2,-2.535000038E1,3.112500191E1,-1.344375038E1
6.632755352E2,-2.433750153E1,3.180000114E1,-1.175625038E1
6.637755352E2,-2.418750191E1,3.382500076E1,-1.125000000E1
6.642755352E2,-2.540625191E1,3.517500305E1,-1.042500019E1
6.647755352E2,-2.574375153E1,3.776250076E1,-1.020000076E1
6.652755352E2,-2.737500191E1,3.855000305E1,-1.006875038E1
6.657755352E2,-2.763750076E1,4.119375229E1,-1.111875057E1
6.662755352E2,-3.054375076E1,4.128750229E1,-1.224375057E1
6.667755352E2,-3.013125038E1,4.108125305E1,-1.419375038E1
6.672755352E2,-3.174375153E1,3.868125153E1,-1.545000076E1
6.677755352E2,-2.953125191E1,3.729375076E1,-1.610625076E1
6.682755352E2,-2.930625153E1,3.553125000E1,-1.642500114E1
6.687755352E2,-2.748750114E1,3.596250153E1,-1.552500057E1
6.692755352E2,-2.760000038E1,3.646875000E1,-1.488750076E1
6.697755352E2,-2.818125153E1,3.725625229E1,-1.310625076E1
6.702755352E2,-2.911875153E1,3.731250000E1,-1.243125057E1
6.707755352E2,-3.060000038E1,3.821250153E1,-1.006875038E1
6.712755352E2,-3.230625153E1,3.759375000E1,-9.768750191E0
6.717755352E2,-3.418125153E1,3.708750153E1,-9.150000572E0
6.722755352E2,-3.461250305E1,3.573750305E1,-9.431250572E0
6.727755352E2,-3.543750000E1,3.358125305E1,-9.206250191E0
6.732755352E2,-3.406875229E1,3.191250038E1,-9.206250191E0
6.737755352E2,-3.328125000E1,2.956875038E1,-9.356250763E0
6.742755352E2,-3.127500153E1,2.900625038E1,-8.943750381E0
6.747755352E2,-3.071250153E1,2.711250114E1,-9.300000191E0
6.752755352E2,-2.908125114E1,2.698125076E1,-9.243750572E0
6.757755352E2,-2.904375076E1,2.566875076E1,-8.568750381E0
6.762755352E2,-2.820000076E1,2.593125153E1,-7.725000381E0
6.767755352E2,-2.866875076E1,2.463750076E1,-7.331250191E0
6.772755352E2,-2.835000038E1,2.437500191E1,-7.125000477E0
6.777755352E2,-2.868750191E1,2.263125038E1,-7.256250381E0
6.782755352E2,-2.784375191E1,2.205000114E1,-6.787500381E0
6.787755352E2,-2.735625076E1,2.148750114E1,-6.412500381E0
6.792755352E2,-2.581875038E1,2.203125000E1,-5.343750000E0
6.797755352E2,-2.557500076E1,2.182500076E1,-5.343750000E0
6.802755352E2,-2.460000038E1,2.216250038E1,-4.425000191E0
6.807755352E2,-2.403750038E1,2.296875000E1,-3.806250095E0
6.812755352E2,-2.398125076E1,2.328750038E1,-3.243750095E0
6.817755352E2,-2.385000038E1,2.392500114E1,-3.337500095E0
6.822755352E2,-2.349375153E1,2.416875076E1,-3.112500191E0
6.827755352E2,-2.263125038E1,2.381250000E1,-4.368750095E0
6.832755352E2,-2.268750000E1,2.390625000E1,-4.987500191E0
6.837755352E2,-2.218125153E1,2.520000076E1,-5.700000286E0
6.842755352E2,-2.244375038E1,2.581875038E1,-7.087500095E0
6.847755352E2,-2.135625076E1,2.692500114E1,-8.812500000E0
6.852755352E2,-2.064375114E1,2.833125114E1,-9.937500000E0
6.857755352E2,-1.895625114E1,3.082500076E1,-1.087500000E1
6.862755352E2,-1.944375038E1,3.288750076E1,-1.128750038E1
6.867755352E2,-1.912500000E1,3.637500000E1,-1.068750000E1
6.872755352E2,-2.060625076E1,3.776250076E1,-1.074375057E1
6.877755352E2,-2.053125000E1,3.920625305E1,-1.106250000E1
6.882755352E2,-2.163750076E1,3.911250305E1,-1.091250038E1
6.887755352E2,-2.169375038E1,3.931875229E1,-9.975000381E0
6.892755352E2,-2.248125076E1,3.856875229E1,-8.887500763E0
6.897755352E2,-2.268750000E1,3.843750000E1,-7.443750381E0
6.902755352E2,-2.214375114E1,3.830625153E1,-6.506250381E0
6.907755352E2,-2.118750000E1,3.858750153E1,-5.175000191E0
6.912755352E2,-1.809375000E1,4.035000229E1,-4.237500191E0
6.917755352E2,-1.783125114E1,4.188750076E1,-3.825000048E0
6.922755352E2,-1.670625114E1,4.436250305E1,-3.431250095E0
6.927755352E2,-1.691250038E1,4.569375229E1,-3.693750143E0
6.932755352E2,-1.554375076E1,4.783125305E1,-5.175000191E0
6.937755352E2,-1.661250114E1,4.951875305E1,-6.637500286E0
6.942755352E2,-1.666875076E1,5.133750153E1,-9.412500381E0
6.947755352E2,-1.978125000E1,5.049375153E1,-1.192500019E1
6.952755352E2,-2.109375000E1,4.942500305E1,-1.436250019E1
6.957755352E2,-2.229375076E1,4.713750076E1,-1.548750019E1
6.962755352E2,-2.085000038E1,4.620000076E1,-1.685625076E1
6.967755352E2,-2.150625038E1,4.473750305E1,-1.865625000E1
6.972755352E2,-2.079375076E1,4.428750229E1,-2.090625000E1
6.977755352E2,-2.111250114E1,4.231875229E1,-2.345625114E1
6.982755352E2,-2.137500000E1,4.186875153E1,-2.471250153E1
6.987755352E2,-2.390625000E1,4.121250153E1,-2.551875114E1
6.992755352E2,-2.758125114E1,4.018125153E1,-2.445000076E1
6.997755352E2,-2.953125191E1,3.727500153E1,-2.493750191E1
7.002755352E2,-3.204375076E1,3.046875191E1,-2.825625038E1
7.007755352E2,-3.015000153E1,2.242500114E1,-3.073125076E1
7.012755352E2,-3.020625114E1,1.205625057E1,-3.061875153E1
7.017755352E2,-2.735625076E1,2.625000000E0,-2.930625153E1
7.022755352E2,-2.518125153E1,-9.581250191E0,-2.790000153E1
7.027755352E2,-1.899375153E1,-1.959375000E1,-2.812500191E1
7.032755352E2,-1.333125019E1,-2.990625191E1,-3.067500114E1
7.037755352E2,-7.350000381E0,-3.699375153E1,-3.116250038E1
7.042755352E2,-3.562500238E0,-4.164375305E1,-2.855625153E1
7.047755352E2,-1.350000024E0,-4.425000000E1,-2.578125191E1
7.052755352E2,1.312500089E-1,-4.575000000E1,-2.401875114E1
7.057755352E2,1.312500000E0,-4.672500229E1,-2.296875000E1
7.061955352E2,2.681250095E0,-4.715625000E1,-2.649375153E1
7.062955352E2,4.162500381E0,-4.753125000E1,-2.953125191E1
7.067955352E2,9.787500381E0,-5.058750153E1,-4.702500153E1
