"Time (s)","X (rad/s)","Y (rad/s)","Z (rad/s)"
7.218500017E-3,-6.068481877E-2,-3.341246247E-1,-9.040079266E-2
5.048475000E-1,-1.851862520E-1,2.029571980E-1,-5.359699130E-1
1.002476708E0,1.648931503E-1,-5.943948627E-1,5.270913243E-1
1.500106708E0,-1.298886895E0,-8.910443187E-1,2.589147806E0
1.997737750E0,1.210008860E0,-3.170706749E0,-2.489882231E0
2.495368750E0,-1.353517294E0,1.011597276E0,3.154921532E0
2.993000583E0,2.227661848E0,-2.721014261E0,-1.601186275E0
3.490632583E0,-6.575033665E-1,5.406703949E-1,2.549932241E0
3.988265000E0,1.003185153E0,-8.093343973E-1,3.715550303E-1
4.485898000E0,-2.912134826E-1,6.826233864E-1,9.240793586E-1
4.983529958E0,-1.515046477E0,8.019344211E-1,9.608713984E-1
5.481162958E0,4.299108386E-1,5.783947110E-1,-4.408142269E-1
5.978794208E0,-1.697337478E-1,-1.027903035E-1,2.305216312E0
6.476426208E0,2.142063528E-1,-2.374517918E-1,-2.798666239E0
6.974058583E0,2.270270884E-2,1.023824692E0,2.212146044E0
7.471690583E0,1.848468333E-1,1.702224374E0,-4.291848183E0
7.969321625E0,-1.663655601E-2,4.555211067E-1,1.291251779E-1
8.466952625E0,-6.483692527E-1,-7.871950865E-1,1.865376085E-1
8.964583083E0,-5.291278958E-1,-1.001180172E0,2.925119877E0
9.462213083E0,2.137747049E0,-1.365597963E0,-1.293525934E0
9.959842083E0,-1.735521197E0,5.220761299E-1,2.895896912E0
1.045747108E1,-1.107728109E-1,2.943179607E-1,1.819803864E-1
1.095510058E1,-9.276465178E-1,5.896141529E-1,-8.506189585E-1
1.145272858E1,-1.336181402E0,7.597863078E-1,1.692433476E0
1.195035646E1,1.080449939E0,6.476402879E-1,-3.489475965E0
1.244798346E1,-1.675561905E0,1.089565277E0,2.150727987E0
1.294561008E1,2.229797363E0,-1.425261021E0,-4.255215645E0
1.344323608E1,-1.953998685E0,2.747411132E-1,3.826767206E0
1.394086258E1,1.477462649E0,-2.032197237E0,-3.839380264E0
1.443848758E1,-1.508073926E0,-4.972932637E-1,4.365939140E0
1.493611238E1,-2.203711987E0,2.330404758E0,7.054055333E-1
1.543373738E1,6.226971149E-1,-1.861882806E-1,-3.703949153E-1
1.593136158E1,-2.569340542E-2,1.514418960E0,1.076133847E0
1.642898558E1,1.253916621E-1,-1.686619371E-1,-1.939039469E0
1.692660975E1,-9.688275456E-1,-4.896295816E-2,2.765744448E0
1.742423375E1,1.689249754E0,-2.998095751E-1,-3.798474312E0
1.792185621E1,-2.223012686E0,3.187893629E-1,2.267591476E0
1.841947921E1,2.320348740E0,-1.027411699E0,-3.579550743E0
1.891710025E1,-9.495374560E-1,4.845348597E-1,4.294478893E0
1.941472125E1,2.605928659E0,-1.001120448E0,-3.535003424E0
1.991234233E1,-1.217392921E0,-2.876729369E-1,5.080286026E0
2.040996133E1,2.548658848E0,-1.598061085E0,-3.071801662E0
2.090758063E1,-2.087443113E0,1.158682704E0,2.775158167E0
2.140519863E1,9.006170630E-1,1.146842688E-1,1.101178676E-1
2.190281546E1,4.413841069E-1,5.533643961E-1,1.125029325E0
2.240043146E1,-4.692073446E-3,1.747523546E0,2.780753672E-1
2.289804700E1,-5.835657716E-1,2.123124003E-1,-1.303461790E0
2.339566100E1,-3.430350423E-1,1.368667603E0,1.415762663E0
2.389327488E1,1.701911569E0,-1.258898973E0,-3.183822632E0
2.439088688E1,-7.497419715E-1,1.072082996E0,2.628916502E0
2.488849821E1,8.574184030E-4,-3.660498261E-1,-3.414624453E0
2.538610921E1,-1.006555915E0,1.268065095E0,1.940644026E0
2.588372058E1,1.155398250E0,-1.622098446E0,-2.900291443E0
2.638132958E1,-7.419279814E-1,7.443715334E-1,3.321332455E0
2.687893846E1,1.312310457E0,-2.591585159E0,-1.883285999E0
2.737654646E1,2.602293193E-1,2.949254215E-1,2.490297079E0
2.787415363E1,2.020542622E0,-1.413276553E0,-1.220301151E0
2.837176063E1,5.191694945E-2,1.057537913E0,1.490297079E0
2.886936658E1,4.825916290E-1,6.835483313E-1,-5.015518069E-1
2.936697158E1,-6.090837717E-2,1.731375694E0,1.196668267E0
2.986457696E1,-6.331884265E-1,1.279026747E0,5.397213697E-1
3.036217996E1,-2.800656259E-1,-2.256203890E-1,-1.733312726E0
3.085978246E1,-2.005671501E0,1.922677398E0,1.046014190E0
3.135738446E1,1.030938983E0,-1.717667818E0,-2.477172852E0
3.185498675E1,-1.822346210E0,9.233413339E-1,1.918242574E0
3.235258775E1,1.837514281E0,-7.828804255E-1,-2.804588318E0
3.285018663E1,-1.440152645E0,9.347069263E-1,1.980114460E0
3.334778663E1,2.330543756E0,-9.601119161E-1,-3.702622652E0
3.384538483E1,-1.123375773E0,1.818818331E0,2.538798332E0
3.434298283E1,1.346199512E0,-1.232236624E0,-3.734101057E0
3.484057963E1,4.669506252E-1,-5.700814724E-1,4.295963287E0
3.533817563E1,2.085614204E0,-1.598258018E0,-3.361422777E0
3.583577188E1,-9.242093563E-1,-7.787806541E-2,3.414471626E0
3.633336588E1,1.588272691E0,-1.879629731E0,-2.516897917E0
3.683096058E1,-1.171454906E0,5.083954334E-1,3.258606195E0
3.732855358E1,6.942528486E-1,1.181588136E-2,-4.544135630E-1
3.782614708E1,-2.040681541E-1,5.538142920E-1,5.703563690E-1
3.832373908E1,-7.000774145E-1,7.996729016E-1,3.861546516E-1
3.882132933E1,-4.053093791E-1,-1.230439842E-1,-1.361411810E0
3.931892033E1,-1.388121367E0,5.474038720E-1,4.514556825E-1
3.981651058E1,2.422282696E0,-2.090379715E0,-2.615780592E0
4.031410058E1,-8.098866940E-1,8.978123069E-1,2.143473864E0
4.081168946E1,5.987220407E-1,-1.242462516E0,-3.137735128E0
4.130927746E1,-2.416671515E0,1.812928438E0,3.007632256E0
4.180686521E1,1.595349193E0,-9.819644094E-1,-3.315905809E0
4.230445221E1,-1.431627512E0,1.085525393E0,3.871434927E0
4.280203813E1,8.624133468E-1,-2.830876112E0,-3.184136152E0
4.329962413E1,-1.401277900E0,1.992980093E-1,2.860765934E0
4.379721000E1,1.606910586E0,-1.199212193E0,-1.309301496E0
4.429479500E1,-3.630679250E-1,2.764815807E0,1.431222677E0
4.479237863E1,-9.666901827E-1,1.096901774E0,3.671509326E-1
4.528996163E1,-5.926976800E-1,-2.241733521E-1,-1.066233397E0
4.578754458E1,-1.602252603E0,1.838392138E0,1.306990147E0
4.628512758E1,1.931665540E0,-6.446606517E-1,-1.992222309E0
4.678270825E1,-2.411073923E0,9.140060544E-1,3.303210974E0
4.728028925E1,1.956276178E0,-4.656346440E-1,-4.074540138E0
4.777787050E1,-2.279826880E0,1.110785127E0,2.548851967E0
4.827545050E1,2.283327579E0,-1.115322828E0,-4.580255508E0
4.877303088E1,-1.657915473E0,2.115005255E-1,4.040082455E0
4.927060988E1,2.779207468E0,-5.309788585E-1,-4.351488113E0
4.976818746E1,-8.425299525E-1,-9.623744488E-1,5.184203148E0
5.026576646E1,3.411664486E0,-3.249311924E0,-1.861938477E0
5.076334546E1,-1.200270653E0,-5.456531048E-1,3.917870283E0
5.126092346E1,2.190042496E0,-8.987120390E-1,-1.959421992E0
5.175850171E1,-1.071966290E0,9.290673733E-1,2.668666840E0
5.225607971E1,-4.017547145E-2,8.519009948E-1,-3.652162552E-1
5.275365613E1,-1.007223845E0,4.905651510E-1,4.790348411E-1
5.325123413E1,-5.820776820E-1,1.610156059E0,4.555418193E-1
5.374881021E1,-6.635094881E-1,-5.449570417E-1,-1.211670399E0
5.424638721E1,-1.023347139E0,1.732672095E0,5.193605423E-1
5.474396321E1,3.262928128E-1,-2.051139027E-1,-2.716161013E0
5.524153921E1,-1.536034226E0,1.327154279E0,1.304340005E0
5.573911471E1,2.144865990E0,-1.535087377E-1,-2.681939840E0
5.623668971E1,-9.998688102E-1,8.602610230E-2,2.028765202E0
5.673426508E1,2.116732836E0,-3.781277239E-1,-3.384689808E0
5.723183908E1,-2.097357035E0,6.857560873E-1,2.256272793E0
5.772941283E1,2.172410965E0,-1.127590775E0,-3.028747559E0
5.822698583E1,-1.035598397E0,8.814020157E-1,2.919370413E0
5.872455938E1,9.525964856E-1,-1.403605700E0,-3.215236664E0
5.922213138E1,-5.896703601E-1,-1.923571527E-1,3.387871742E0
5.971970483E1,1.712874532E0,-2.461882591E0,-1.700929046E0
6.021727683E1,-2.484672070E-1,6.975721121E-1,2.166456461E0
6.071484808E1,-4.622229934E-1,1.258974195E0,-8.697206974E-1
6.121242008E1,-2.634244859E-1,3.486679196E-1,-3.431132734E-1
6.170999108E1,-8.638114333E-1,1.080356598E0,8.569781184E-1
6.220756208E1,-5.165131092E-1,9.501256347E-1,-2.177084684E0
6.270513408E1,-1.259919286E0,1.372238159E0,2.010760069E0
6.320270408E1,1.694596410E0,-5.469433069E-1,-3.097185850E0
6.370027383E1,-1.178558230E0,1.159095407E0,2.013035536E0
6.419784383E1,1.433840036E0,-4.364022613E-1,-4.479605675E0
6.469541246E1,-2.374578863E-1,1.360640883E0,2.847639561E0
6.519298146E1,1.343067646E0,-3.890864134E0,-2.132251978E0
6.569055000E1,-2.888216376E-1,1.026694417E0,3.088970900E0
6.618811800E1,1.599501014E0,-1.897295117E0,-2.692375183E0
6.668568558E1,-1.512116790E0,5.671180785E-2,3.816812515E0
6.718325258E1,9.261439443E-1,1.048470512E-1,-1.100621462E0
6.768081996E1,-1.029793143E0,1.023695469E0,1.078887105E0
6.817838596E1,-5.805420280E-1,3.555551767E-1,3.410394192E-1
6.867595183E1,-4.474295676E-1,-4.127906859E-1,-5.897059441E-1
6.917351783E1,-4.318075478E-1,7.912657261E-1,1.274381876E0
6.967108246E1,5.939137936E-1,-5.971490145E-1,-2.343750715E0
7.016864746E1,-1.985091209E0,-1.324882656E-1,2.445503712E0
7.066621296E1,1.439212918E0,-4.712897539E-1,-3.592296600E0
7.116377796E1,-1.136799932E0,8.158250451E-1,2.415865660E0
7.166134133E1,1.690747857E0,-7.541801929E-1,-4.433796883E0
7.215890533E1,8.185227960E-2,1.002022862E0,3.266515970E0
7.265646933E1,1.699518085E0,-1.665120125E0,-3.677299976E0
7.315403283E1,2.994815074E-2,-1.590998769E-1,4.434716702E0
7.365159583E1,6.041575670E-1,-1.515828490E0,-3.357778072E0
7.414915858E1,-1.028499246E0,-6.771606803E-1,3.753373623E0
7.464672058E1,2.667760611E0,-2.211475611E0,-2.233582973E0
7.514428208E1,-6.307606101E-1,3.782672435E-2,3.075847864E0
7.564184408E1,-7.455191109E-3,1.162389755E0,-3.513533175E-1
7.613940600E1,8.850290626E-2,1.421065629E-1,7.589187622E-1
7.663696700E1,-5.879846811E-1,1.145938158E0,6.383969188E-1
7.713452758E1,-4.270958900E-1,-8.713381290E-1,-6.775535941E-1
7.763208758E1,-1.250990033E0,2.526618242E-1,2.249798775E0
7.812964708E1,1.060198307E0,-9.091363549E-1,-2.485745668E0
7.862720608E1,-1.141654253E0,3.220547736E-1,2.678715706E0
7.912476538E1,1.512657166E0,-3.872534633E-1,-3.510534048E0
7.962232438E1,-1.469935417E0,5.761461854E-1,2.531868219E0
8.011988358E1,1.863648057E0,-1.011509538E0,-3.759481192E0
8.061744158E1,-8.684002161E-1,1.517102242E0,2.578626156E0
8.111499996E1,1.319252014E0,-8.434320092E-1,-4.010723591E0
8.161255796E1,-1.036138177E0,7.746956944E-1,2.960779905E0
8.211011433E1,1.703859568E0,-1.658014894E0,-3.441866159E0
8.260767133E1,-3.438491821E-1,2.421974242E-1,3.160339594E0
8.310522821E1,1.201831460E0,-2.339147806E0,-2.337231159E0
8.360278521E1,-7.461476326E-1,2.044059783E-1,2.708389759E0
8.410034125E1,8.089151978E-1,1.353635825E-2,8.715232462E-2
8.459789725E1,-2.327051461E-1,3.677322567E-1,8.925027251E-1
8.509545383E1,-1.743999958E0,6.535499692E-1,1.276970059E-1
8.559300983E1,-1.599539816E-1,-3.189784884E-1,1.897051632E-1
8.609056450E1,-5.226379037E-1,-7.318536639E-1,2.344158888E0
8.658811850E1,-4.540748596E-1,-1.165633321E0,-9.847822189E-1
8.708567333E1,4.486239851E-1,-3.792242110E-1,1.073585033E0
8.758322733E1,1.498272538E0,-1.036396384E0,-1.937040925E0
8.808078025E1,-3.128683865E-1,-2.984935641E-1,2.208918333E0
8.857833325E1,1.391095877E0,-7.751032244E-3,-2.463278532E0
8.907588671E1,-1.355867028E0,9.500608444E-1,1.455528140E0
8.957343971E1,1.107964277E0,-2.425338924E-1,-3.051558018E0
9.007099296E1,-7.101902962E-1,1.707572579E0,2.054864407E0
9.056854496E1,5.105106235E-1,-8.055149317E-1,-3.295031786E0
9.106609858E1,-7.448548079E-1,2.231270969E-1,3.017402887E0
9.156365058E1,1.696283698E0,-2.179744005E0,-2.687681675E0
9.206120125E1,-1.810689569E0,-6.453949809E-1,3.316840172E0
9.255875325E1,1.433507204E0,-1.568857133E-1,-6.069122553E-1
9.305630563E1,-8.433131576E-1,6.458097100E-1,1.419880390E0
9.355385763E1,-8.697395921E-1,5.970328450E-1,3.184780478E-1
9.405140808E1,-5.268293619E-1,-9.832031727E-1,-3.302794099E-1
9.454896008E1,-6.916860342E-1,9.728772044E-1,9.769428372E-1
9.504651171E1,-1.721948147E0,-9.015625119E-1,-1.688533187E0
9.554406271E1,-1.388519406E0,1.835889816E0,1.787508488E0
9.604161346E1,9.743681550E-1,-5.375939608E-1,-3.145852089E0
9.653916446E1,-1.073120117E0,-6.746417880E-1,3.582227230E0
9.703671608E1,1.187088966E0,6.480564475E-1,-4.836486340E0
9.753426708E1,-1.444694161E0,-4.371951222E-1,3.739149332E0
9.803181671E1,2.370836258E0,-7.275111079E-1,-4.933895111E0
9.852936771E1,-2.716084003E0,4.234867096E-1,4.692203045E0
9.902691763E1,8.627355695E-1,-8.751853704E-1,-4.114546776E0
9.952446763E1,-1.086108685E0,-3.238478899E-1,4.650452614E0
1.000220172E2,1.683673143E0,-1.319127917E0,-2.837787151E0
1.005195672E2,-1.203599691E0,2.619388402E-1,2.515629053E0
1.010171163E2,2.603734970E0,-2.133991718E0,-3.557268679E-1
1.015146653E2,-1.415983796E0,8.094670177E-1,8.303418756E-1
1.020122160E2,-1.022467494E0,8.960170150E-1,-5.989056081E-4
1.025097650E2,-1.443916082E0,-2.245383412E-1,1.327012539E0
1.030073140E2,1.121544093E-1,1.434700787E-1,2.801566422E-1
1.035048630E2,-8.141573668E-1,3.268388510E-1,-6.415590048E-1
1.040024119E2,-1.192713022E0,6.933972836E-1,8.627592921E-1
1.044999609E2,6.903674006E-1,-8.229640126E-1,-2.089268446E0
1.049975090E2,-1.682628155E0,8.447272778E-1,2.423646927E0
1.054950580E2,1.490295649E0,-7.239148021E-1,-3.010962725E0
1.059926051E2,-1.511428833E0,7.230140567E-1,2.771334171E0
1.064901521E2,1.666027546E0,-7.399325371E-1,-3.275296688E0
1.069877002E2,-2.114610434E0,1.878481507E0,2.218937159E0
1.074852472E2,1.367074728E0,-6.776912808E-1,-4.575933456E0
1.079827952E2,-9.431732297E-1,2.102374315E0,3.932851076E0
1.084803412E2,1.503516078E0,-9.130930901E-1,-4.560211182E0
1.089778865E2,-1.186583996E0,9.441849589E-2,4.551825523E0
1.094754325E2,1.196292281E0,-2.008350134E0,-3.412463665E0
1.099729779E2,-1.649408698E0,1.363459468E0,3.734837770E0
1.104705219E2,1.597173333E0,-2.602801085E0,-3.227078676E0
1.109680665E2,9.600615501E-2,2.652781010E0,3.125809193E0
1.114656105E2,9.135869145E-1,-1.342751145E0,-1.551349044E0
1.119631533E2,-2.942794263E-1,8.943606019E-1,1.662899494E0
1.124606963E2,-5.001158118E-1,2.032275200E0,-3.049443364E-1
1.129582398E2,-6.051892638E-1,-5.206679553E-2,2.048543543E-1
1.134557818E2,-5.113905072E-1,1.238869429E0,1.097563624E0
1.139533232E2,5.170174241E-1,-4.070495665E-1,-2.110779762E0
1.144508652E2,-2.178412199E0,1.712617517E0,1.962179184E0
1.149484063E2,8.842443228E-1,-1.110381842E0,-3.141457319E0
1.154459473E2,-9.876711369E-1,3.414256871E-1,3.403842926E0
1.159434878E2,1.066587687E0,-1.696705222E-1,-4.108578205E0
1.164410278E2,-2.531574726E0,-5.700804591E-1,3.368798018E0
1.169385680E2,3.509129047E0,-6.196835637E-1,-4.395351887E0
1.174361080E2,-1.515072942E0,1.156339422E-1,3.427407980E0
1.179336477E2,2.346190214E0,-2.223120928E0,-4.475126266E0
1.184311867E2,-6.078719497E-1,-1.767545789E-1,5.060256481E0
1.189287258E2,4.699423909E-1,-2.502852440E0,-3.389434099E0
1.194262648E2,-3.350997567E-1,-1.469918340E-2,3.785219669E0
1.199238027E2,9.997682571E-1,-2.603681803E0,-2.392408848E0
1.204213417E2,-9.377846122E-1,7.134379745E-1,2.771996021E0
1.209188796E2,1.326271653E0,-5.991847515E-1,-9.531167746E-1
1.214164186E2,2.750839107E-2,5.579203963E-1,5.551477671E-1
1.219139563E2,-2.125056088E-1,5.219798163E-2,8.880156875E-1
1.224114953E2,-9.176741242E-1,-1.547387540E-1,5.118549466E-1
1.229090336E2,-1.985314608E0,6.657694578E-1,1.399190426E0
1.234065716E2,6.855224073E-2,-8.957791328E-1,-2.038434029E0
1.239041082E2,-2.220841646E0,4.629351795E-1,2.271157980E0
1.244016462E2,1.244287729E0,-4.527330995E-1,-2.846636534E0
1.248991836E2,-2.110419750E0,1.013625383E0,2.421698093E0
1.253967206E2,1.918551087E0,-5.826457739E-1,-3.643494844E0
1.258942577E2,2.871781401E-2,9.669658542E-1,3.074793339E0
1.263917947E2,1.773467064E0,-6.670806408E-1,-4.152161598E0
1.268893321E2,-2.007137686E-1,-3.590025604E-1,4.229865551E0
1.273868691E2,5.167184472E-1,-2.986443281E0,-2.772287607E0
1.278844043E2,1.502672553E0,-2.006409466E-1,3.950228214E0
1.283819403E2,8.807116747E-1,-1.008571506E0,-2.035399199E0
1.288794764E2,-8.342041373E-1,8.007864952E-1,2.503971815E0
1.293770124E2,3.010205328E-1,-2.558732927E-1,-2.411801517E-1
1.298745484E2,-1.237536550E0,3.370091617E-1,-5.111605525E-1
1.303720834E2,-7.659483552E-1,-1.754985005E-1,1.690945387E0
1.308696198E2,-9.985117614E-2,-2.839858234E-1,-1.645411491E0
1.313671548E2,-1.182159066E0,1.222649217E0,1.860690475E0
1.318646893E2,1.834401131E0,-1.383734465E0,-1.672557354E0
1.323622243E2,-1.551985979E0,1.879577279E0,6.432735324E-1
1.328597593E2,1.412554145E0,4.130657613E-1,-3.778906107E0
1.333572943E2,-1.770865560E0,1.187491536E0,3.733981848E0
1.338548300E2,1.286289930E0,-1.599147201E0,-4.664722443E0
1.343523640E2,2.030454725E-1,5.053644180E-1,4.784437180E0
1.348498985E2,1.189983726E0,-2.191975594E0,-3.033591270E0
1.353474325E2,-2.165683955E-1,3.367019296E-1,2.647405148E0
1.358449663E2,8.733808994E-1,-2.208867311E0,-2.155525684E0
1.363425013E2,9.660275578E-1,6.856653094E-1,2.136713743E0
1.368400354E2,1.400936484E0,-8.851380348E-1,-1.196427226E0
1.373375694E2,-4.922732711E-1,6.929549575E-1,1.682728291E0
1.378351033E2,8.395654708E-2,5.204427838E-1,-8.130286932E-1
1.383326373E2,-1.181964636E0,3.519025147E-1,4.412276447E-1
1.388301726E2,-4.602370262E-1,5.337140560E-1,4.594536424E-1
1.393277066E2,4.193912745E-1,-8.121263981E-2,-9.771274328E-1
1.398252412E2,-1.183112144E0,1.092731118E0,2.426861286E0
1.403227762E2,-4.678069614E-3,-7.913581729E-1,-2.285911322E0
1.408203127E2,-9.187911153E-1,4.064531922E-1,2.302889347E0
1.413178487E2,3.287518919E-1,-7.150093913E-1,-3.385887623E0
1.418153849E2,-2.045254707E0,2.928479612E-1,2.540348768E0
1.423129209E2,1.876312137E0,-8.357853293E-1,-3.734129906E0
1.428104569E2,-9.605637789E-1,3.257084787E-1,3.208386660E0
1.433079929E2,9.750083089E-1,-4.643138945E-1,-4.433999062E0
1.438055285E2,-8.349400163E-1,1.066573977E0,3.568125248E0
1.443030645E2,7.840552926E-1,-1.664688110E0,-3.437989712E0
1.448006001E2,-1.179739833E0,8.009659052E-1,3.093482494E0
1.452981351E2,1.658290863E0,-1.974135756E0,-2.314469576E0
1.457956707E2,-1.057848334E0,5.347632170E-1,2.865190029E0
1.462932057E2,1.193028808E0,2.610787190E-2,-8.868867159E-1
1.467907406E2,2.690674961E-1,3.985674381E-1,1.137925625E0
1.472882746E2,2.977846190E-2,3.651975989E-1,-1.034567207E-1
1.477858098E2,-4.088112116E-1,-4.678082764E-1,1.141730230E-3
1.482833438E2,-1.419590563E-1,8.417824507E-1,4.496726990E-1
1.487808775E2,-9.824139476E-1,-8.091123104E-1,-1.628911853E0
1.492784115E2,-2.068207413E-1,1.310997844E0,5.959060192E-1
1.497759442E2,3.913384080E-1,1.471828818E-1,-2.199615479E0
1.502734782E2,-1.324394941E0,1.847651124E0,1.838406801E0
1.507710120E2,8.598068357E-1,-7.054651976E-1,-3.102024317E0
1.512685450E2,-1.815468788E0,1.217339754E0,2.664150953E0
1.517660775E2,1.506759644E0,-7.516891956E-1,-3.710904360E0
1.522636095E2,-1.053063154E0,8.813008666E-1,3.081665039E0
1.527611422E2,1.606029749E0,-8.846607208E-1,-3.749417543E0
1.532586742E2,-1.613631845E0,6.988560557E-1,2.921296120E0
1.537562061E2,1.403421998E0,-1.724448800E0,-3.077518702E0
1.542537381E2,-1.318903804E0,3.469417691E-1,3.901764631E0
1.547512701E2,1.579746366E0,-1.746510148E0,-2.435557842E0
1.552488011E2,-1.165503979E0,-1.140626520E-1,2.782435417E0
1.557463330E2,1.713877678E0,-7.604503632E-1,-1.028408051E0
1.562438650E2,-5.354953930E-2,1.096494198E-1,1.843209624E0
1.567413948E2,5.470713377E-1,2.175416946E-1,1.725464910E-1
1.572389258E2,-1.353654265E0,-7.569637895E-2,-3.237740099E-1
1.577364562E2,-6.818000078E-1,9.592655301E-1,1.122494221E0
1.582339862E2,1.130733728E0,-3.054822087E-1,-1.002732277E0
1.587315162E2,-1.240040064E0,7.316433787E-1,2.296646595E0
1.592290471E2,1.210017204E0,-1.317286849E0,-2.092176914E0
1.597265771E2,-1.920411348E0,2.157783985E0,2.092978716E0
1.602241070E2,1.711225510E0,-9.727492332E-1,-3.052558661E0
1.607216380E2,-1.477682233E0,7.088307142E-1,2.500016928E0
1.612191678E2,1.117355347E0,-5.224344730E-1,-4.045230865E0
1.617166978E2,-1.231492534E-1,1.186117768E0,3.003829956E0
1.622142271E2,2.646004558E-1,-5.182692409E-1,-4.182381153E0
1.627117571E2,-6.446776539E-2,4.546720088E-1,3.583097458E0
1.632092878E2,6.017870903E-1,-2.577967405E0,-2.702274323E0
1.637068178E2,-2.469008684E0,5.332616568E-1,3.102200747E0
1.642043465E2,1.777224183E0,-3.713434041E-1,-1.388734698E0
1.647018765E2,-2.571974695E-1,9.780977368E-1,1.811668277E0
1.651994060E2,-3.284984827E-1,4.577791691E-1,-3.125083447E-1
1.656969350E2,-1.050631762E0,9.913673401E-1,-3.572455049E-1
1.661944637E2,-9.350813031E-1,1.155337334E0,1.032208204E0
1.666919927E2,6.765076518E-1,-2.407701686E-2,-1.867340446E0
1.671895210E2,-1.864215493E0,1.252097130E0,2.042692900E0
1.676870500E2,1.592215180E0,-6.682934761E-1,-2.885931492E0
1.681845778E2,-1.561964154E0,7.001994252E-1,2.603903294E0
1.686821058E2,1.509593129E0,-1.407311708E-1,-4.323391914E0
1.691796333E2,-3.651543856E-1,6.820138693E-1,2.964947224E0
1.696771603E2,2.173352480E0,-1.656204224E0,-3.602460861E0
1.701746883E2,-8.918575644E-1,8.320458531E-1,3.645705223E0
1.706722153E2,9.766560197E-1,-2.600059271E0,-2.810422182E0
1.711697421E2,-4.382243752E-1,-3.314362764E-1,3.264450788E0
1.716672691E2,9.722660780E-1,-5.878822803E-1,-7.165992856E-1
1.721647951E2,1.303731799E-1,3.342580199E-1,9.712975025E-1
1.726623221E2,4.780140147E-2,-3.230913877E-1,7.577858567E-1
1.731598485E2,-2.738036811E-1,-1.236669794E-1,-7.836892009E-1
1.736573755E2,-8.846542239E-1,3.797816336E-1,2.445078373E0
1.741549021E2,1.962740719E-1,-9.104501605E-1,-2.154027462E0
1.746524281E2,-1.739461780E0,7.808566689E-1,2.681812286E0
1.751499527E2,1.449397445E0,1.239364028E0,-3.236588001E0
1.756474787E2,-1.218812943E0,-5.695851445E-1,3.295133114E0
1.761450033E2,2.865047693E0,2.015233994E0,-2.561024666E0
1.766425293E2,-6.438187957E-1,-1.964375138E0,3.409411430E0
1.771400541E2,9.655436277E-1,1.316728950E0,-4.187344551E0
1.776375791E2,-3.263020277E0,-6.403553486E-1,1.449634552E0
1.781351035E2,1.768725753E0,-2.609016180E0,-1.494804382E0
1.786326285E2,1.075000048E0,1.418556333E0,-7.031826377E-1
1.791301521E2,-1.941443205E0,-3.218777895E0,4.397094727E0
1.796276761E2,-1.066083193E0,1.347303987E0,-8.176073432E-1
1.801252020E2,-6.225792225E-3,-5.006282330E-1,1.140943646E0
1.806227260E2,-1.264191389E0,4.705400392E-2,-1.999302208E-1
1.811202493E2,-1.273301244E0,4.141855240E-1,1.306721449E0
1.816177733E2,1.188093781E0,-3.792448044E-1,-2.491010427E0
1.821152985E2,-1.332968235E0,3.214812279E-1,2.602932692E0
1.826128235E2,1.285243869E0,6.989711523E-2,-3.329222441E0
1.831103477E2,-2.422591448E0,1.955584168E0,9.149383903E-1
1.836078727E2,1.680471539E0,-4.234026372E-1,-3.592730045E0
1.841053978E2,-3.778140843E-1,4.613801837E-1,2.933115721E0
1.846029228E2,4.897145033E-1,-1.110537171E0,-3.377072334E0
1.851004476E2,-9.652994573E-2,4.058786929E-1,2.991681576E0
1.855979726E2,4.850904644E-1,-1.648573160E0,-2.616788864E0
1.860954973E2,-2.340433896E-1,4.320760965E-1,3.317854643E0
1.865930223E2,7.454777956E-1,-7.359507680E-1,-2.648577213E0
1.870905480E2,4.370189905E-1,2.388766259E-1,2.941426039E-1
1.875880730E2,3.991681933E-1,1.339695334E0,-3.985716701E-1
1.880855974E2,6.678868532E-1,-1.043781638E-1,6.544005126E-2
1.885831214E2,2.365046293E-1,-2.067549825E-1,-1.183012053E-1
1.890806465E2,9.062886983E-2,-2.778398395E-1,-3.127782643E-1
1.895781715E2,1.548807025E-1,2.909614742E-1,-1.835166216E-1
1.900756963E2,1.003646925E-1,-1.917210780E-2,-7.500945032E-2
1.905732223E2,-1.714439690E-1,-4.218144119E-1,-1.496039927E-1
1.910707480E2,3.087848425E-1,-1.027202383E-1,2.817023993E-1
1.915682740E2,-2.028468847E-1,-1.437430084E-1,-1.115111485E-1
1.920658001E2,4.052296281E-1,1.520766467E-1,2.932240367E-1
1.925633261E2,-1.121593267E-1,1.001548320E-1,-2.662772238E-1
1.930608514E2,1.411957741E-1,3.938017190E-1,8.528526872E-2
1.935583774E2,-4.088759720E-1,-3.026209176E-1,-1.954340637E-1
1.940559037E2,8.815941215E-1,-1.955125213E0,2.572633982E0
1.945534297E2,-4.144741297E-1,2.323198877E-2,1.670043588E0
1.950509555E2,1.387381315E0,-1.981057286E0,-2.592432499E0
1.955484805E2,-1.108060241E0,-9.525758624E-1,3.492605925E0
1.960460051E2,1.893749952E0,-9.056392312E-1,-1.785217643E0
1.965435301E2,-1.275944591E0,3.369000554E-1,2.893085957E0
1.970410560E2,4.690356851E-1,4.400852323E-1,2.415472120E-1
1.975385810E2,-1.739187837E0,5.956853628E-1,4.532480836E-1
1.980361053E2,-1.583062053E0,6.471654177E-1,1.246080160E0
1.985336293E2,-1.010322928E0,-2.352961749E-1,-9.959784746E-1
1.990311542E2,-7.365947962E-1,1.070764065E0,9.006445408E-1
1.995286782E2,8.772157431E-1,2.911659777E-1,-1.769796491E0
2.000262025E2,-2.605833113E-1,4.929133654E-1,4.847629666E-1
2.005237265E2,1.641525865E0,4.609173536E-1,6.992729902E-1
2.010212509E2,-1.238180995E0,-5.300463438E-1,1.664751053E0
2.015187749E2,2.048211575E0,-1.184372902E0,-3.016075373E0
2.020162980E2,-4.426608086E-1,1.428853393E0,1.383926868E0
2.025138220E2,1.473352075E0,-1.646650434E0,-3.480259657E0
2.030113446E2,6.823900342E-2,1.491777182E0,2.349823236E0
2.035088676E2,1.587627649E0,-2.530697346E0,-3.566115379E0
2.040063916E2,-4.275458753E-1,1.639562964E0,2.849119186E0
2.045039136E2,2.648616433E-1,-2.498617172E0,-2.536834002E0
2.050014370E2,-1.857606173E0,-1.008757502E-1,3.689810276E0
2.054989590E2,1.619531631E0,-2.224129200E0,-2.441926003E0
2.059964807E2,-6.376411319E-1,9.239715338E-1,2.872324228E0
2.064940017E2,1.315537691E0,2.349452488E-2,-1.149486542E0
2.069915229E2,-5.396099091E-1,-1.421161294E-1,2.215450048E0
2.074890439E2,4.322902858E-1,-6.612681150E-1,4.356192648E-1
2.079865645E2,-1.627976537E0,8.147422671E-1,-7.642309666E-1
2.084840845E2,7.828760147E-1,1.233828187E0,1.448550940E0
2.089816049E2,2.377889007E-1,1.631079316E-1,-1.236724257E0
2.094791239E2,-7.892634869E-1,2.016476154E0,1.413945675E0
2.099766430E2,2.276241183E-1,6.034416556E-1,-3.422647476E0
2.104741620E2,-1.689817667E0,1.354889154E0,2.488222837E0
2.109716796E2,7.059057355E-1,-3.530021906E-1,-4.457540035E0
2.114691976E2,2.515184581E-1,7.029732466E-1,3.511349678E0
2.119667155E2,3.823310435E-1,-1.282913566E0,-4.371520042E0
2.124642325E2,-2.717130780E-1,9.920027852E-1,4.058029175E0
2.129617501E2,9.251893163E-1,-2.578485489E0,-4.675739288E0
2.134592671E2,1.922477782E-2,2.624017894E-1,4.427278519E0
2.139567823E2,3.945018351E-1,-3.203365564E0,-3.504412651E0
2.144542983E2,1.659345031E0,1.553705707E-2,4.751817226E0
2.149518149E2,1.111462593E0,-3.484104156E0,-2.832141161E0
2.154493299E2,7.735226154E-1,1.858334303E0,2.761150837E0
2.159468438E2,2.093815565E0,-1.991610765E0,6.369906664E-2
2.164443588E2,3.620646000E-1,6.186773777E-1,1.535096645E0
2.169418722E2,4.108738899E-1,-1.316032857E-1,-1.035523042E-2
2.174393852E2,-7.923077345E-1,5.176977515E-1,-1.946505010E-1
2.179369000E2,2.212370746E-2,2.866047919E-1,1.026785016E0
2.184344130E2,8.285864592E-1,-2.075369358E0,-2.627347708E0
2.189319251E2,-1.577781558E0,3.355259895E0,1.211309791E0
2.194294381E2,5.366001725E-1,-5.387549996E-1,-3.746497869E0
2.199269508E2,-1.013134792E-1,1.032632232E0,3.873219013E0
2.204244628E2,5.559962392E-1,-1.769827753E-1,-4.729362011E0
2.209219755E2,2.522492707E-1,2.009302616E0,2.055814743E0
2.214194885E2,-2.791126072E-1,-1.766170859E0,-4.600924969E0
2.219170018E2,7.587142289E-2,3.664301038E-1,4.884566784E0
2.224145148E2,6.521114707E-1,-2.259041071E0,-3.277176619E0
2.229120277E2,-4.552754760E-1,4.109956324E-1,3.902557373E0
2.234095397E2,5.654200912E-1,-3.213483810E0,-2.775218487E0
2.239070525E2,-7.535191774E-1,8.835737109E-1,2.670506001E0
2.244045645E2,1.227587104E0,-2.057155132E0,-1.993833542E0
2.249020778E2,-3.870283961E-1,8.014117479E-1,3.151146412E0
2.253995898E2,8.747150898E-1,-2.041703224E0,-5.806636810E-1
2.258971017E2,3.086000681E-2,-1.202529892E-1,1.403035402E0
2.263946137E2,1.057938207E-2,1.202044368E0,1.005308390E0
2.268921250E2,-2.016075850E0,1.006402850E0,-1.311437130E0
2.273896370E2,1.488110572E-1,1.702418685E0,8.407823443E-1
2.278871475E2,-1.251006424E-1,-1.406268477E-1,-2.836083174E0
2.283846585E2,7.793242931E-1,8.543146849E-1,1.992452979E0
2.288821693E2,4.704604670E-2,-2.385209203E-1,-4.350336552E0
2.293796803E2,3.793626428E-1,2.197267056E0,3.362781286E0
2.298771913E2,-1.528610885E-1,-2.338162661E0,-4.046917915E0
2.303747023E2,9.580610991E-1,1.305002689E0,4.015092373E0
2.308722128E2,-3.231722713E-1,-2.797804117E0,-3.374847889E0
2.313697228E2,-6.622585058E-1,9.491491914E-1,3.497293234E0
2.318672328E2,1.479286432E0,-2.718987703E0,-9.343073964E-1
2.323647428E2,-9.137937799E-3,1.378578782E0,1.931812286E0
2.328622527E2,-3.984256089E-2,-1.027611829E-2,-1.455911100E-1
2.333597617E2,-2.305333167E-1,5.143922940E-2,-2.334464900E-2
2.338572712E2,3.586680889E-1,6.422283053E-1,1.022829413E0
2.343547802E2,-1.203529716E0,-1.778901070E-1,-1.741286039E0
2.348522898E2,-2.979735732E-1,1.642795563E0,1.643290401E0
2.353497978E2,-2.844027877E-1,-9.905648232E-1,-2.492283583E0
2.358473058E2,-9.275116324E-1,1.322871566E0,2.679480791E0
2.363448138E2,1.344141960E-1,-1.286295950E-1,-3.631099463E0
2.368423219E2,-4.163785577E-1,2.669656515E0,1.798148394E0
2.373398299E2,7.392287850E-1,-2.277613878E0,-3.316841364E0
2.378373362E2,-4.060063660E-1,1.034908772E0,2.542926073E0
2.383348432E2,-2.324314862E-1,-3.435395956E0,-2.214150906E0
2.388323492E2,-2.890850306E-1,7.048549652E-1,2.502886295E0
2.393298552E2,1.177545071E0,-8.022388816E-1,-4.036216140E-1
2.398273618E2,-7.443457097E-2,5.789337754E-1,1.221722007E0
2.403248678E2,-7.007820010E-1,1.517901421E-1,3.054655194E-1
2.408223722E2,-9.477487803E-1,7.046910524E-1,-1.999312282E0
2.413198772E2,-8.708395362E-1,9.655029774E-1,1.459643960E0
2.418173815E2,-9.347725660E-2,-3.906372562E-2,-3.683271170E0
2.423148865E2,-3.513354808E-3,2.849355459E0,1.730729938E0
2.428123910E2,4.223909229E-2,-2.749715090E0,-3.428664446E0
2.433098950E2,-5.346263051E-1,1.025766015E0,3.139902353E0
2.438073990E2,8.919557184E-2,-3.121340513E0,-2.333375692E0
2.443049025E2,3.748846054E-1,6.798911095E-1,2.416683435E0
2.448024065E2,1.144729733E0,-1.017189384E0,-8.004639745E-1
2.452999108E2,6.936857700E-1,-3.714927435E-1,1.292836428E0
2.457974138E2,-3.954969049E-1,7.101097703E-2,2.998510003E-1
2.462949173E2,-7.675079703E-1,-4.005982280E-1,-1.373986840E0
2.467924213E2,3.536232114E-1,-3.045908734E-2,2.294576883E0
2.472899253E2,-3.161535859E-1,6.460731030E-1,-2.905663490E0
2.477874283E2,-1.251336217E0,2.528131485E0,1.568813443E0
2.482849323E2,5.056494474E-1,-8.944247365E-1,-3.844398499E0
2.487824363E2,9.011017680E-1,3.758075535E-1,3.005629063E0
2.492799398E2,3.461913764E-1,-3.461554050E0,-2.569430351E0
2.497774438E2,-9.603526592E-1,2.799836993E-1,2.807544470E0
2.502749477E2,6.146522760E-1,-1.263424993E0,-2.006588936E0
2.507724527E2,1.396157444E-1,1.273872375E0,2.258594036E0
2.512699570E2,-5.117698908E-1,6.322495341E-1,-1.205507874E0
2.517674620E2,-1.416815668E-1,1.832829267E-1,4.742858186E-2
2.522649657E2,1.140131235E0,-2.322877884E0,2.378197670E0
2.527624697E2,-1.230214238E-1,-1.491732597E-1,-2.399035215E0
2.532599742E2,-8.582992554E-1,9.447254539E-1,3.091361284E0
2.537574782E2,7.198835611E-1,8.344447613E-2,-2.497247219E0
2.542549823E2,-1.174168348E0,1.261419892E0,2.165560484E0
2.547524873E2,1.570088625E0,-2.409699261E-1,-1.848923802E0
2.552499916E2,2.904665232E0,-6.419315338E-1,1.816542745E0
2.557474956E2,1.330216527E0,5.634084344E-1,-3.152525902E0
2.562449993E2,4.988979697E-1,1.474976659E0,1.852735639E0
2.567425033E2,1.131291389E0,-9.544025660E-1,-3.812903881E0
2.572400066E2,9.371196479E-2,1.562061906E0,2.194252491E0
2.577375106E2,3.326765001E-1,-7.004001737E-1,-3.349075794E0
2.582350151E2,-1.017046571E0,2.452275753E0,1.509526134E0
2.587325191E2,2.756949328E-2,-3.127167940E0,-2.875916004E0
2.592300214E2,6.459813714E-1,7.962113023E-1,2.312846661E0
2.597275254E2,2.210573293E-2,-2.507319450E0,-2.658989906E0
2.602250298E2,-1.801262945E-1,6.012263894E-1,1.818693399E0
2.607225328E2,1.380785108E0,-9.011653066E-1,-7.237195373E-1
2.612200365E2,-1.220063567E0,7.234879136E-1,9.493528605E-1
2.617175395E2,6.928173900E-1,1.289615870E0,-7.953082323E-1
2.622150423E2,4.748320952E-2,-9.624061584E-1,8.080790043E-1
2.627125453E2,-1.293775439E0,1.187979221E0,8.731201291E-1
2.632100482E2,-1.328767419E0,-1.918571353E0,1.093213856E-1
2.637075512E2,-3.729455173E-1,-5.302593112E-1,2.812587738E0
2.642050541E2,-9.215075970E-1,-3.512060344E-1,-1.515039444E0
2.647025571E2,-1.192093730E0,3.016885221E-1,2.408013344E0
2.652000609E2,-1.544080377E-1,-7.862100005E-1,-2.497608900E0
2.656975629E2,-1.037033558E0,5.027126074E-1,2.167260170E0
2.661950658E2,-2.843663096E-1,-1.768671632E0,-2.448060513E0
2.666925678E2,-1.536793113E0,1.955586195E0,1.969080448E0
2.671900697E2,7.558734417E-1,-7.525008917E-1,-3.044165373E0
2.676875717E2,-1.240815759E0,5.058485270E-1,2.626204729E0
2.681850738E2,8.814276457E-1,-1.158869147E0,-3.414067745E0
2.686825758E2,-9.136741757E-1,1.282913804E0,2.624099970E0
2.691800768E2,-1.843427569E-1,1.027322486E-1,-4.403161526E0
2.696775788E2,-1.296083212E0,2.866609097E0,2.149420738E0
2.701750800E2,1.507639408E0,-1.884969831E0,-2.693842173E0
2.706725810E2,-2.091950029E-1,1.033496976E0,2.025522709E0
2.711700813E2,1.001477122E0,-9.760339856E-1,-2.907374144E0
2.716675823E2,-2.876923978E-1,1.071775317E0,1.494077086E0
2.721700578E2,-3.086915314E-1,-1.535446763E0,-2.144474983E0
2.726675588E2,3.081046641E-1,8.598792553E-1,1.980183721E0
2.731700340E2,-1.374094654E-2,-2.965468168E0,-1.631103992E0
2.736725090E2,2.382604927E-1,8.007504344E-1,1.415331006E0
2.741749836E2,1.227221638E-1,-2.741328478E0,-1.858412027E0
2.746774586E2,1.218402460E-1,1.458764523E-1,2.113350391E0
2.751799331E2,6.162573695E-1,-1.255312443E0,-2.363632441E0
2.756824081E2,-3.274274990E-2,9.603372961E-2,2.015840292E0
2.761848835E2,5.051529780E-2,-2.256788969E0,-1.903247952E0
2.766873575E2,1.377307624E-1,-4.922172800E-2,2.606843472E0
2.771898323E2,1.539112926E0,-1.088647962E0,-2.224107742E0
2.776923063E2,3.875683546E-1,4.799222946E-1,3.180094242E0
2.781947812E2,1.553625822E0,-1.983789921E0,-1.328247905E0
2.786972552E2,-3.581497669E-1,9.709016681E-1,2.146672726E0
2.791997298E2,2.427601069E-1,1.257423043E0,-4.753334820E-1
2.797022038E2,5.117526054E-1,9.077015519E-2,2.351998985E-1
2.802046788E2,-1.138820723E-1,1.886162758E0,3.009461164E-1
2.807071538E2,4.303430915E-1,-7.809072733E-1,-4.054447114E-1
2.812096286E2,8.169631660E-2,-3.259680867E-1,3.539095521E-1
2.817121036E2,-5.509635434E-2,4.258023500E-1,-3.516319394E-1
2.822145790E2,1.834139079E-1,4.273759723E-1,1.221197024E-1
2.827120800E2,-6.375634670E-2,-2.054902792E0,6.752308607E-1
2.832145548E2,-1.290989757E0,1.364098787E-1,1.607782125E0
2.837170298E2,-8.192084432E-1,-1.766601205E0,-6.824222207E-1
2.842145308E2,7.847197652E-1,3.251274526E-1,2.680810452E0
2.847170058E2,-5.833433270E-1,3.468448520E-1,-2.235933065E0
2.852194805E2,-1.648344755E0,1.888380289E0,1.870981812E0
2.857219555E2,-1.244211495E-1,-4.380981922E-1,-2.934532166E0
2.862244310E2,-1.615998626E0,1.490733981E0,3.464313507E0
2.867269060E2,1.299646139E0,-1.543167979E-1,-3.400713682E0
2.872293805E2,-3.008362293E0,1.765797734E0,1.564259410E0
2.877268815E2,2.276426554E0,-2.181123972E0,-3.758739710E0
2.882293556E2,-1.534625888E0,2.096280098E0,2.257305861E0
2.887318306E2,2.112075806E0,-1.157889247E0,-3.655012608E0
2.892343058E2,-1.048398256E0,1.740029216E0,2.275753975E0
2.897367808E2,1.328611374E0,-2.238179743E-2,-4.102116108E0
2.902392553E2,-2.896076739E-1,2.313784361E0,1.528836370E0
2.907417303E2,1.222315073E0,-9.402924180E-1,-3.466191769E0
2.912442043E2,5.145255923E-1,4.706079364E-1,2.902740955E0
2.917466793E2,1.356761307E-1,7.242450714E-1,-4.950210571E0
2.922491533E2,7.721828222E-1,1.594264627E0,2.692178726E0
2.927516273E2,5.821570754E-1,-8.745560050E-1,-3.994719267E0
2.932541014E2,-1.275486231E0,2.276713610E0,1.964264989E0
2.937565754E2,2.955698669E-1,-1.617967963E0,-3.819017887E0
2.942590485E2,-1.534601212E0,6.915537715E-1,2.345641851E0
2.947615225E2,3.847271204E-1,-8.786540031E-1,-3.373868465E0
2.952639951E2,-1.104514241E0,1.053553700E0,1.719776630E0
2.957664681E2,9.239053130E-1,-1.030555964E0,-2.859116077E0
2.962689413E2,-9.698000550E-1,2.049721241E0,1.343623042E0
2.967714143E2,4.470438957E-1,-3.009881079E-1,-3.775817633E0
2.972738875E2,-1.115920424E0,2.556457996E0,1.389704823E0
2.977763605E2,6.799688339E-1,-4.136857986E0,-3.786077261E0
2.982788331E2,6.343110651E-2,1.601319164E-1,3.699321747E0
2.987813051E2,1.943321466E0,-1.823718548E0,-1.589931846E0
2.992837771E2,1.050753966E-1,-3.038146198E-1,2.019762516E0
2.997862491E2,-8.688712120E-2,2.201950550E0,9.418185353E-1
3.002887213E2,-1.882552385E0,3.467083871E-1,-3.145231962E0
3.007911933E2,-1.457442760E0,2.894840717E0,9.029008746E-1
3.012936652E2,8.776603341E-1,4.313303232E-1,-5.879153609E-1
3.017961372E2,2.795433700E-1,1.372279882E0,-2.103815317E0
3.022986090E2,-3.164916515E0,1.212130785E0,-4.117209613E-1
3.028010810E2,-3.552333117E-1,-1.726693273E0,2.324213386E-1
3.033035525E2,1.504331827E-1,-5.445569158E-1,-2.109704256E0
3.038060245E2,-1.887047648E0,7.829909325E-1,3.067908287E-1
3.043084963E2,1.540510207E-1,-1.265593886E0,-8.117347956E-2
3.048109683E2,6.007096171E-1,-1.917026401E0,-1.948876619E0
3.053134405E2,-7.781949639E-2,1.659853458E0,4.576289952E-1
3.058159115E2,-7.022823691E-1,6.344701052E-1,-7.475318909E-1
3.063183839E2,-8.129014969E-1,1.790037453E-1,1.992723644E-1
3.068208549E2,-7.016567141E-2,-3.835284710E-1,-1.779371053E-1
3.073233259E2,-1.738310754E-1,-1.669635922E-1,-1.369467974E-1
3.078257969E2,2.211854309E-1,-2.467611283E-1,-2.808625996E-2
3.083282678E2,4.289448857E-1,-3.084999621E-1,7.978269458E-2
3.088307398E2,-2.819404304E-1,2.109893709E-1,-1.114250645E-1
3.093332105E2,4.396850765E-1,3.196775615E-1,1.024630308E0
3.098356815E2,1.238113921E-2,6.028714776E-2,-7.407575846E-1
3.103381527E2,1.614126563E-1,-8.148784190E-2,5.676309466E-1
3.108406247E2,6.224411353E-2,-2.550874949E-1,1.444540977E0
3.113430957E2,2.573036551E-1,-3.241194487E-1,-1.774566054E0
3.118455677E2,-7.065568566E-1,-3.558908999E-1,2.147989988E0
3.123480392E2,-8.189036846E-1,4.116990864E-1,-1.190155387E0
3.128505102E2,7.744391561E-1,-1.333996296E0,-1.914677173E-1
3.133529831E2,9.236188531E-1,4.830213487E-1,-1.458170772E0
3.138554541E2,4.555827379E-1,-7.763597369E-2,1.779848337E0
3.143579243E2,-3.989333636E-4,-2.087785155E-1,-4.939040169E-3
3.148603963E2,1.155851960E0,1.793032885E-1,-1.529805422E0
3.153628673E2,-1.102803230E0,-2.410735935E-1,1.313375354E0
3.158653383E2,-8.608031869E-1,2.944603443E0,2.897989452E-1
3.163678095E2,-2.554708719E-1,-1.046879590E-1,-3.943409204E0
3.168702805E2,8.093445748E-2,5.470223427E-1,3.033361912E0
3.173727508E2,1.183887005E0,-5.303749084E0,-1.726018548E0
3.178752218E2,8.024879694E-1,4.394161999E-1,3.703600645E0
3.183776918E2,7.831847072E-1,-2.229007781E-1,-1.450876296E-1
3.188801626E2,1.066972136E0,1.719327211E0,1.500249982E0
3.193826326E2,-1.939623803E-2,8.116344810E-1,-2.091544122E-1
3.198851031E2,-6.038106680E-1,-1.075505763E-1,-1.639417648E0
3.203875731E2,-1.936522312E-2,1.305776477E0,1.038360238E0
3.208900447E2,-4.466134310E-1,3.983677626E-1,-2.972856522E0
3.213925147E2,-6.003933549E-1,1.235367417E0,1.734738469E0
3.218949845E2,-2.086773068E-1,-7.319806814E-1,-3.716532946E0
3.223974545E2,-3.081310689E-1,1.981518149E0,3.424215317E0
3.228999246E2,-2.161521912E-1,-4.041365623E0,-3.362755537E0
3.234023946E2,7.989697456E-1,-1.044828296E0,5.542481899E0
3.239048633E2,6.450787783E-1,-3.057160854E0,-2.511064529E0
3.244073333E2,6.282078028E-1,1.802248001E0,2.772881508E0
3.249098026E2,-2.726866864E-2,-2.121636629E0,8.470534086E-1
3.254122716E2,-1.448085546E0,2.457459718E-1,-9.592441320E-1
3.259147405E2,-2.768834233E-1,1.335270852E-1,1.353863716E0
3.264172095E2,-1.962458342E-1,-5.366141200E-1,-2.460129738E0
3.269196786E2,-1.806212187E0,1.649749160E0,1.817083240E0
3.274221476E2,2.026756555E-1,-2.453457415E-1,-3.473902225E0
3.279246169E2,-1.683913589E0,2.708744049E0,1.229395866E0
3.284270849E2,8.837594092E-2,-1.246017814E0,-4.075541019E0
3.289295536E2,9.654869139E-2,1.323076606E0,3.402979374E0
3.294320216E2,4.840335846E-1,-3.950426817E0,-2.981494188E0
3.299344892E2,1.092009068E0,2.444845289E-1,4.147781849E0
3.304369572E2,1.450016618E0,-1.498024911E-1,-1.710249782E0
3.309394258E2,5.869009495E-1,4.963412583E-1,2.026533842E0
3.314418938E2,-5.799658969E-2,-7.035446763E-1,4.478218257E-1
3.319443605E2,-1.086711407E0,-4.055545628E-1,-1.655131817E0
3.324468275E2,-1.106952310E0,2.792389154E0,1.063239336E0
3.329492957E2,1.823506653E-1,6.842553020E-1,-3.690805197E0
3.334517627E2,-4.724495411E-1,2.741770744E0,1.775256753E0
3.339542294E2,-5.704098344E-1,-1.188853145E0,-4.392332554E0
3.344566954E2,3.061249256E-1,8.412821293E-1,3.513386726E0
3.349591623E2,-1.906108975E0,-2.235984802E0,-3.140942335E0
3.354616283E2,-1.133531451E0,-6.768205166E-1,4.676825523E0
3.359640948E2,1.437434554E0,-1.744699121E0,-2.260977268E0
3.364665608E2,3.587878346E-1,7.378370166E-1,2.636246920E0
3.369690263E2,1.330790371E-1,-7.098816037E-1,1.327178001E0
3.374714913E2,-5.510069728E-1,3.100403845E-1,-2.346743107E0
3.379739576E2,-1.389890552E0,2.040310383E0,2.035862923E0
3.384764226E2,-4.590781927E-1,1.218176246E0,-4.297874928E0
3.389788871E2,-1.310641766E0,2.259317875E0,2.188401222E0
3.394813511E2,4.738957882E-1,-1.916791797E0,-4.538750172E0
3.399838168E2,1.025107980E0,-2.953195572E-1,4.045048714E0
3.404862808E2,7.506005168E-1,-3.455079317E0,-4.071102142E0
3.409887448E2,7.492994666E-1,-1.244466543E0,5.554153442E0
3.414912088E2,-3.885220885E-1,-1.791632414E0,-4.072728634E0
3.419936718E2,8.678952232E-3,3.802634478E-1,3.817321062E0
3.424961358E2,1.062775493E0,-1.913435578E0,-1.870565653E0
3.429985983E2,-5.338994265E-1,8.182519674E-1,2.346732616E0
3.435010603E2,1.198220015E0,-2.448777854E-1,-5.424063802E-1
3.440035236E2,-1.159507155E0,6.256616712E-1,8.123832941E-1
3.445059866E2,-4.056243598E-2,8.611063957E-1,5.579453111E-1
3.450084490E2,-3.101025820E0,7.722737789E-1,3.028430045E-1
3.455109110E2,-7.408274412E-1,1.824529022E-1,1.278488517E0
3.460133726E2,-1.256927609E0,-4.362962544E-1,-8.814623952E-1
3.465158346E2,-2.958724499E-1,1.286824584E0,1.446263075E0
3.470182955E2,-8.140603900E-1,-9.275783896E-1,-2.631021738E0
3.475207575E2,1.485750437E0,3.876419961E-1,2.056129456E0
3.480232187E2,1.553793103E-1,-7.915842533E-1,-2.802153111E0
3.485256797E2,-1.847045422E0,-3.991006911E-1,3.598728895E0
3.490281403E2,1.292266399E-1,6.813506484E-1,-4.962973595E0
3.495306013E2,-1.452640772E0,1.123320222E0,1.645400882E0
3.500330636E2,1.903290391E0,-7.719171047E-1,-3.920840740E0
3.505355246E2,1.131698489E0,-9.810965657E-1,4.453284740E0
3.510379866E2,-2.946010530E-1,-7.152649015E-2,-4.037149429E0
3.515404486E2,1.294234097E-1,1.152976632E0,3.649020910E0
3.520429105E2,-2.488031089E-1,-1.978296161E0,-3.933838129E0
3.525453725E2,3.857776821E-1,1.663290024E0,3.946253538E0
3.530478337E2,6.960555166E-2,-2.494301558E0,-3.886422396E0
3.535502957E2,9.118205905E-1,6.796053052E-2,3.607330561E0
3.540527566E2,3.706872702E0,-2.474699020E0,-2.777033091E0
3.545552186E2,-3.338343143E0,-6.686363220E-1,1.419536710E0
3.550576798E2,1.996886730E0,-1.794173717E0,-2.358475447E0
3.555601418E2,-1.497207284E-1,7.142119408E-1,-7.828538418E-1
3.560626024E2,1.046457529E0,4.257965684E-1,-2.886594087E-2
3.565650634E2,4.514155909E-3,-5.911005139E-1,2.035008222E-1
3.570675248E2,-1.397050023E-1,3.443814516E-1,-2.185120881E-1
3.575699858E2,-3.240178823E0,-2.399134398E0,2.743600845E0
3.580724466E2,-1.489799619E0,7.723703980E-2,-6.061190367E-1
3.585749076E2,-4.727932513E-1,-3.033096194E-1,2.803614736E-1
3.590773687E2,-6.440252662E-1,7.808519602E-1,8.774989843E-1
3.595798297E2,6.168123484E-1,2.595210969E-1,-2.420616865E0
3.600822903E2,-1.311906219E0,1.624590874E0,1.689921141E0
3.605847513E2,1.727355599E0,-1.063458920E0,-3.225236177E0
3.610872140E2,-2.223594040E-1,1.304980159E0,2.187567234E0
3.615896750E2,8.583248258E-1,-1.291048765E0,-3.652377844E0
3.620921363E2,-3.853558004E-1,9.288184047E-1,3.496425390E0
3.625945973E2,8.534078598E-1,-2.562122583E0,-3.073744059E0
3.630970594E2,-1.857738137E0,3.706052303E-1,3.109853506E0
3.635995204E2,1.584497690E0,-2.002300739E0,-2.492281914E0
3.641019825E2,-4.218377173E-1,1.699690580E0,2.093791246E0
3.646044435E2,-4.179844260E-1,2.724379599E-1,-6.717165709E-1
3.651069050E2,-3.448432684E-1,7.862879634E-1,2.103546411E-1
3.656093670E2,-6.330513954E-1,1.043937445E0,1.247980356E0
3.661118272E2,-4.549388587E-1,-4.046903178E-2,-1.761367917E0
3.666142892E2,-1.421089888E0,1.377224088E0,1.725111365E0
3.671167504E2,8.040394783E-1,-4.628025293E-1,-2.133784294E0
3.676192124E2,-6.155437827E-1,1.100692511E0,1.954743266E0
3.681216735E2,-1.154022664E-1,1.523769349E-1,-3.998722792E0
3.686241345E2,-8.987481892E-2,7.933926582E-1,3.201616764E0
3.691265966E2,2.522464097E-1,-2.132367611E0,-4.430216789E0
3.696290576E2,-1.963352859E-1,3.344597220E-1,3.465482473E0
3.701315183E2,8.193373680E-1,-3.813346386E0,-2.671456575E0
3.706339793E2,-9.025976062E-1,-7.423376665E-4,3.668194771E0
3.711364410E2,1.043376923E0,-1.829830408E0,-2.312402248E0
3.716389020E2,-1.729293704E0,1.106574416E0,1.447655678E0
3.721413628E2,6.824746132E-1,2.821985722E0,-1.252363622E-2
3.726438238E2,-1.606418937E-1,1.518769264E-1,-1.120804548E0
3.731462838E2,3.034185767E-1,1.079109669E0,2.693959475E-1
3.736487448E2,-1.321766615E0,2.730179578E-2,-2.132047653E0
3.741512056E2,-1.828614831E0,1.780305147E0,1.759620428E0
3.746536656E2,-2.254442275E-1,5.918291211E-1,-3.328930616E0
3.751561268E2,-1.152895212E0,1.213588476E0,1.957665324E0
3.756585878E2,2.746932209E-1,-3.743757606E-1,-3.844836235E0
3.761610477E2,9.110460281E-1,1.217331409E0,2.609931946E0
3.766635087E2,-4.427469671E-1,-2.627701044E0,-3.878412485E0
3.771659683E2,1.133560985E-1,-4.022943974E-1,4.625947952E0
3.776684283E2,-1.349611580E-1,-2.199617147E0,-3.099853277E0
3.781708900E2,-7.317796350E-1,3.571418524E-1,3.632164717E0
3.786733500E2,2.270763874E0,-3.120030403E0,-1.693758011E0
3.791758109E2,-6.790111214E-2,-9.920074344E-1,2.861831903E0
3.796782719E2,2.520914972E-1,-4.233051240E-1,7.973486781E-1
3.801807317E2,-1.744012237E0,-8.796408772E-2,-1.035987616E0
3.806831937E2,3.197574615E-1,-5.714061111E-2,1.212859154E0
3.811856546E2,-8.261188865E-1,7.794745564E-1,-2.707686424E0
3.816881166E2,-1.169203520E0,8.615618944E-1,2.748570204E0
3.821905781E2,7.086082101E-1,-1.036015078E-1,-3.662475109E0
3.826930401E2,4.766955376E-1,1.095301151E0,3.896681547E0
3.831955008E2,-1.800612211E0,1.590665221E0,-5.285620213E0
3.836979618E2,-1.972780824E-1,1.118760586E0,4.167588711E0
3.842004230E2,-1.634877801E0,-1.491002560E0,-4.521701336E0
3.847028840E2,1.400054395E-1,3.778878748E-1,4.084462166E0
3.852053453E2,1.919868439E-1,-3.016403437E0,-3.250032187E0
3.857078063E2,1.607401073E-1,-7.065249979E-2,3.837124109E0
3.862102675E2,5.861093998E-1,-3.453332663E0,-2.704060555E0
3.867127285E2,-5.415636674E-2,1.133829236E0,3.314877033E0
3.872151891E2,9.925510883E-1,-8.062495589E-1,-1.005897641E0
3.877176501E2,3.989802599E-1,-2.097968310E-1,1.537257075E0
3.882201110E2,3.005057573E-1,-1.252917767E0,-5.143240560E-3
3.887225720E2,-1.166565418E0,4.899463952E-1,-6.557879448E-1
3.892250331E2,3.389815241E-2,6.999480128E-1,1.278613329E0
3.897274941E2,-9.942365289E-1,6.319797039E-2,-2.453424692E0
3.902299560E2,-9.957669973E-1,6.463529468E-1,2.991889477E0
3.907324170E2,3.306292742E-2,-3.245161176E-1,-3.448302746E0
3.912348778E2,-1.426140070E0,1.299470901E0,2.963842392E0
3.917373388E2,-1.007906571E-1,-3.073780835E-1,-4.984924316E0
3.922397995E2,1.410405397E0,8.483828902E-1,3.737383604E0
3.927422605E2,2.588879764E-1,-2.647607803E0,-4.145390511E0
3.932447218E2,-1.296789169E0,5.504694581E-1,4.236314297E0
3.937471838E2,-5.982626602E-2,-3.992976427E0,-2.998358727E0
3.942496448E2,6.169691086E-1,3.881844580E-1,4.100771904E0
3.947521058E2,1.166261196E0,1.139794230E0,-8.844361901E-1
3.952545678E2,-8.452922106E-1,7.609549761E-1,1.657977581E0
3.957570288E2,-1.076325655E0,1.569236875E0,1.734662175E0
3.962594910E2,-4.746871293E-1,-2.268552482E-1,-1.762962222E0
3.967619520E2,-2.301348686E0,2.228831768E0,1.581537485E0
3.972644141E2,2.024632215E0,-6.274386644E-1,-3.724536419E0
3.977668751E2,-1.638666034E0,1.230646610E0,3.007393360E0
3.982693370E2,1.957439303E0,-1.159334421E0,-4.728210926E0
3.987717980E2,-1.952207446E0,6.360499263E-1,4.097865105E0
3.992742585E2,2.468098640E0,-2.788033485E0,-3.844025850E0
3.997767205E2,9.428846091E-2,1.998097152E-1,3.510909796E0
4.002791815E2,1.825893402E0,-2.041109085E0,-3.086663485E0
4.007816425E2,-3.308162391E-1,1.352938533E0,2.835232019E0
4.012841031E2,1.428612113E0,-9.546539783E-1,-1.341964483E0
4.017865641E2,-6.702961773E-2,5.736462474E-1,1.675477505E0
4.022890260E2,1.090014875E-1,-2.625686824E-1,1.851938367E-1
4.027914870E2,-7.841354012E-1,-1.308829486E-1,5.165534019E-1
4.032939478E2,-3.810870945E-1,9.547725916E-1,1.363216996E0
4.037964088E2,1.634201705E-1,9.328950942E-2,-1.823853970E0
4.042988691E2,-1.362142086E0,2.196942329E0,1.743734837E0
4.048013301E2,5.747419000E-1,-1.945495456E-1,-3.237782717E0
4.053037916E2,-4.289301634E-1,1.964580536E0,2.171335936E0
4.058062516E2,3.798078895E-1,-1.418110371E0,-3.838633776E0
4.063087113E2,7.333657742E-1,8.590919971E-1,2.862767935E0
4.068111713E2,-6.224937364E-2,-3.016300917E0,-2.735097647E0
4.073136318E2,3.831805289E-2,7.519471645E-1,3.032021046E0
4.078160918E2,8.193364739E-1,-1.949866295E0,-1.531775832E0
4.083185502E2,2.824065387E-1,1.513747931E0,2.470187187E0
4.088210092E2,5.360149145E-1,5.004236698E-1,5.671306252E-1
4.093234686E2,-6.562434435E-1,-2.927305698E-1,6.620529294E-1
4.098259276E2,6.540806592E-2,3.616780639E-1,6.914549470E-1
4.103283856E2,-3.843376338E-1,-7.398717999E-1,-1.414996862E0
4.108308436E2,-7.042310834E-1,2.216120720E0,1.227960348E0
4.113333018E2,-1.282586809E-2,1.111222625E0,-3.442946911E0
4.118357588E2,-8.449069262E-1,1.957156420E0,1.889074445E0
4.123382165E2,1.181167737E-1,4.560619593E-1,-4.105862617E0
4.128406735E2,5.840110779E-2,1.434513211E0,2.945507288E0
4.133431306E2,-4.257662594E-1,-9.529377818E-1,-4.165426254E0
4.138455866E2,-5.526199341E-1,1.751028657E0,2.906352758E0
4.143480431E2,4.442313612E-1,-2.734441519E0,-3.212522268E0
4.148504991E2,-1.487270445E-1,5.620073676E-1,3.691308022E0
4.153529555E2,2.058747113E-1,-3.093737125E0,-2.740534306E0
4.158554105E2,-4.412086904E-1,-1.492896229E-1,3.462187052E0
4.163578656E2,1.105633497E0,-3.142612457E0,-1.252763152E0
4.168603206E2,4.353967905E-1,1.033905625E0,2.280376434E0
4.173627757E2,-2.870316505E-1,4.847472608E-1,-1.060793281E0
4.178652307E2,-3.708132803E-1,-7.420840859E-1,5.079621673E-1
4.183676848E2,6.081777066E-2,-1.640573740E-1,8.739753366E-1
4.188701388E2,-8.437327743E-1,5.244304240E-2,-9.252754450E-1
4.193725916E2,-4.556419849E-1,1.886920691E0,1.417042971E0
4.198750456E2,-6.037847996E-1,-5.234663486E-1,-2.369097948E0
4.203774988E2,-1.832764626E0,2.876816988E0,1.765351415E0
4.208799508E2,-9.073103219E-2,5.169503689E-1,-3.484755754E0
4.213824035E2,-6.490024924E-1,1.640262365E0,2.147273302E0
4.218848555E2,1.750904322E-1,-7.937456369E-1,-4.419967175E0
4.223873076E2,1.399569958E-1,1.744419813E0,3.649532080E0
4.228897586E2,2.973201275E-1,-1.797096133E0,-4.660995483E0
4.233922095E2,-2.882462144E-1,1.374693155E0,3.869699001E0
4.238946605E2,-9.361304641E-1,-2.197969437E0,-3.337018967E0
4.243971121E2,4.456942677E-1,7.869383097E-1,2.954634428E0
4.248995621E2,5.095506907E-1,-1.994142413E0,-2.458648205E0
4.254020118E2,-8.575919271E-2,1.039377928E0,2.852368832E0
4.259044618E2,6.947332025E-1,-1.091897368E0,-8.296226859E-1
4.264069118E2,-7.669705749E-1,6.616688967E-1,1.278831363E0
4.269093608E2,2.677561641E-1,7.740916014E-1,1.108452916E0
4.274118103E2,1.735955119E0,-1.593044758E0,-1.355449319E0
4.279142593E2,-1.027630329E0,2.266770840E0,1.520198226E0
4.284167086E2,-1.997166127E-1,4.434261024E-1,-3.689087391E0
4.289191576E2,-2.581292018E-2,1.477391005E0,2.187107563E0
4.294216070E2,-4.740382433E-1,-3.087082803E-1,-4.716121197E0
4.299240560E2,2.431287766E-1,1.782418370E0,3.832568645E0
4.304265046E2,1.219241023E-1,-2.977222443E0,-3.159930229E0
4.309289546E2,-4.290857315E-1,9.994707257E-2,5.045375824E0
4.314314033E2,-2.925093174E-1,-1.420285106E0,-3.990679502E0
4.319338523E2,-2.589588165E0,7.276224345E-2,3.205476761E0
4.324363005E2,5.180459619E-1,-1.263923407E0,-1.850763679E0
4.329387495E2,-8.707456291E-2,4.653272927E-1,1.648767591E0
4.334411988E2,-4.558395147E-1,1.097898483E0,-2.391239405E-1
4.339436468E2,-4.815375805E-1,-1.461721420E0,3.751705289E-1
4.344460946E2,5.852949023E-1,1.030688137E-1,1.743225813E0
4.349485436E2,-2.947548032E-1,2.071690857E-1,-1.476634622E0
4.354509903E2,-1.641757935E-1,2.081301451E0,1.311972380E0
4.359534383E2,7.238855213E-2,-4.063488841E-1,-2.156323195E0
4.364558869E2,-1.227620125E0,1.669820666E0,1.478886962E0
4.369583339E2,4.878256023E-1,-3.461199701E-1,-3.112162590E0
4.374607801E2,-9.143468142E-1,1.667554498E0,1.738881826E0
4.379632271E2,5.894380212E-1,-2.018424749E0,-3.560658216E0
4.384656746E2,-1.014331818E0,1.842371821E0,2.657866478E0
4.389681216E2,7.761309147E-1,-2.966440201E0,-2.669321299E0
4.394705681E2,5.680983067E-1,2.742879279E-2,2.348556757E0
4.399730141E2,1.627451897E0,-2.724040985E0,-1.585778952E0
4.404754600E2,-1.836188585E-1,1.842021465E0,1.972325802E0
4.409779060E2,8.636872768E-1,-1.603370607E-1,3.929750919E-1
4.414803515E2,-4.884707630E-1,-7.050476074E-1,7.387356162E-1
4.419827975E2,-5.112063885E-1,-5.919802189E-1,1.138135672E0
4.424852440E2,-6.036542058E-1,-1.000171065E0,-6.541352272E-1
4.429876886E2,-1.349588297E-2,4.454999566E-1,2.197418928E0
4.434901336E2,-8.081016541E-1,8.519935608E-1,-3.415932655E0
4.439925782E2,-7.278823256E-1,1.505234957E0,2.275041580E0
4.444950232E2,-5.829120874E-1,-4.998440444E-1,-4.402085304E0
4.449974686E2,1.414867401E0,-3.386848569E-1,4.150803089E0
4.454999136E2,2.022098303E-1,-4.378148556E0,-2.589240789E0
4.460023582E2,2.669359148E-1,5.486106873E-1,3.803552866E0
4.465048032E2,5.517212749E-1,-2.598064899E0,-2.610238075E0
4.470072473E2,-8.512791991E-2,1.606695414E0,2.047027111E0
4.475096923E2,-7.297988534E-1,2.385363430E-1,-1.434293389E0
4.480121371E2,-1.458227873E0,4.154855907E-1,2.256596833E-1
4.485145821E2,-8.548693061E-1,1.385031581E0,1.218212485E0
4.490170254E2,-3.955202401E-1,-9.649881721E-1,-1.964433670E0
4.495194694E2,-8.051637411E-1,1.450299978E0,2.225970507E0
4.500219134E2,1.169236660E0,-7.693145275E-1,-3.475087404E0
4.505243574E2,-1.154860333E-1,1.531717300E0,2.908221483E0
4.510268015E2,2.670873642E0,-2.247428179E0,-4.606300354E0
4.515292455E2,1.730136275E0,-2.208881825E-1,3.876504421E0
4.520316883E2,7.768729925E-1,-4.242554665E0,-3.535503387E0
4.525341323E2,-2.601153553E-1,3.040812016E-1,4.012333393E0
4.530365756E2,2.989612579E0,-4.370584488E0,-2.776867390E0
4.535390186E2,-1.919752002E0,8.979428411E-1,3.358634949E0
4.540414616E2,4.156745672E-1,1.702650785E-1,-3.667699337E0
4.545439046E2,-1.888822317E0,1.586817145E0,2.946141720E0
4.550463468E2,1.053716660E0,4.268137515E-1,6.958749145E-2
4.555487888E2,9.661281109E-2,1.579618156E-1,1.181712300E-1
4.560512304E2,-8.274988532E-1,1.394589424E0,7.102239132E-1
4.565536724E2,-1.008086920E0,3.624964654E-1,-6.433992982E-1
4.570561133E2,-1.504205942E0,8.514528871E-1,8.500618935E-1
4.575585553E2,-2.779468775E0,-9.384821653E-1,-4.199599326E-1
4.580609967E2,3.840982020E-1,-1.478169113E-1,1.681416869E0
4.585634377E2,-1.048731446E0,-1.574138999E0,-2.137897313E-1
4.590658778E2,-9.753536582E-1,1.687305719E-1,2.113511801E0
4.595683188E2,-8.016745448E-1,-5.720522404E-1,-1.163670540E0
4.600707586E2,-1.248569608E0,9.529502988E-1,2.373220444E0
4.605731986E2,-1.514983535E0,2.633496523E-1,-1.338284612E0
4.610756376E2,-6.857600212E-1,1.555355489E-1,1.903346181E0
4.615780776E2,-1.404967904E0,1.133865584E-2,-2.045518398E0
4.620805166E2,-3.523255885E-1,1.501042843E0,4.198048711E-1
4.625829556E2,3.195142150E-1,6.875161082E-2,-1.148924470E0
4.630853945E2,-9.296831489E-1,7.754565477E-1,5.911128521E-1
4.635878335E2,-3.813405931E-1,3.536912501E-1,2.881443128E-3
4.640902727E2,-5.135064721E-1,-1.056439206E-1,-1.401012838E-1
4.645927117E2,-1.296343088E0,-1.818492264E-1,-5.172669291E-1
4.650951501E2,-1.166747570E0,6.960498691E-1,9.090075493E-1
4.655975891E2,-1.395183325E0,-8.406172395E-1,-7.012023926E-1
4.661000298E2,-3.861529827E-1,1.308578253E-1,2.429141760E0
4.666024698E2,7.447494566E-2,-5.200392604E-1,-1.953789234E0
4.671049115E2,-1.006956935E0,1.006688833E0,1.798275590E0
4.676073555E2,-3.450093500E-4,4.853156805E-1,-4.482021809E0
4.681098033E2,-1.364023805E0,2.406965017E0,2.234047174E0
4.686122553E2,1.211516142E0,-2.252568245E0,-4.667837620E0
4.691147112E2,-1.859875083E0,1.099203825E0,3.587971687E0
4.696171712E2,1.342860222E0,-2.569001675E0,-3.461867094E0
4.701196353E2,-5.959517956E-1,-6.433590502E-2,3.210394382E0
4.706221033E2,-3.958105743E-1,9.872443676E-1,3.640498817E-1
4.711245751E2,-3.427812755E-1,-4.373940453E-2,-2.866766214E0
4.716270491E2,-5.020806789E-1,1.640627980E0,2.158662796E0
4.721295243E2,8.716509938E-1,-1.186539009E-1,-5.162996292E0
4.726270253E2,-7.626934052E-1,2.764098942E-1,3.960872173E0
4.731245275E2,1.247451067E0,-1.775671363E0,-4.373122692E0
4.736220305E2,6.153465509E-1,8.011881113E-1,3.752380610E0
4.741195336E2,8.347209692E-1,-1.673096776E0,-4.559199333E0
4.746170366E2,1.446282029E0,-1.746333688E-1,3.806471348E0
4.751145388E2,-2.225643992E-1,-2.229401350E0,-3.731256247E0
4.756120418E2,-8.813701272E-1,4.951841235E-1,2.641254425E0
4.761095443E2,7.608410120E-1,-2.659386635E0,-2.760452747E0
4.766070473E2,3.230298162E-1,9.204779267E-1,3.733216763E0
4.771045500E2,2.088057041E0,-1.082243204E0,-2.300111771E0
4.776020520E2,-3.775680661E-1,1.710812926E0,1.194403410E0
4.780995531E2,1.160937905E0,-4.063656554E-2,-3.787567616E-1
4.785970541E2,3.023538291E-1,-1.779139936E-1,1.254189134E0
4.790945557E2,-7.979184389E-2,-1.054556742E-1,4.350070059E-1
4.795920567E2,-7.008387148E-2,3.153825998E-1,4.595432580E-1
4.800945312E2,-1.072903037E0,-1.622672200E0,1.560570836E0
4.805970052E2,-1.236867309E0,6.011837721E-2,-1.324928880E0
4.810994797E2,-9.581758827E-2,1.058163166E0,8.016581535E-1
4.816019527E2,4.143120050E-1,-3.369884789E-1,-2.181008339E0
4.821044260E2,7.615383863E-1,1.756255746E0,9.975766540E-1
4.826068980E2,4.281097651E-1,-6.591101885E-1,-2.872683287E0
4.831093682E2,-9.595109820E-1,9.729049802E-1,1.828834653E0
4.836118392E2,-5.195686817E-1,1.024330974E0,-4.897479534E0
4.841143091E2,6.131219268E-1,1.901026368E0,3.665242910E0
4.846167791E2,-1.131057024E0,1.977179199E-2,-4.365304470E0
4.851192483E2,1.752192974E-1,3.148411214E-1,3.954748631E0
4.856217163E2,-1.286065578E0,-3.605501354E-1,-4.968690395E0
4.861241841E2,1.002498865E0,-1.493702412E0,5.847296238E0
4.866266511E2,6.461259127E-1,-2.161636591E0,-3.155455828E0
4.871291187E2,-4.130899608E-1,3.624773324E-1,3.387446880E0
4.876315847E2,1.694050074E0,-3.701565504E0,-2.499472857E0
4.881340492E2,-7.366612554E-2,1.004801512E0,3.873685122E0
4.886365142E2,3.796020746E-1,7.664320469E-1,-1.382425189E0
4.891389792E2,-3.917152882E-1,1.244673599E-2,2.774806917E-1
4.896414422E2,5.011933446E-1,1.333465219E0,7.286023498E-1
4.901439071E2,-9.764580727E-1,-7.612220049E-1,-8.028857708E-1
4.906463701E2,-1.405261993E0,6.957397461E-1,2.770266771E0
4.911488321E2,6.186811924E-1,-7.939386368E-1,-2.771157742E0
4.916512941E2,-2.347656965E0,8.287985325E-1,3.044744015E0
4.921537552E2,9.859704375E-1,-4.741751850E-1,-4.360831261E0
4.926562162E2,-1.558731914E0,1.497665882E0,3.550637722E0
4.931586765E2,1.379922152E0,-2.141719580E0,-4.117094994E0
4.936611365E2,-1.478207111E0,-2.201082855E-1,4.209135532E0
4.941635959E2,1.318752766E0,-2.677704573E0,-2.876318455E0
4.946660559E2,-6.682974696E-1,-7.028239965E-1,3.240557671E0
4.951685132E2,1.998447418E0,-6.032459140E-1,-1.231609106E0
4.956709712E2,-2.398898453E-1,4.158013314E-2,1.828522921E0
4.961734292E2,3.996007144E-1,7.968393564E-1,-2.591674030E-1
4.966758862E2,-1.275400877E0,1.793074310E-1,-9.115020931E-2
4.971783433E2,-2.086995095E-1,-6.771278381E-1,1.280469298E0
4.976807993E2,1.614075750E-1,-6.924287230E-2,-1.238528252E0
4.981832555E2,-8.189768195E-1,1.423551321E0,1.670228958E0
4.986857115E2,1.210264802E0,-6.931935549E-1,-2.139964581E0
4.991881669E2,-1.065159917E0,9.435725957E-2,2.695658207E0
4.996906219E2,8.057351708E-1,-3.761645555E-1,-3.490520954E0
5.001930753E2,1.178472117E-2,1.633675218E0,3.391428471E0
5.006955293E2,-9.564457089E-2,-1.571890116E0,-4.326693535E0
5.011979835E2,-1.008859158E0,3.718928993E-1,3.658614874E0
5.017004365E2,9.835147262E-1,-2.947522163E0,-2.908396721E0
5.022028893E2,1.284889936E0,-7.880682349E-1,4.141810894E0
5.027053423E2,1.180832505E0,-1.606850624E0,-2.291945934E0
5.032077961E2,-2.843969762E-1,1.187870979E0,3.282029152E0
5.037102481E2,1.972521693E-1,9.687308222E-2,-5.351028442E-1
5.042127000E2,-1.942915618E-1,2.900947332E-1,7.250425816E-1
5.047151510E2,9.487280622E-3,9.876781106E-1,1.118271351E0
5.052176024E2,5.387064815E-1,-4.567434080E-4,-1.635657787E0
5.057200534E2,-1.372211814E0,5.003501177E-1,2.089917898E0
5.062225045E2,1.266419291E0,1.599469483E-1,-2.788440228E0
5.067249545E2,-1.726494908E0,1.493665218E0,1.314094663E0
5.072274050E2,1.523669481E0,-8.142569065E-1,-2.662741184E0
5.077298550E2,-5.906192958E-2,8.315446377E-1,1.145385981E0
5.082323046E2,8.946512938E-1,-1.250544667E0,-2.010800362E0
5.087347536E2,-2.055721998E0,7.737872601E-1,1.365545273E0
5.092372031E2,1.459108144E-1,1.421539038E-1,-5.214063525E-1
5.097396521E2,-2.012338042E-1,-1.705815047E-1,2.118927985E-1
5.102421008E2,-4.329169393E-1,1.517376453E-1,1.759213582E-2
5.107445488E2,2.429195344E-1,-6.232997179E-1,3.520075679E-1
5.112469966E2,9.799879789E-1,-8.865387440E-1,-1.329039812E0
5.117494446E2,-9.189904481E-2,4.075746834E-1,2.476405650E-1
5.122518917E2,-2.097121328E-1,-3.108504713E-1,-3.136321902E-1
5.127543397E2,-1.137807846E0,-3.353198990E-3,-1.459631473E-1
5.132567870E2,2.294286013E0,-1.819038987E-1,-1.369091034E0
5.137592340E2,-5.195182562E-1,1.989353061E0,1.626918912E0
5.142616805E2,7.646940351E-1,-2.233288050E0,-2.062493801E0
5.147641285E2,2.125691175E-1,-2.380867153E-1,3.078254700E0
5.152665759E2,3.281437457E-1,-5.296345949E-1,2.505937517E-1
5.157690239E2,6.885367632E-2,-3.563774526E-1,-3.319660723E-1
5.162714701E2,-1.390444338E-1,1.318783164E0,1.165150285E0
5.167739181E2,-2.116808742E-1,1.067386389E0,-2.806305170E0
5.172763658E2,-2.312314063E-1,2.348218441E0,4.378709793E-1
5.177788128E2,8.625708818E-1,-3.777474463E-1,-1.318534851E0
5.182812595E2,-2.699331045E-1,-5.552061200E-1,7.035578489E-1
5.187837055E2,6.582101434E-2,-1.281340122E-1,3.159188032E-1
5.192861515E2,-2.754950896E-2,-7.985101342E-1,-6.515367627E-1
5.197885975E2,-9.230707884E-1,8.896052837E-2,8.515931964E-1
5.202910430E2,-2.605675757E-1,4.219598174E-1,-2.366582863E-2
5.207934880E2,1.137001142E-1,-1.425854415E-1,-5.611109734E-1
5.212959327E2,-2.451061457E-1,-3.164142072E-1,4.922425747E-1
5.217983767E2,4.282111228E-1,-6.439189911E-1,3.996116221E-1
5.223008210E2,4.269908965E-1,-2.925919294E-1,-4.136508107E-1
5.228032650E2,3.465604782E-2,3.582022712E-2,2.509767711E-1
5.233057080E2,-1.675538570E-1,1.599707603E-1,1.151684374E-1
5.238081510E2,1.136171818E0,2.834331244E-2,-5.586974025E-1
5.243105925E2,1.384046674E-1,4.024190307E-1,1.908295453E-1
5.248130345E2,-8.150671124E-1,5.733914971E-1,-3.300813735E-1
5.253154770E2,-2.270195484E-1,1.582011282E-1,2.433335185E-1
5.258179190E2,7.273160219E-1,7.232450694E-2,-6.022683978E-1
5.263203597E2,1.241322979E-2,-7.583633661E-1,1.664442539E0
5.268228007E2,6.633318961E-2,-1.967970133E-1,1.682949252E-2
5.273252403E2,1.011814833E0,-3.353264332E-1,-1.026462078E0
5.278276803E2,2.239797562E-1,-8.130679727E-1,5.724567771E-1
5.283301219E2,-5.261973739E-1,4.370118380E-1,1.755322218E-1
5.288325619E2,-1.719842672E0,-2.637745619E0,-6.077508926E-1
5.293350027E2,4.545333683E-1,3.054050207E-1,1.454836607E0
5.298374427E2,9.005449712E-2,1.625286102E0,-3.268174410E0
5.303398838E2,-1.324713707E0,1.962841868E0,1.223296165E0
5.308423238E2,-2.525310278E0,-4.123046696E-1,-2.813874006E0
5.313447632E2,3.196455002E0,-9.241300821E-1,1.787738800E0
5.318472032E2,-1.143843293E0,6.962303817E-2,-3.523802519E0
5.323496426E2,1.507967710E0,1.242997169E0,2.135879993E0
5.328520826E2,1.247959659E-1,-2.969022989E0,-3.204192162E0
5.333545225E2,-3.262661397E-1,8.712507039E-2,4.121140480E0
5.338569615E2,1.487911791E-1,-2.733972549E0,-3.078170538E0
5.343594013E2,-1.045328021E0,-1.684627384E-1,3.896770716E0
5.348618403E2,1.273348093E0,-1.121542975E-1,-8.147171140E-1
5.353642795E2,8.385316730E-1,-4.908997118E-1,1.513190746E0
5.358667185E2,-1.529609561E-1,2.834764123E-1,1.458667994E0
5.363691576E2,-5.712665319E-1,-1.088655293E-1,-2.036782980E0
5.368715966E2,-1.146535397E0,1.825107098E0,1.536461353E0
5.373740355E2,-9.173751473E-1,4.631691873E-1,-4.738824844E0
5.378764735E2,-3.027690053E-1,6.800854802E-1,3.179567814E0
5.383789130E2,8.767731190E-1,-1.982002616E0,-2.433234692E0
5.388813510E2,1.920061707E-1,-6.966771483E-1,2.335070610E0
5.393837898E2,4.416545630E-1,1.914212704E-1,5.254527926E-1
5.398862278E2,-1.687619090E-1,2.171042264E-1,-1.864962220E0
5.403886656E2,-6.846990585E-1,1.282493114E0,9.729387760E-1
5.408911026E2,8.213524818E-1,-1.615774512E0,-2.062617540E0
5.413935403E2,1.158091426E-1,2.908652425E-1,3.625250578E0
5.418959773E2,7.040989995E-1,-3.372285068E-1,-5.742858648E-1
5.423984144E2,-1.536642194E0,2.810166180E-1,8.476731777E-1
5.429008514E2,-3.009494543E-1,4.570829868E-1,-7.521405071E-2
5.434032881E2,4.041303098E-1,-9.161522985E-1,-1.378377676E0
5.439057241E2,-1.111577868E0,3.131359816E-1,1.392221689E0
5.444081598E2,-7.206050158E-1,1.036991253E-1,-2.711994648E-1
5.449105958E2,7.415631413E-1,-4.031219780E-1,-8.481504321E-1
5.454130301E2,3.352034092E-1,2.797853053E-1,6.102218032E-1
5.459154651E2,1.912413538E-2,-5.751187205E-1,-9.957380295E-1
5.464179001E2,-6.916653514E-1,8.225800991E-1,2.334565967E-1
5.469203351E2,5.779807642E-2,-8.558132052E-1,-1.041139126E0
5.474227698E2,4.772854447E-1,4.958173335E-1,1.009472966E0
5.479252038E2,-2.709074318E-1,-1.394350380E-1,-3.606913984E-1
5.484276376E2,-5.109015852E-2,-1.430441260E0,1.666321278E0
5.489300716E2,-2.481520623E-1,-1.908828318E-1,4.051011503E-1
5.494325053E2,6.171870828E-1,4.276088625E-2,-1.212988257E0
5.499349393E2,-3.837629557E-1,9.012098312E-1,-1.539748907E-1
5.504373741E2,-5.924288183E-2,-7.041285038E-1,-5.135883093E-1
5.509398081E2,4.550960362E-1,7.764372826E-1,2.072099745E-1
5.514422402E2,-5.974666476E-1,-1.777488142E-1,-7.433535457E-1
5.519446742E2,-3.536450565E-1,1.513070464E-1,-1.304385304E0
5.524471087E2,8.004644513E-2,5.574633181E-2,2.310481310E0
5.529495417E2,5.740697309E-2,-1.400442362E0,-1.208941698E0
5.534519756E2,-3.360632956E-1,1.326821923E0,1.418945193E0
5.539544096E2,7.884114385E-1,-1.644218922E0,-1.124005198E0
5.544568430E2,-1.877402782E0,1.496343851E0,1.442384601E0
5.549592770E2,-2.629841268E-1,-6.090405583E-1,-6.815563440E-1
5.554617100E2,-1.071450710E0,1.562827706E0,4.564567804E-1
5.559641440E2,-2.934331894E-1,-6.469060481E-2,-4.760126173E-1
5.564665765E2,8.206340671E-1,-6.533014774E-2,-1.528222203E0
5.569690105E2,-3.656292558E-1,9.230291843E-1,9.815620780E-1
5.574714440E2,5.544825792E-1,-8.960741162E-1,-1.318247795E0
5.579738770E2,-4.759625196E-1,3.839769065E-1,2.376415968E0
5.584763093E2,2.939770818E-1,-1.932206750E-1,1.055999398E-1
5.589787433E2,4.180224538E-1,1.498832107E-1,-9.782516360E-1
5.594811765E2,-1.030882001E0,1.869763374E0,-8.572146893E-1
5.599836095E2,-1.753661633E-1,-4.984668493E-1,-5.068228766E-2
5.604860423E2,-4.141885340E-1,-2.471909523E-1,1.134737492E0
5.609884743E2,-2.461458147E-1,7.318071127E-1,-1.687200218E-1
5.614909076E2,1.679623574E-1,4.439114928E-1,-2.900629520E0
5.619933406E2,-1.384265900E0,-7.420751452E-1,3.232379436E0
5.624957731E2,1.634389281E0,-8.130940199E-1,-8.264101744E-1
5.629982051E2,-1.433516592E-1,-6.430044025E-2,1.636503041E-1
5.635006390E2,-1.892573535E-1,2.283390999E0,6.439372301E-1
5.640030710E2,3.580815792E-1,2.665231824E-1,-2.706863880E0
5.645055035E2,-9.036030769E-1,1.574822307E0,2.214515448E0
5.650079355E2,7.428035736E-1,-1.203119397E0,-3.378111601E0
5.655103674E2,5.852500796E-1,8.869293332E-1,3.396036386E0
5.660127994E2,-7.621095181E-1,-1.445544481E0,-4.260931492E0
5.665152320E2,7.692383528E-1,4.652900696E-1,3.272205353E0
5.670176640E2,4.031942487E-1,-2.966344357E0,-2.690202236E0
5.675200960E2,-1.420771480E0,6.843186617E-1,3.845974922E0
5.680225280E2,3.960414231E-1,-5.376392603E-1,-6.544061899E-1
5.685249597E2,-1.588041312E-3,-1.525468528E-1,9.703213573E-1
5.690273907E2,2.123762518E-1,6.109126210E-1,1.019420147E0
5.695298223E2,-1.438388377E-1,-1.358922273E-1,-2.216050386E0
5.700322543E2,-1.041078448E0,1.287715435E0,2.522062540E0
5.705346858E2,-2.847277522E-1,-6.279438138E-1,-3.817017555E0
5.710371178E2,-1.829898804E-1,1.871771455E0,2.533488750E0
5.715395491E2,4.783033133E-1,-2.354093313E0,-2.870200634E0
5.720419801E2,1.186976075E0,-9.650609493E-1,4.115451336E0
5.725444105E2,7.374008298E-1,-2.531193256E0,-2.377078056E0
5.730468415E2,-1.071745753E0,3.937458992E-1,3.733901262E0
5.735492730E2,3.718180209E-2,-9.948388487E-2,-9.128516912E-1
5.740517030E2,-2.862050533E-1,8.326894045E-2,1.318125963E0
5.745541334E2,-2.988295443E-2,4.079078138E-1,1.248615384E0
5.750565634E2,4.528496265E-1,6.691121578E0,-3.046481133E0
5.755589940E2,5.195430480E-3,5.963676795E-2,8.001362532E-2
5.760614240E2,3.000144005E0,-3.880926132E0,4.428960323E0
5.765638536E2,-2.165558338E0,2.197914839E0,6.091818213E-2
5.770662826E2,6.485556960E-1,4.038615525E-1,-3.806450129E0
5.775687108E2,5.924560130E-2,2.218406916E0,1.790143847E0
5.780711398E2,-3.112663627E-1,-1.312711358E0,-3.592751503E0
5.785735683E2,1.118582964E0,5.794806480E-1,2.736901999E0
5.790759963E2,-1.614701450E-1,-3.028312683E0,-2.745189428E0
5.795784248E2,-1.102398634E0,-1.093319058E-1,3.735110283E0
5.800808538E2,6.917365193E-1,-1.836596847E0,-1.388135672E0
5.805832801E2,3.042187393E-1,5.282728672E-1,2.145095348E0
5.810857081E2,-4.247851074E-1,1.022510789E-2,-2.895148098E-1
5.815881358E2,-1.123900652E0,-1.668643355E-1,-2.602468245E-2
5.820905638E2,-3.192893267E-1,3.228973746E-1,1.035518646E0
5.825929910E2,-3.085800111E-1,-5.687753558E-1,-1.853679419E0
5.830954180E2,-1.395482063E0,1.896011353E0,1.536303282E0
5.835978436E2,3.471249342E-1,1.230291367E0,-3.323299885E0
5.841002706E2,-1.828386337E-1,1.888556123E0,2.434244633E0
5.846026965E2,2.752067745E-1,-1.504880309E0,-3.648356915E0
5.851051235E2,8.981878161E-1,1.094125748E0,2.392169476E0
5.856075500E2,4.543510079E-1,-3.258918047E0,-2.099622965E0
5.861099752E2,-4.797538817E-1,-5.831989646E-1,3.619637489E0
5.866124012E2,1.202080131E0,-1.811590552E0,-1.996142745E0
5.871148284E2,-5.068410635E-1,7.157565951E-1,2.748610497E0
5.876172544E2,2.338394076E-1,5.389216542E-1,-7.607504129E-1
5.881196811E2,-5.456274748E-1,3.984928727E-1,5.254594684E-1
5.886221081E2,-3.661914468E-1,6.074065566E-1,4.978752434E-1
5.891245365E2,-1.496912956E0,1.797054708E-1,-7.617896199E-1
5.896269635E2,-1.639236957E-1,3.211713582E-2,1.768968105E0
5.901293916E2,2.031652182E-1,2.292983681E-1,-2.706068993E0
5.906318186E2,-1.285020828E0,1.836107850E0,9.461269379E-1
5.911342467E2,1.317415714E0,-6.786259413E-1,-2.971406698E0
5.916366747E2,-8.690763265E-2,7.808519602E-1,2.353060484E0
5.921391028E2,9.818574786E-1,-1.418163896E0,-3.901462317E0
5.926415298E2,5.434925556E-1,1.171434760E0,2.573175907E0
5.931439572E2,-3.195168674E-1,-2.435742617E0,-3.450407267E0
5.936463852E2,-1.919863224E-1,-8.899557590E-1,4.107460976E0
5.941488135E2,1.881785035E0,-1.374988198E0,-1.897870660E0
5.946512415E2,-9.292384386E-1,1.943717599E0,2.143543482E0
5.951536686E2,5.340794921E-1,6.566689610E-1,-7.999179363E-1
5.956560966E2,-2.626303732E-1,-4.237904772E-2,-2.519700825E-1
5.961585241E2,-1.461952329E-1,1.278618455E0,-2.285928130E-1
5.966609521E2,-1.074599981E0,-1.544381529E-1,-7.879870944E-3
5.971633799E2,-9.192577600E-1,1.316993356E0,1.911977291E0
5.976658069E2,1.668087691E-1,-5.708383918E-1,-1.290941119E0
5.981682348E2,-1.723684072E0,2.034344912E0,1.925469875E0
5.986706618E2,6.059597731E-1,-5.337269511E-3,-2.535034180E0
5.991730891E2,-1.402710319E0,1.641082406E0,1.496631980E0
5.996755161E2,6.271783113E-1,-6.490543485E-1,-3.319091320E0
6.001779444E2,-4.015267193E-1,2.141895771E0,1.818386078E0
6.006803714E2,4.077193439E-1,-1.557053566E0,-3.667928934E0
6.011827984E2,3.849397898E-1,-3.026806414E-1,3.190459251E0
6.016852264E2,8.284258842E-1,-2.510133266E0,-2.761228800E0
6.021876531E2,4.045717120E-1,2.795357108E-1,2.819644690E0
6.026900801E2,1.126767278E0,-1.630735397E0,-5.422310829E-1
6.031925083E2,-2.838788331E-1,8.571343422E-1,1.628812909E0
6.036949353E2,-2.614287138E-1,1.652635485E-1,-1.794694960E-1
6.041973627E2,-1.440152884E0,-4.792592525E-1,-1.303624809E-1
6.046997907E2,-1.054321170E0,3.785747886E-1,2.035372257E0
6.052022175E2,-5.529962182E-1,-4.273385108E-1,-2.426560879E0
6.057046445E2,-1.409615993E0,1.916941524E0,1.590099812E0
6.062070727E2,4.075035080E-2,-2.713463604E-1,-3.153497934E0
6.067094997E2,-1.302502632E0,1.748443961E0,1.787663221E0
6.072119263E2,1.377119422E0,-9.762809277E-1,-3.169281006E0
6.077143543E2,-1.618560404E-1,1.672041178E0,3.036614418E0
6.082167821E2,-2.740725130E-2,-2.841198921E0,-3.486660957E0
6.087192101E2,9.219042063E-1,-8.581621647E-1,3.735157013E0
6.092216378E2,6.424381137E-1,-2.784822464E0,-2.449027300E0
6.097240658E2,-2.656155229E-1,7.420237064E-1,3.276759148E0
6.102264937E2,6.548460126E-1,-7.107298970E-1,-6.956145167E-1
6.107289217E2,-7.318187505E-2,3.049663901E-1,9.804542065E-1
6.112313493E2,1.250936091E-1,2.485812176E-3,6.876752377E-1
6.117337763E2,-1.390823483E0,9.024442732E-2,-6.232482195E-1
6.122362045E2,-1.003674388E0,8.842902184E-1,1.516506553E0
6.127386325E2,-1.836354584E-1,1.391112432E-2,-2.266324043E0
6.132410594E2,-7.730616331E-1,9.130820036E-1,2.073217392E0
6.137434874E2,5.988937020E-1,-3.602287471E-1,-3.014371634E0
6.142459145E2,-8.815089464E-1,1.957647204E0,1.640328288E0
6.147483415E2,3.119142652E-1,-1.376061082E0,-3.369506121E0
6.152507699E2,2.746241391E-1,1.379185557E0,2.172982454E0
6.157531969E2,-1.715922207E-1,-2.339670181E0,-2.923289299E0
6.162556235E2,1.231041551E0,-5.490329862E-1,1.904361248E0
6.167580505E2,-5.694587827E-1,-2.315073490E0,-2.553457022E0
6.172604786E2,-1.376434565E-1,8.977262974E-1,3.905734539E0
6.177629056E2,6.454656720E-1,-5.955169201E-1,-1.173683643E0
6.182653329E2,6.569205523E-1,4.180162027E-2,1.943974972E0
6.187677599E2,3.096472919E-1,-2.142504007E-1,2.304567248E-1
6.192701872E2,-1.366150737E0,-6.259202361E-1,3.759163916E-1
6.197726142E2,8.862135559E-2,-2.057752460E-1,5.660364628E-1
6.202750420E2,-1.167277575E0,-5.882096887E-1,-1.112602711E0
6.207774700E2,-5.296485424E-1,5.603888035E-1,1.747944474E0
6.212798962E2,2.917345166E-1,-9.289289713E-1,-1.638835907E0
6.217823232E2,-1.085845590E0,1.021061420E0,2.361220360E0
6.222847506E2,7.548165917E-1,-8.128311038E-1,-2.505280018E0
6.227871786E2,-7.549335361E-1,1.496356249E0,2.110685110E0
6.232896056E2,1.702081263E-1,2.894880772E-1,-3.323321104E0
6.237920326E2,-3.258839250E-1,1.946011186E0,2.133009434E0
6.242944606E2,2.804606855E-1,-1.565620661E0,-3.534755945E0
6.247968876E2,5.748858675E-3,1.338579416E0,2.417508364E0
6.252993143E2,3.845774010E-2,-2.865573168E0,-2.626676321E0
6.258017423E2,1.870474406E-2,2.975789309E-1,2.667216063E0
6.263041693E2,9.197948575E-1,-1.236738086E0,-1.466159821E0
6.268065963E2,-3.960202038E-1,1.240548015E0,2.394300699E0
6.273090241E2,-1.992687583E-1,-2.258474380E-1,-3.336931169E-1
6.278114521E2,-1.119292617E0,-1.085974723E-1,4.999930263E-1
6.283138786E2,-3.285897076E-1,-5.133793354E-1,1.591196179E0
6.288163056E2,-5.640492439E-1,-7.041862607E-1,-9.499887228E-1
6.293187321E2,-8.670849800E-1,1.356288195E0,1.629128098E0
6.298211591E2,3.585061133E-1,-4.204365909E-1,-2.601713896E0
6.303235868E2,-4.834756553E-1,2.380449533E0,1.325742483E0
6.308260138E2,-5.158526078E-2,-1.129341871E-1,-3.623121738E0
6.313284403E2,9.577600360E-1,8.459973335E-1,1.784270525E0
6.318308673E2,1.499831825E-1,-1.361408830E0,-3.557563305E0
6.323332941E2,7.043282986E-1,9.902452826E-1,2.399591446E0
6.328357211E2,1.599404663E-1,-2.533295155E0,-2.598019123E0
6.333381464E2,8.123351336E-1,-4.324354231E-2,3.587506771E0
6.338405734E2,5.794939995E-1,-2.831147909E0,-2.106301308E0
6.343429996E2,-4.360155165E-1,-5.594111085E-1,3.062442064E0
6.348454256E2,1.405529022E0,2.357543707E-1,-1.304799914E0
6.353478521E2,-1.964577079E0,1.169405699E0,1.869315147E0
6.358502781E2,-2.441483438E-1,-2.937344909E-1,6.531478167E-1
6.363527041E2,1.167319044E-1,-4.485521913E-1,-4.918429554E-1
6.368551301E2,-4.823637307E-1,2.871995270E-1,1.699524641E0
6.373575561E2,-5.742068961E-2,-2.055984885E-1,-2.409822464E0
6.378599831E2,-9.327356219E-1,7.496981621E-1,2.352578402E0
6.383624089E2,-2.084093243E-1,6.483489275E-1,-3.245580912E0
6.388648349E2,-1.034831643E0,2.150363684E0,1.278921247E0
6.393672619E2,1.838636845E-1,-9.491758943E-1,-3.200231075E0
6.398696879E2,-5.608897805E-1,1.776363969E0,1.955273628E0
6.403721135E2,-1.690729409E-1,-3.224032879E0,-2.747081280E0
6.408745405E2,-1.754340768E0,-1.243783593E0,3.242474079E0
6.413769662E2,8.667452335E-1,-2.542893171E0,-2.250295639E0
6.418793932E2,-7.578455806E-1,6.453865170E-1,3.200281382E0
6.423818205E2,7.098949552E-1,5.371710062E-1,-1.223469496E0
6.428842475E2,-2.998849750E-1,8.724282980E-1,1.117689013E0
6.433866744E2,-5.629698038E-1,5.828375462E-3,4.809364080E-1
6.438891024E2,-1.109013915E0,-5.676767826E-1,-1.726028323E-1
6.443915297E2,-9.907443523E-1,8.788725734E-1,5.153101087E-1
6.448939577E2,-1.002599597E0,-3.011777401E-1,-1.203613400E0
6.453963847E2,-1.129332662E0,1.253133416E0,1.865495682E0
6.458988117E2,-1.793543696E-1,-1.415757388E-1,-2.595374823E0
6.464012395E2,-1.283140659E0,1.599873066E0,2.068545818E0
6.469036665E2,4.631893635E-1,-3.217701316E-1,-3.337079048E0
6.474060949E2,-1.295661330E0,1.213952661E0,2.186093807E0
6.479085219E2,6.766882539E-1,-1.054323673E0,-3.761221409E0
6.484109485E2,-7.445935011E-1,2.181132078E0,2.417076826E0
6.489133765E2,1.546359301E0,-1.858667135E0,-3.103593588E0
6.494158033E2,3.442308903E-1,6.136053205E-1,2.907440186E0
6.499182303E2,2.880354822E-1,-2.252305508E0,-2.985074997E0
6.504206572E2,2.116815150E-1,5.158686638E-1,2.821052313E0
6.509230842E2,4.869332016E-1,-2.409340143E0,-2.517032623E0
6.514255116E2,-5.841447711E-1,4.196290374E-1,3.143721819E0
6.519279376E2,1.112518430E0,1.844479144E-2,-1.635791063E0
6.524303644E2,-2.114547193E-1,-3.744075000E-1,2.463272095E0
6.529327914E2,4.953016043E-1,1.719461560E0,-1.249859214E0
6.534352175E2,-1.363252759E0,-2.043350190E-1,4.566392601E-1
6.539376445E2,4.274139702E-1,-1.011518762E-1,7.198187113E-1
6.544400713E2,-1.205873251E0,-6.468414664E-1,-5.535599962E-2
6.549424973E2,-6.013136506E-1,4.684682488E-1,1.435171485E0
6.554449251E2,-8.533322215E-1,-1.569349021E-1,-1.956337571E0
6.559473531E2,-1.321544886E0,1.583809137E0,1.617134571E0
6.564497792E2,3.858524561E-2,1.129640117E-1,-2.802323818E0
6.569522072E2,-1.243013263E0,1.952428699E0,1.327901721E0
6.574546370E2,6.396436691E-1,-7.135518193E-1,-3.232414007E0
6.579570660E2,-5.627764761E-2,1.914958239E0,1.861640573E0
6.584594951E2,5.835900903E-1,-2.013920784E0,-3.245200872E0
6.589619251E2,6.430485249E-1,2.986854911E-1,2.923884392E0
6.594643563E2,1.379043460E-1,-2.875312567E0,-2.656802893E0
6.599667873E2,-1.071043219E-2,3.432333469E-1,2.298931122E0
6.604692190E2,5.643615723E-1,-2.515458584E0,-2.314794779E0
6.609716510E2,-5.685203671E-1,3.299695253E-1,3.736759663E0
6.614740813E2,1.702798009E-1,-5.456315875E-1,-8.153713495E-2
6.619765133E2,-4.594445527E-1,2.064716220E-1,5.655769110E-1
6.624789446E2,-2.419574261E-1,4.542793334E-2,1.275365353E0
6.629813766E2,-3.118769228E-1,2.452335693E-2,-1.750806570E0
6.634838072E2,-1.665835857E0,1.442426085E0,1.355721116E0
6.639862392E2,2.168998122E-1,-1.074058339E-1,-2.850142956E0
6.644886707E2,-7.946760058E-1,2.022996426E0,1.532042384E0
6.649911027E2,3.837302625E-1,-9.988741279E-1,-3.140009642E0
6.654935336E2,-2.251243740E-1,1.473116636E0,2.075635672E0
6.659959646E2,-5.264230445E-2,-3.101998091E0,-2.590014935E0
6.664983953E2,4.675598145E-1,-5.369687080E-1,3.176173687E0
6.670008263E2,6.074817181E-1,-1.993510842E0,-2.600245953E0
6.675032573E2,-8.561820388E-1,2.058670223E-1,2.859667778E0
6.680056883E2,1.793736070E-1,-8.334095776E-2,-7.728599310E-1
6.685081188E2,-8.446567059E-1,5.647524595E-1,1.293849111E0
6.690105498E2,-4.765439332E-1,-4.758602977E-1,1.966059685E0
6.695129795E2,-5.896331668E-1,3.293071687E-2,-1.799484611E0
6.700154105E2,-1.454708815E0,1.304551482E0,1.525836945E0
6.705178405E2,8.693377674E-2,-1.805864424E-1,-2.996572018E0
6.710202705E2,-7.478125691E-1,2.429786921E0,1.045760632E0
6.715226998E2,-1.062195972E-1,-1.159848452E0,-3.727980852E0
6.720251298E2,1.243894339E0,2.336067855E-1,4.010423183E0
6.725275590E2,3.033547103E-1,-3.034601212E0,-2.970934629E0
6.730299890E2,-7.270631790E-1,-4.758928716E-1,4.218243122E0
6.735324179E2,1.312742829E0,-3.334892690E-1,-1.483423352E0
6.740348469E2,2.857952118E-1,2.916668057E-1,1.703434110E0
6.745372745E2,-3.837281093E-2,-9.993401170E-1,1.450327992E0
6.750397035E2,-1.554423809E0,6.796500087E-1,-2.288448095E0
6.755421311E2,-1.031181216E0,2.509808779E0,8.443990946E-1
6.760445601E2,-2.407934964E-1,6.075306535E-1,-3.815595865E0
6.765469881E2,-1.448222756E0,1.655451775E0,1.874870896E0
6.770494161E2,4.992555380E-1,-1.221897244E0,-3.947932720E0
6.775518445E2,-5.571736097E-1,2.186903238E0,2.599721909E0
6.780542725E2,6.015350223E-1,-3.436382294E0,-3.085077524E0
6.785566995E2,1.230667949E0,-8.573729992E-1,3.968386650E0
6.790591275E2,1.311153267E-2,-2.646579504E0,-2.780632496E0
6.795615550E2,-4.945921004E-1,-4.468107224E-1,3.784569025E0
6.800639830E2,3.309552372E-1,1.392002404E-1,-1.226629019E0
6.805664092E2,-5.482121706E-1,5.914531946E-1,1.705567002E0
6.810688362E2,-4.076779485E-1,2.172578126E-1,1.702545285E0
6.815712628E2,-1.017985344E0,-9.923379868E-2,-2.089837790E0
6.820736898E2,-1.474048257E0,1.911364675E0,1.956013083E0
6.825761168E2,-7.275289297E-1,1.606533825E-1,-2.884433508E0
6.830785428E2,-1.054478765E0,1.605053186E0,1.957389832E0
6.835809692E2,1.006122589E0,-1.828662992E0,-3.630350351E0
6.840833952E2,3.979697526E-1,1.542177439E0,2.714424133E0
6.845858219E2,5.599161983E-1,-2.985480070E0,-3.281222820E0
6.850882479E2,9.818622470E-1,-4.659518898E-1,3.838683605E0
6.855906736E2,7.172991037E-1,-1.456334949E0,-1.878614068E0
6.860930996E2,1.924316585E-1,5.164911747E-1,2.315199137E0
6.865955251E2,-7.761762291E-2,-2.698847950E-1,1.006765723E0
6.870979511E2,6.573622823E-1,1.557540148E-1,-1.339250684E0
6.876003771E2,-1.162413239E0,1.480509162E0,1.486766696E0
6.881028041E2,-5.947235599E-2,3.618643284E-1,-3.389969587E0
6.886052292E2,-5.641117692E-1,2.123512030E0,1.478289127E0
6.891076552E2,7.772701383E-1,-1.800282121E0,-3.471002102E0
6.896100822E2,4.846633077E-1,1.497908354E0,3.041495085E0
6.901125082E2,-9.325586259E-2,-3.153157473E0,-2.904402494E0
6.906149346E2,-5.226594806E-1,3.033245802E-1,3.492455006E0
6.911173616E2,7.085208893E-1,-3.091158390E0,-1.886528850E0
6.916197871E2,-3.383477032E-1,1.257521152E0,2.235929012E0
6.921222131E2,-2.207589149E-1,6.465142369E-1,-7.729839087E-1
6.926246391E2,-5.941774249E-1,-2.909537256E-1,3.660740852E-1
6.931270641E2,-1.500538886E-1,-7.805752754E-2,1.645096064E0
6.936294910E2,-7.009606361E-1,2.674269378E-1,-2.215332985E0
6.941319170E2,-1.413053989E0,1.078169703E0,1.759450674E0
6.946343412E2,6.509667039E-1,2.866643295E-2,-2.711126328E0
6.951367672E2,-6.860473752E-1,1.931398511E0,1.784672976E0
6.956391927E2,-1.921683848E-1,-1.080209732E0,-4.049198151E0
6.961416187E2,2.352837324E-1,1.411914706E0,3.246562481E0
6.966440436E2,5.565014482E-1,-2.961634636E0,-2.964648724E0
6.971464686E2,3.289978206E-1,-1.147237606E-2,3.366901636E0
6.976488936E2,1.499783278E0,-2.901281118E0,-2.044258118E0
6.981513186E2,6.057782769E-1,1.885400116E-1,3.436194420E0
6.986537432E2,5.788389444E-1,-3.789716959E-1,1.931417733E-1
6.991561672E2,-1.238264799E0,-1.684765071E-1,-1.574159116E-1
6.996585917E2,-5.193797350E-1,1.491020918E0,1.160062671E0
7.001610157E2,-7.722514868E-1,1.278620064E-1,-2.857504368E0
7.006634394E2,-1.213356376E0,2.323842287E0,1.683185697E0
7.011658624E2,-3.720477521E-1,9.131972790E-1,-3.979820728E0
7.016682854E2,-2.713302076E-1,1.524831533E0,2.452136040E0
7.021707084E2,9.640456736E-2,-5.092498064E-1,-4.146249294E0
7.026731319E2,-5.943117738E-1,1.909651279E0,2.927254915E0
7.031755539E2,2.425186187E-1,-3.114199638E0,-3.442046642E0
7.036779759E2,1.225468218E-1,3.935510814E-1,3.734618902E0
7.041803979E2,-2.410869747E-1,-3.988192320E0,-2.677971840E0
7.046828190E2,5.243319869E-1,-4.797979593E-1,4.680997372E0
7.051852400E2,1.135448337E0,-2.000254154E0,-2.086237431E0
7.056876607E2,6.331243515E-1,9.156409502E-1,2.843122005E0
7.061900817E2,9.881727099E-1,-7.594608068E-1,-2.039746344E-1
7.066925011E2,-5.958956480E-1,4.420405626E-2,4.487256110E-1
7.071949211E2,-1.615275890E-1,2.722969055E-1,1.120460868E0
7.076973420E2,-1.208110213E0,-4.398286343E-1,-1.845867276E0
7.081997610E2,-1.098116517E0,8.293519020E-1,1.623007774E0
7.087021805E2,-8.915580809E-3,3.376271427E-1,-2.763134956E0
7.092045995E2,-9.306786656E-1,1.705434203E0,1.790052176E0
7.097070185E2,-1.752508730E-1,1.004745603E0,-3.921309710E0
7.102094365E2,7.934261560E-1,9.793761969E-1,3.747628689E0
7.107118546E2,-1.023668572E-1,-1.900899768E0,-4.016489029E0
7.112142736E2,1.775494218E0,-5.548928976E-1,4.278978348E0
7.117166906E2,-2.574728429E-1,-3.102200270E0,-2.954435110E0
7.122191082E2,2.611384727E-2,-1.490012854E-1,4.092098713E0
7.127215262E2,1.385641813E0,-1.480134606E0,-8.805144429E-1
7.132239440E2,4.386295378E-1,1.118467569E0,1.675061345E0
7.137263610E2,5.462996364E-1,-4.759145975E-1,8.574449420E-1
7.142287771E2,-4.179899693E-1,3.150556982E-1,-1.111167312E0
7.147311941E2,-8.270133138E-1,1.807502508E0,1.333237529E0
7.152336108E2,-1.126563251E-1,-3.685373962E-1,-2.301561117E0
7.157360278E2,-1.250806928E0,2.474605799E0,1.197461247E0
7.162384437E2,2.497569770E-1,-9.076291323E-2,-3.620193243E0
7.167408607E2,2.480053604E-1,2.183568716E0,2.279487610E0
7.172432767E2,-6.870625913E-2,-1.530181170E0,-3.523644924E0
7.177456937E2,1.466350675E0,-3.239462376E-1,4.237882137E0
7.182481107E2,-2.568803430E-1,-2.995820522E0,-2.646586418E0
7.187505277E2,2.167241275E-1,9.171315432E-1,3.306453466E0
7.192529443E2,1.390400290E0,-7.875276208E-1,-9.917696714E-1
7.197553623E2,-1.007987186E-1,2.907614410E-1,9.617363214E-1
7.202577810E2,3.131219149E-1,1.143115163E0,-1.766360402E-1
7.207601980E2,-5.272310376E-1,1.931992620E-1,3.694565222E-2
7.212626160E2,-7.077055573E-1,1.091016889E0,1.361219645E0
7.217650340E2,-1.273923635E0,-3.200936317E-1,-1.748821735E0
7.222674512E2,-7.041020393E-1,1.616852403E0,1.661966562E0
7.227698692E2,-3.513894677E-1,-1.521136910E-1,-2.280924320E0
7.232722864E2,-9.469116330E-1,1.958432794E0,1.913177490E0
7.237747044E2,-2.349503934E-1,-2.198407613E-2,-3.732467175E0
7.242771223E2,3.216088116E-1,1.549665928E0,2.575805902E0
7.247795403E2,-5.154646039E-1,-1.865641832E0,-3.935993671E0
7.252819586E2,7.856532931E-1,2.049222291E-1,4.534454823E0
7.257843766E2,-2.541868985E-1,-2.845445871E0,-2.296693087E0
7.262867941E2,4.690696895E-1,2.503929436E-1,2.863662243E0
7.267892121E2,6.621169448E-1,-1.994033337E0,-2.209329605E0
7.272916310E2,-2.032534778E-1,8.454761505E-1,2.788170576E0
7.277940490E2,1.084851027E0,1.427871436E-1,-6.658289433E-1
7.282964670E2,5.072410107E-1,5.949879885E-1,5.354138017E-1
7.287988840E2,-1.271508783E-1,4.576348141E-2,1.603330970E-1
7.293013017E2,-8.341339231E-1,5.434786797E0,-3.124783039E0
7.298037197E2,6.090493202E-1,1.045861244E0,7.306479812E-1
7.303061372E2,-4.621770978E-1,-9.364498258E-1,3.391864300E-1
7.308085552E2,1.123115778E0,1.272163093E-1,-4.790683985E-1
7.313109740E2,-2.561596334E-1,1.571973860E-1,6.671705246E-1
7.318133920E2,-1.177907437E-1,-5.585168302E-2,-3.343356848E-1
7.323158093E2,-3.535662591E-1,-1.526364088E-1,-3.752432764E-2
7.328182283E2,1.691019833E-1,2.339610755E-1,-5.694215000E-2
7.333206476E2,-5.770434737E-1,9.202104062E-2,1.458777040E-1
7.338230676E2,3.285100311E-2,-2.676052153E-1,-2.009987533E-1
7.343254863E2,3.152742982E-1,-1.423625350E-1,-3.020379543E-1
7.348279063E2,-2.310213894E-1,-2.371184230E-1,7.637541890E-1
7.353303278E2,8.023286611E-2,-1.747906208E-1,-7.922361493E-1
7.358327478E2,4.094868302E-1,4.848649800E-1,6.786398888E-1
7.363351671E2,-1.102001742E-1,-1.738592535E-1,-9.898228645E-1
7.368375881E2,7.883406430E-2,9.511049837E-2,4.920404553E-1
7.373400093E2,3.258301020E-1,6.295918673E-2,-1.603668779E-1
7.378424303E2,-3.093883097E-1,-2.090886235E-1,1.391349919E-2
7.383448520E2,-4.856581986E-1,3.256595731E-1,5.574343801E-1
7.388472730E2,-3.030304611E-2,-2.512569726E-2,3.021263480E-1
7.393496940E2,1.543144584E-1,-2.127971500E-3,3.723965287E-1
7.398521150E2,-2.370100468E-1,-6.622472405E-1,-4.251768887E-1
7.403545362E2,9.357837029E-3,-1.219315529E-1,7.277652025E-1
7.408569572E2,4.069404304E-1,1.285980195E-1,-5.346205831E-1
7.413593796E2,-1.288756430E-1,3.200257123E-1,7.131718993E-1
7.418618006E2,-4.377369285E-1,-5.357868671E-1,-3.293097317E-1
7.423642228E2,8.614645004E-1,-5.923287198E-2,4.291456640E-1
7.428666438E2,-4.647205770E-1,-2.765386403E-1,-2.130837739E-1
7.433690653E2,-7.943346351E-2,5.008069798E-2,-2.581548691E-1
7.438714863E2,2.455613613E-1,-1.939556897E-1,-1.064680368E-1
7.443739087E2,-3.657612801E-1,7.308163047E-1,2.590433508E-2