"Time (s)","Latitude (째)","Longitude (째)","Height (m)","Velocity (m/s)","Direction (째)","Horizontal Accuracy (m)","Vertical Accuracy (째)"
5.198705196E-1,5.232876476E1,4.868815120E0,8.652992472E-1,1.105517698E1,1.799951015E2,4.788058161E0,3.301368819E0
1.519868851E0,5.232868289E1,4.868810038E0,9.930878477E-1,9.993356124E0,1.800997445E2,4.783008742E0,3.308680161E0
2.519868731E0,5.232861674E1,4.868807707E0,7.470401432E-1,8.717458228E0,1.799571969E2,4.778867973E0,3.314658041E0
3.519867897E0,5.232855723E1,4.868805816E0,7.932267422E-1,7.535872188E0,1.798353006E2,4.774568823E0,3.320847721E0
4.519866586E0,5.232850623E1,4.868807857E0,6.265314538E-1,6.367157409E0,1.798175829E2,4.770932552E0,3.326069694E0
5.519865990E0,5.232846893E1,4.868811491E0,7.395430701E-1,5.126781651E0,1.803145441E2,4.759687752E0,3.342141460E0
6.519865036E0,5.232843374E1,4.868811249E0,1.129233679E0,4.532153624E0,1.819071932E2,4.765337840E0,3.334080429E0
7.519864917E0,5.232837698E1,4.868814996E0,4.503931757E-1,5.839452196E0,1.800431528E2,4.767442490E0,3.331070269E0
8.519864202E0,5.232830834E1,4.868813061E0,6.956183724E-2,7.013886747E0,1.800200120E2,4.767424177E0,3.331096479E0
9.519863129E0,5.232822898E1,4.868814046E0,-3.644282771E-1,8.158872076E0,1.806074808E2,4.769329343E0,3.328368167E0
1.051986289E1,5.232813490E1,4.868815218E0,-4.482026435E-1,9.376378434E0,1.796007832E2,4.765150826E0,3.334347708E0
1.151986134E1,5.232802582E1,4.868812961E0,-4.309391724E-1,1.051298206E1,1.799562274E2,4.768842234E0,3.329066053E0
1.251986122E1,5.232791680E1,4.868813181E0,-6.004142556E-1,1.135101179E1,1.795933924E2,4.769332522E0,3.328363611E0
1.351986063E1,5.232779118E1,4.868816436E0,7.854905818E-2,1.272173298E1,1.796108839E2,4.737257105E0,3.373860126E0
1.451985955E1,5.232766963E1,4.868817765E0,-5.927562760E-1,1.322030308E1,1.793981959E2,4.739406950E0,3.370839479E0
1.551985919E1,5.232755466E1,4.868822140E0,-7.194176279E-1,1.296732503E1,1.790178101E2,4.740887241E0,3.368757219E0
1.651985812E1,5.232743291E1,4.868824550E0,-6.859266600E-1,1.330620347E1,1.791855921E2,4.741949387E0,3.367261950E0
1.751985717E1,5.232731319E1,4.868830677E0,-8.842197089E-1,1.313880933E1,1.790687261E2,4.743774791E0,3.364689847E0
1.851985645E1,5.232720792E1,4.868798271E0,-1.094383935E0,1.228716585E1,1.862721677E2,4.742766847E0,3.366110465E0
1.951985526E1,5.232710444E1,4.868779900E0,-1.211775223E0,1.161888686E1,1.881864784E2,4.748354706E0,3.358223432E0
2.051985490E1,5.232696868E1,4.868837775E0,-7.751270449E-1,1.294098199E1,1.758802285E2,4.743479103E0,3.365106689E0
2.151985419E1,5.232684911E1,4.868841316E0,-4.000142226E-1,1.310048708E1,1.772777158E2,4.746696723E0,3.360566507E0
2.251985383E1,5.232673611E1,4.868837213E0,1.823880430E-1,1.285073223E1,1.795035366E2,4.751199891E0,3.354196868E0
2.351985300E1,5.232662214E1,4.868847350E0,2.104497505E-1,1.276331174E1,1.785903880E2,4.755505585E0,3.348089555E0
2.451985228E1,5.232649572E1,4.868883739E0,-4.551840164E-1,1.347158368E1,1.728658518E2,4.775673291E0,3.319259203E0
2.551985085E1,5.232639649E1,4.868866995E0,-5.479934020E-1,1.242847700E1,1.772876862E2,4.755335970E0,3.348330456E0
2.651985073E1,5.232628426E1,4.868875308E0,-4.549932424E-1,1.229824327E1,1.772895520E2,4.782705961E0,3.309117817E0
2.751984942E1,5.232614561E1,4.868872075E0,-9.582753181E-1,1.344782247E1,1.789999015E2,4.762622685E0,3.337957788E0
2.851984906E1,5.232604153E1,4.868872279E0,-7.915733326E-1,1.240993154E1,1.797770864E2,4.766192303E0,3.332858828E0
2.951984823E1,5.232593740E1,4.868875906E0,-7.491811225E-1,1.169610685E1,1.791451936E2,4.756815363E0,3.346228420E0
3.051984811E1,5.232584423E1,4.868879138E0,-1.036753580E0,1.097887127E1,1.789079236E2,4.754653352E0,3.349299708E0
3.151984680E1,5.232575592E1,4.868882569E0,-5.666269474E-1,1.037419941E1,1.787198035E2,4.750865257E0,3.354670825E0
3.251984644E1,5.232566539E1,4.868890500E0,-2.132588075E-1,1.024578712E1,1.777996175E2,4.748957130E0,3.357371474E0
3.351984560E1,5.232558765E1,4.868895974E0,-4.949147264E-1,9.326513518E0,1.773781291E2,4.747945534E0,3.358801905E0
3.451984441E1,5.232551219E1,4.868898861E0,-3.524307599E-1,8.594713891E0,1.786069532E2,4.745455749E0,3.362318659E0
3.551984358E1,5.232543565E1,4.868906999E0,-2.001823839E-1,8.460807924E0,1.774608020E2,4.745330001E0,3.362496128E0
3.651984286E1,5.232538192E1,4.868908864E0,-1.548956987E-1,7.078733203E0,1.784771256E2,4.743167301E0,3.365546164E0
3.751984251E1,5.232533103E1,4.868914824E0,1.239455305E-1,6.096953237E0,1.778630574E2,4.743337238E0,3.365306654E0
3.851984107E1,5.232528827E1,4.868918547E0,5.627468508E-2,5.258283702E0,1.781523945E2,4.741262698E0,3.368228772E0
3.951984107E1,5.232524757E1,4.868920727E0,2.948804675E-1,4.652032128E0,1.786939255E2,4.743000905E0,3.365780659E0
4.051984024E1,5.232521789E1,4.868923858E0,4.085287126E-1,3.670922356E0,1.781237155E2,4.742697231E0,3.366208550E0
4.151983881E1,5.232519791E1,4.868925628E0,-2.382522924E-1,2.512899285E0,1.773183932E2,4.743004192E0,3.365776028E0
4.251983881E1,5.232519109E1,4.868923383E0,5.845103245E-1,1.294352832E0,1.791036395E2,4.742023419E0,3.367157692E0
4.351983798E1,5.232519245E1,4.868924622E0,8.988224249E-1,4.113128703E-1,1.773915218E2,4.741177687E0,3.368348435E0
4.451983762E1,5.232519631E1,4.868924624E0,7.112775240E-1,9.425488981E-2,1.773725547E2,4.742213981E0,3.366889304E0
4.551983607E1,5.232519525E1,4.868923896E0,7.824828364E-1,1.472729623E-1,1.773725538E2,4.741159518E0,3.368374008E0
4.651983571E1,5.232519568E1,4.868926687E0,8.131071581E-1,1.401638576E-1,1.773725571E2,4.740744606E0,3.368957941E0
4.751983500E1,5.232519958E1,4.868924771E0,7.456124052E-1,5.593722438E-2,1.773725550E2,4.742159474E0,3.366966076E0
4.851983392E1,5.232519908E1,4.868924771E0,6.637355834E-1,2.171605397E-1,1.773725549E2,4.742517720E0,3.366461452E0
4.951983368E1,5.232520222E1,4.868922436E0,5.584452106E-1,4.727410991E-2,1.773725523E2,4.742050687E0,3.367119290E0
5.051983213E1,5.232520463E1,4.868921743E0,4.600562342E-1,1.166502452E-2,1.773725515E2,4.742559627E0,3.366402415E0
5.151983154E1,5.232520505E1,4.868922221E0,4.218790326E-1,4.916152224E-2,1.773725521E2,4.743562128E0,3.364989654E0
5.251983058E1,5.232520516E1,4.868922213E0,4.189087348E-1,0.000000000E0,1.773725521E2,4.741359264E0,3.368092838E0
5.351983035E1,5.232520516E1,4.868922213E0,4.189087348E-1,0.000000000E0,1.773725521E2,4.741371101E0,3.368076175E0
5.451982939E1,5.232520633E1,4.868924301E0,7.913380386E-1,3.831711853E-1,1.773725546E2,4.741974220E0,3.367226980E0
5.551982903E1,5.232520627E1,4.868922630E0,9.322850443E-1,2.642759023E-1,1.889740457E2,4.757900650E0,3.344685104E0
5.651982820E1,5.232520760E1,4.868922974E0,8.704582155E-1,0.000000000E0,1.889740460E2,4.744497604E0,3.363670543E0
5.751982713E1,5.232520760E1,4.868922974E0,8.704582155E-1,0.000000000E0,1.889740460E2,4.744051272E0,3.364300010E0
5.851982641E1,5.232520760E1,4.868922974E0,8.704582155E-1,0.000000000E0,1.889740460E2,4.744113335E0,3.364212493E0
5.951982558E1,5.232520760E1,4.868922974E0,8.704582155E-1,0.000000000E0,1.889740460E2,4.743177906E0,3.365531218E0
6.051982474E1,5.232520760E1,4.868922974E0,8.704582155E-1,0.000000000E0,1.889740460E2,4.744556712E0,3.363587168E0
6.151982427E1,5.232520760E1,4.868922974E0,8.704582155E-1,0.000000000E0,1.889740460E2,4.742904522E0,3.365916476E0
6.251982367E1,5.232520760E1,4.868922974E0,8.704582155E-1,0.000000000E0,1.889740460E2,4.743438188E0,3.365164363E0
6.351982284E1,5.232520760E1,4.868922974E0,8.704582155E-1,0.000000000E0,1.889740460E2,4.743625494E0,3.364900326E0
6.451982212E1,5.232520760E1,4.868922974E0,8.704582155E-1,0.000000000E0,1.889740460E2,4.743738558E0,3.364740930E0
6.551982117E1,5.232520760E1,4.868922974E0,8.704582155E-1,0.000000000E0,1.889740460E2,4.743553073E0,3.365002419E0
6.651982117E1,5.232520760E1,4.868922974E0,8.704582155E-1,0.000000000E0,1.889740460E2,4.743592485E0,3.364946860E0
6.751981950E1,5.232522046E1,4.868934399E0,6.118580326E-1,7.185955355E-2,1.889740570E2,4.743545128E0,3.365013618E0
6.851981902E1,5.232521707E1,4.868935641E0,7.146862894E-1,3.042214168E-1,1.889740585E2,4.743696359E0,3.364800423E0
6.951981807E1,5.232521319E1,4.868937496E0,8.066133773E-1,4.040593421E-1,1.889740607E2,4.743416227E0,3.365195318E0
7.051981699E1,5.232521161E1,4.868937204E0,8.462369973E-1,0.000000000E0,1.889740605E2,4.743024979E0,3.365746734E0
7.151981699E1,5.232521161E1,4.868937204E0,8.462369973E-1,0.000000000E0,1.889740605E2,4.742404369E0,3.366621130E0
7.251981568E1,5.232520136E1,4.868939224E0,8.167100288E-1,5.692545994E-1,1.816207764E2,4.742957452E0,3.365841893E0
7.351981497E1,5.232519822E1,4.868939257E0,6.978394585E-1,5.013670890E-1,1.792040037E2,4.742448820E0,3.366558514E0
7.451981473E1,5.232519293E1,4.868939324E0,8.101198701E-1,5.003252880E-1,1.797623577E2,4.742416975E0,3.366603373E0
7.551981401E1,5.232518917E1,4.868939750E0,8.517823461E-1,3.888855718E-1,1.779500471E2,4.742427132E0,3.366589065E0
7.651981258E1,5.232518314E1,4.868939200E0,7.555747712E-1,3.920636602E-1,1.801716065E2,4.742654376E0,3.366268929E0
7.751981187E1,5.232518027E1,4.868940400E0,8.911459837E-1,0.000000000E0,1.754018089E2,4.743176509E0,3.365533187E0
7.851981175E1,5.232517077E1,4.868940394E0,1.313286996E0,9.054745730E-1,1.784595620E2,4.743092051E0,3.365652214E0
7.951981056E1,5.232515320E1,4.868942535E0,1.026046530E0,1.743424157E0,1.778499736E2,4.743017870E0,3.365756753E0
8.051980960E1,5.232512424E1,4.868944728E0,1.153101705E0,2.871628970E0,1.778604132E2,4.742829346E0,3.366022404E0
8.151980937E1,5.232508462E1,4.868946786E0,1.164423524E0,4.041963789E0,1.785180967E2,4.743147341E0,3.365574295E0
8.251980841E1,5.232503548E1,4.868952490E0,4.809650648E-1,5.181360300E0,1.774274204E2,4.742210337E0,3.366894438E0
8.351980758E1,5.232497399E1,4.868955773E0,4.204712976E-1,6.425869149E0,1.780419437E2,4.741695997E0,3.367618758E0
8.451980722E1,5.232489670E1,4.868958810E0,5.976131232E-1,7.913798936E0,1.784230456E2,4.742366363E0,3.366674667E0
8.551980650E1,5.232481285E1,4.868962606E0,5.636921581E-1,8.990454375E0,1.783741284E2,4.742524416E0,3.366452020E0
8.651980519E1,5.232472108E1,4.868965751E0,7.192915771E-1,9.880653647E0,1.784455974E2,4.742972011E0,3.365821377E0
8.751980472E1,5.232462053E1,4.868971325E0,4.839404915E-1,1.080681499E1,1.782284296E2,4.743362066E0,3.365271660E0
8.851980352E1,5.232451148E1,4.868976914E0,6.380756721E-1,1.166949951E1,1.779794400E2,4.743781826E0,3.364679928E0
8.951980293E1,5.232439496E1,4.868983018E0,7.039514678E-1,1.247105877E1,1.782221818E2,4.744148667E0,3.364162669E0
9.051980186E1,5.232427533E1,4.868989880E0,6.965519218E-1,1.311715411E1,1.782085330E2,4.744502132E0,3.363664156E0
9.151980186E1,5.232414859E1,4.868996396E0,4.938520649E-1,1.386169353E1,1.782950449E2,4.744704007E0,3.363379390E0
9.251980162E1,5.232401989E1,4.869004151E0,3.051764881E-1,1.414006534E1,1.783422613E2,4.745071405E0,3.362861043E0
9.351980031E1,5.232389211E1,4.869011493E0,2.322124448E-1,1.414948579E1,1.783225631E2,4.744852667E0,3.363169666E0
9.451980007E1,5.232376748E1,4.869018962E0,3.834820930E-1,1.393759945E1,1.781033272E2,4.745358807E0,3.362455476E0
9.551979828E1,5.232364036E1,4.869023749E0,3.686465146E-1,1.399264921E1,1.784596244E2,4.745367075E0,3.362443807E0
9.651970530E1,5.232351339E1,4.869033183E0,3.326049894E-1,1.403604279E1,1.779253386E2,4.745164995E0,3.362728981E0
9.751970494E1,5.232339286E1,4.869040461E0,4.824199136E-1,1.360049341E1,1.780176701E2,4.745664924E0,3.362023418E0
9.851970685E1,5.232326927E1,4.869043364E0,4.681768883E-1,1.352560433E1,1.788350527E2,4.746009033E0,3.361537638E0
9.951970601E1,5.232314973E1,4.869050907E0,8.947847541E-1,1.332790720E1,1.784239993E2,4.747116373E0,3.359973686E0
1.005197071E2,5.232302528E1,4.869058359E0,9.019785179E-1,1.344486445E1,1.780267996E2,4.748136607E0,3.358531791E0
1.015197091E2,5.232291297E1,4.869053305E0,1.280815345E0,1.289440765E1,1.800275584E2,4.747210606E0,3.359840546E0
1.025197107E2,5.232281044E1,4.869050269E0,1.061292564E0,1.190462058E1,1.808458610E2,4.744131783E0,3.364186477E0
1.035197150E2,5.232270778E1,4.869046557E0,1.058325768E0,1.137274106E1,1.813712524E2,4.742223657E0,3.366875676E0
1.045197214E2,5.232260234E1,4.869045990E0,1.065759567E0,1.138186539E1,1.805578252E2,4.742826112E0,3.366026962E0
1.055197234E2,5.232250586E1,4.869044559E0,1.112862517E0,1.080537848E1,1.800921255E2,4.742690233E0,3.366218410E0
1.065197281E2,5.232241414E1,4.869047121E0,1.705588730E0,1.021540709E1,1.797315565E2,4.742182399E0,3.366933787E0
1.075197351E2,5.232233202E1,4.869050539E0,1.664348512E0,9.311468451E0,1.787355736E2,4.741961316E0,3.367245151E0
1.085197347E2,5.232225596E1,4.869054245E0,1.869781888E0,8.450000372E0,1.782868222E2,4.741733178E0,3.367566406E0
1.095197393E2,5.232218925E1,4.869056573E0,2.124623524E0,7.505444878E0,1.786946532E2,4.741627883E0,3.367714663E0
1.105197414E2,5.232213202E1,4.869061454E0,2.228582500E0,6.498522191E0,1.780119292E2,4.741547029E0,3.367828499E0
1.115197490E2,5.232208521E1,4.869063802E0,2.380716885E0,5.397397130E0,1.782153148E2,4.741451750E0,3.367962638E0
1.125197531E2,5.232205033E1,4.869065343E0,2.322950167E0,4.176232883E0,1.782568581E2,4.741530060E0,3.367852390E0
1.135197597E2,5.232202648E1,4.869066562E0,2.617363324E0,2.921680767E0,1.782720988E2,4.741509596E0,3.367881201E0
1.145197647E2,5.232201536E1,4.869067526E0,2.531073597E0,1.675409187E0,1.781888419E2,4.741893689E0,3.367340386E0
1.155197694E2,5.232201932E1,4.869067926E0,2.697758454E0,2.094747460E-1,1.772867628E2,4.741585289E0,3.367774633E0
1.165197748E2,5.232201956E1,4.869068644E0,2.569561915E0,1.278161616E-1,1.772867634E2,4.741989770E0,3.367205081E0
1.175197790E2,5.232202066E1,4.869067873E0,2.444523798E0,2.977012858E-2,1.772867627E2,4.742211447E0,3.366892873E0
1.185197822E2,5.232202027E1,4.869068295E0,2.505449473E0,1.438109432E-2,1.772867631E2,4.742355677E0,3.366689720E0
1.195197860E2,5.232201961E1,4.869067941E0,2.261795647E0,3.759953167E-2,1.772867628E2,4.742747652E0,3.366137511E0
1.205197901E2,5.232201930E1,4.869068396E0,2.128179274E0,3.180918100E-2,1.772867632E2,4.743117411E0,3.365616476E0
1.215197932E2,5.232201986E1,4.869068496E0,2.000201841E0,1.132440096E-2,1.772867633E2,4.743394229E0,3.365226325E0
1.225197994E2,5.232201963E1,4.869068718E0,1.883172564E0,1.673180667E-2,1.772867635E2,4.743599945E0,3.364936344E0
1.235197996E2,5.232201983E1,4.869068758E0,1.827635196E0,6.789481721E-3,1.772867635E2,4.743778496E0,3.364684623E0
1.245198029E2,5.232201992E1,4.869068770E0,1.850563571E0,0.000000000E0,1.772867636E2,4.743960623E0,3.364427832E0
1.255198047E2,5.232201992E1,4.869068770E0,1.850563571E0,0.000000000E0,1.772867636E2,4.744121877E0,3.364200447E0
1.265198098E2,5.232201992E1,4.869068770E0,1.850563571E0,0.000000000E0,1.772867636E2,4.744147771E0,3.364163932E0
1.275198095E2,5.232201992E1,4.869068770E0,1.850563571E0,0.000000000E0,1.772867636E2,4.744869449E0,3.363145990E0
1.285198115E2,5.232201992E1,4.869068770E0,1.850563571E0,0.000000000E0,1.772867636E2,4.744916351E0,3.363079817E0
1.295198144E2,5.232201992E1,4.869068770E0,1.850563571E0,0.000000000E0,1.772867636E2,4.745369151E0,3.362440877E0
1.305198152E2,5.232201992E1,4.869068770E0,1.850563571E0,0.000000000E0,1.772867636E2,4.745601562E0,3.362112855E0
1.315198170E2,5.232201992E1,4.869068770E0,1.850563571E0,0.000000000E0,1.772867636E2,4.745105469E0,3.362812977E0
1.325198193E2,5.232201992E1,4.869068770E0,1.850563571E0,0.000000000E0,1.772867636E2,4.745837345E0,3.361780024E0
1.335198205E2,5.232201992E1,4.869068770E0,1.850563571E0,0.000000000E0,1.772867636E2,4.745992339E0,3.361561208E0
1.345198231E2,5.232201992E1,4.869068770E0,1.850563571E0,0.000000000E0,1.772867636E2,4.746126595E0,3.361371651E0
1.355198240E2,5.232201992E1,4.869068770E0,1.850563571E0,0.000000000E0,1.772867636E2,4.746280466E0,3.361154381E0
1.365198251E2,5.232201992E1,4.869068770E0,1.850563571E0,0.000000000E0,1.772867636E2,4.746400941E0,3.360984252E0
1.375198301E2,5.232201992E1,4.869068770E0,1.850563571E0,0.000000000E0,1.772867636E2,4.746534003E0,3.360796332E0
1.385198275E2,5.232201992E1,4.869068770E0,1.850563571E0,0.000000000E0,1.772867636E2,4.746597110E0,3.360707204E0
1.395198283E2,5.232201992E1,4.869068770E0,1.850563571E0,0.000000000E0,1.772867636E2,4.746673886E0,3.360598765E0
1.405198298E2,5.232201992E1,4.869068770E0,1.850563571E0,0.000000000E0,1.772867636E2,4.746747144E0,3.360495288E0
1.415198328E2,5.232201992E1,4.869068770E0,1.850563571E0,0.000000000E0,1.772867636E2,4.746020578E0,3.361521338E0
1.425198321E2,5.232201992E1,4.869068770E0,1.850563571E0,0.000000000E0,1.772867636E2,4.746212523E0,3.361250321E0
1.435198331E2,5.232201992E1,4.869068770E0,1.850563571E0,0.000000000E0,1.772867636E2,4.746270309E0,3.361168724E0
1.445198339E2,5.232201170E1,4.869068217E0,8.206607969E-1,8.048258147E-1,1.772867629E2,4.746723096E0,3.360529256E0
1.455198345E2,5.232198987E1,4.869070197E0,7.560422309E-1,2.141037179E0,1.775021311E2,4.746718517E0,3.360535724E0
1.465198349E2,5.232195819E1,4.869071636E0,6.519801924E-1,3.298628449E0,1.783039245E2,4.746723573E0,3.360528583E0
1.475198358E2,5.232191521E1,4.869073481E0,6.943043899E-1,4.550393426E0,1.783756378E2,4.746770124E0,3.360462828E0
1.485198369E2,5.232186065E1,4.869076713E0,7.502884362E-1,5.848514556E0,1.782488916E2,4.746603513E0,3.360698160E0
1.495198368E2,5.232179515E1,4.869080761E0,7.965951655E-1,7.110848825E0,1.782070243E2,4.746544922E0,3.360780911E0
1.505198374E2,5.232171969E1,4.869085323E0,1.017447115E0,8.277740839E0,1.781001715E2,4.746610666E0,3.360688058E0
1.515198380E2,5.232163494E1,4.869089210E0,9.871710408E-1,9.357938695E0,1.783070037E2,4.746641269E0,3.360644833E0
1.525198435E2,5.232154165E1,4.869093415E0,1.064180849E0,1.028730313E1,1.784814826E2,4.746560640E0,3.360758712E0
1.535198396E2,5.232143971E1,4.869099810E0,1.092772132E0,1.119617051E1,1.782936165E2,4.746264005E0,3.361177625E0
1.545198410E2,5.232133125E1,4.869105128E0,1.181536902E0,1.201935462E1,1.783786063E2,4.746204739E0,3.361261312E0
1.555198407E2,5.232121641E1,4.869111517E0,1.231971995E0,1.277937943E1,1.782895496E2,4.746233859E0,3.361220193E0
1.565198400E2,5.232109368E1,4.869117838E0,1.195026222E0,1.356040927E1,1.782155975E2,4.746201081E0,3.361266477E0
1.575198413E2,5.232096329E1,4.869126163E0,1.066203832E0,1.437308823E1,1.778663304E2,4.746103720E0,3.361403950E0
1.585198418E2,5.232082719E1,4.869135679E0,7.614881983E-1,1.516403893E1,1.776479213E2,4.745947746E0,3.361624165E0
1.595198425E2,5.232068443E1,4.869146535E0,3.308798103E-1,1.595302153E1,1.774052935E2,4.745723380E0,3.361940903E0
1.605198421E2,5.232053522E1,4.869158951E0,-1.683791336E-1,1.660960455E1,1.770961362E2,4.745286955E0,3.362556877E0
1.615198433E2,5.232038508E1,4.869174005E0,-7.577110315E-1,1.681154303E1,1.766060921E2,4.744812640E0,3.363226137E0
1.625198456E2,5.232023407E1,4.869187364E0,-1.336336113E0,1.694577125E1,1.765743683E2,4.744720068E0,3.363356732E0
1.635198438E2,5.232008165E1,4.869204464E0,-1.674127900E0,1.705767184E1,1.762533719E2,4.744474944E0,3.363702504E0
1.645198441E2,5.231992869E1,4.869223283E0,-1.940462880E0,1.716022613E1,1.758239799E2,4.744093967E0,3.364239805E0
1.655198441E2,5.231977645E1,4.869238672E0,-2.000470999E0,1.710955262E1,1.760351788E2,4.744059898E0,3.364287847E0
1.665198443E2,5.231961971E1,4.869261094E0,-2.107614666E0,1.722428666E1,1.753458407E2,4.744162093E0,3.364143735E0
1.675198452E2,5.231946126E1,4.869287934E0,-2.272334921E0,1.733450888E1,1.744818235E2,4.744558218E0,3.363585044E0
1.685198489E2,5.231930811E1,4.869314742E0,-1.999186050E0,1.722948412E1,1.738800585E2,4.744267907E0,3.363994510E0
1.695198461E2,5.231914909E1,4.869344428E0,-2.081300586E0,1.732208895E1,1.733219947E2,4.740343281E0,3.369522609E0
1.705198462E2,5.231899309E1,4.869374758E0,-1.822684945E0,1.738506574E1,1.727902188E2,4.739289043E0,3.371005250E0
1.715198462E2,5.231883738E1,4.869409948E0,-1.878488533E0,1.735950675E1,1.721647265E2,4.738735341E0,3.371783564E0
1.725198457E2,5.231868307E1,4.869445449E0,-1.858496347E0,1.731639191E1,1.716722180E2,4.739775196E0,3.370321665E0
1.735198458E2,5.231852940E1,4.869486268E0,-1.822207362E0,1.722081789E1,1.707994649E2,4.740369393E0,3.369485874E0
1.745198461E2,5.231837956E1,4.869527904E0,-1.885320834E0,1.703410441E1,1.702453135E2,4.740802248E0,3.368876827E0
1.755198504E2,5.231823028E1,4.869573314E0,-2.210559228E0,1.692836839E1,1.695523053E2,4.741478645E0,3.367924776E0
1.765198464E2,5.231808216E1,4.869622413E0,-2.041272211E0,1.683772678E1,1.686367296E2,4.741535975E0,3.367844062E0
1.775198498E2,5.231793533E1,4.869672992E0,-1.856702673E0,1.671249293E1,1.681543440E2,4.741591065E0,3.367766500E0
1.785198474E2,5.231778933E1,4.869725984E0,-1.453917679E0,1.659600370E1,1.673534433E2,4.741360299E0,3.368091380E0
1.795198503E2,5.231764241E1,4.869783238E0,-1.348925322E0,1.657724822E1,1.668249420E2,4.741190394E0,3.368330548E0
1.805198513E2,5.231749571E1,4.869843690E0,-1.457747453E0,1.660230581E1,1.660490401E2,4.741764472E0,3.367522342E0
1.815198478E2,5.231735107E1,4.869907369E0,-1.769961896E0,1.667571039E1,1.652936481E2,4.742266060E0,3.366815951E0
1.825198514E2,5.231720671E1,4.869969499E0,-2.292872231E0,1.654189170E1,1.653710036E2,4.742729391E0,3.366163240E0
1.835198485E2,5.231707119E1,4.870028852E0,-3.062339208E0,1.569804236E1,1.652299483E2,4.743357164E0,3.365278569E0
1.845198488E2,5.231694239E1,4.870083109E0,-3.620167273E0,1.490410170E1,1.656111048E2,4.743804764E0,3.364647589E0
1.855198494E2,5.231681984E1,4.870136471E0,-4.135829994E0,1.419116281E1,1.655463368E2,4.744220527E0,3.364061329E0
1.865198525E2,5.231670289E1,4.870186568E0,-4.590247309E0,1.347981491E1,1.655032763E2,4.744313799E0,3.363929787E0
1.875198493E2,5.231659206E1,4.870231407E0,-5.133142546E0,1.262514076E1,1.658041668E2,4.744551360E0,3.363594717E0
1.885198493E2,5.231649169E1,4.870274805E0,-5.441222062E0,1.165803502E1,1.653983101E2,4.744329739E0,3.363907306E0
1.895198492E2,5.231640093E1,4.870315950E0,-5.670195267E0,1.066562248E1,1.649002674E2,4.744766430E0,3.363291328E0
1.905198495E2,5.231631676E1,4.870355278E0,-5.700113351E0,9.771669748E0,1.644369548E2,4.744538231E0,3.363613237E0
1.915198536E2,5.231623922E1,4.870392233E0,-5.944529120E0,8.995534369E0,1.641099976E2,4.743714688E0,3.364774583E0
1.925198503E2,5.231616783E1,4.870424248E0,-6.281949001E0,8.223285872E0,1.642108693E2,4.742152596E0,3.366975764E0
1.935198501E2,5.231610400E1,4.870453550E0,-6.276331039E0,7.424658039E0,1.641823426E2,4.741310967E0,3.368160825E0
1.945198497E2,5.231604945E1,4.870478312E0,-6.177969795E0,6.549996421E0,1.643170143E2,4.742377581E0,3.366658865E0
1.955198512E2,5.231599827E1,4.870502962E0,-6.309721990E0,5.855274275E0,1.642473949E2,4.744484693E0,3.363688753E0
1.965198553E2,5.231595103E1,4.870528930E0,-6.431147662E0,5.150811977E0,1.637002881E2,4.749106703E0,3.357159895E0
1.975198506E2,5.231590106E1,4.870552817E0,-6.223623835E0,4.636148927E0,1.637361907E2,4.749995538E0,3.355902178E0
1.985198505E2,5.231588665E1,4.870552966E0,-6.291627692E0,3.080875883E0,1.649516613E2,4.739814357E0,3.370266591E0
1.995198506E2,5.231588570E1,4.870556283E0,-5.959866376E0,1.481043595E0,1.640007692E2,4.731389898E0,3.382083184E0
2.005198518E2,5.231588852E1,4.870555723E0,-5.626784879E0,8.346417238E-2,1.640001850E2,4.732402336E0,3.380666379E0
2.015198518E2,5.231589059E1,4.870556846E0,-5.237867847E0,2.671093135E-2,1.640001858E2,4.732615835E0,3.380367493E0
2.025198517E2,5.231589090E1,4.870557357E0,-5.357719222E0,2.807657509E-2,1.640001862E2,4.733213456E0,3.379530650E0
2.035198518E2,5.231588918E1,4.870557876E0,-5.504209345E0,1.809016998E-2,1.640001866E2,4.733621486E0,3.378959109E0
2.045198519E2,5.231588904E1,4.870557353E0,-5.627512312E0,1.557118563E-2,1.640001862E2,4.734817401E0,3.377283112E0
2.055198514E2,5.231588791E1,4.870557687E0,-5.466020215E0,2.633466790E-2,1.640001865E2,4.733944041E0,3.378507192E0
2.065198517E2,5.231588807E1,4.870557718E0,-5.454282353E0,0.000000000E0,1.640001865E2,4.733135702E0,3.379639546E0
2.075198517E2,5.231588807E1,4.870557718E0,-5.454282353E0,0.000000000E0,1.640001865E2,4.732039613E0,3.381174076E0
2.085198528E2,5.231588807E1,4.870557718E0,-5.454282353E0,0.000000000E0,1.640001865E2,4.730573012E0,3.383225681E0
2.095198526E2,5.231588807E1,4.870557718E0,-5.454282353E0,0.000000000E0,1.640001865E2,4.728950369E0,3.385493383E0
2.105198529E2,5.231588807E1,4.870557718E0,-5.454282353E0,0.000000000E0,1.640001865E2,4.733752594E0,3.378775431E0
2.115198529E2,5.231588807E1,4.870557718E0,-5.454282353E0,0.000000000E0,1.640001865E2,4.734154684E0,3.378212021E0
2.125198518E2,5.231588807E1,4.870557718E0,-5.454282353E0,0.000000000E0,1.640001865E2,4.734286839E0,3.378026814E0
2.135198532E2,5.231588807E1,4.870557718E0,-5.454282353E0,0.000000000E0,1.640001865E2,4.734347494E0,3.377941806E0
2.145198534E2,5.231588807E1,4.870557718E0,-5.454282353E0,0.000000000E0,1.640001865E2,4.734593359E0,3.377597187E0
2.155198531E2,5.231588807E1,4.870557718E0,-5.454282353E0,0.000000000E0,1.640001865E2,4.734782107E0,3.377332591E0
2.165198532E2,5.231588807E1,4.870557718E0,-5.454282353E0,0.000000000E0,1.640001865E2,4.734869160E0,3.377210545E0
2.175198528E2,5.231588807E1,4.870557718E0,-5.454282353E0,0.000000000E0,1.640001865E2,4.735072138E0,3.376925952E0
2.185198537E2,5.231588807E1,4.870557718E0,-5.454282353E0,0.000000000E0,1.640001865E2,4.735281035E0,3.376633020E0
2.195198539E2,5.231588807E1,4.870557718E0,-5.454282353E0,0.000000000E0,1.640001865E2,4.735510866E0,3.376310690E0
2.205198538E2,5.231589076E1,4.870541914E0,-6.204206634E0,7.687509280E-3,1.640001743E2,4.736040648E0,3.375567510E0
2.215198539E2,5.231588872E1,4.870543191E0,-6.074149978E0,4.448942765E-3,1.640001753E2,4.736820472E0,3.374473121E0
2.225198243E2,5.231588593E1,4.870545129E0,-5.917150353E0,2.179270938E-1,1.640001768E2,4.737810330E0,3.373083206E0
2.235198231E2,5.231587371E1,4.870550721E0,-5.710987174E0,1.398821743E0,1.640001813E2,4.738630618E0,3.371930738E0
2.245198231E2,5.231585069E1,4.870562469E0,-5.494292054E0,2.521733461E0,1.639355459E2,4.738464610E0,3.372164019E0
2.255198264E2,5.231581687E1,4.870578418E0,-5.385768631E0,3.771853437E0,1.638112733E2,4.738892049E0,3.371563314E0
2.265198311E2,5.231577318E1,4.870598298E0,-5.292405493E0,4.956189896E0,1.638853832E2,4.741105820E0,3.368449589E0
2.275198363E2,5.231572236E1,4.870622476E0,-5.183082374E0,6.064173223E0,1.639471865E2,4.745327900E0,3.362499093E0
2.285198357E2,5.231565681E1,4.870652573E0,-4.945199030E0,7.282010170E0,1.641182004E2,4.750938229E0,3.354567480E0
2.295198367E2,5.231558278E1,4.870685025E0,-4.846308283E0,8.294350224E0,1.643002234E2,4.756118322E0,3.347219076E0
2.305198393E2,5.231550553E1,4.870726464E0,-4.775191052E0,9.127657936E0,1.638821136E2,4.757514420E0,3.345234457E0
2.315198408E2,5.231543015E1,4.870761536E0,-5.019242982E0,9.532582945E0,1.639301481E2,4.746347994E0,3.361059023E0
2.325198421E2,5.231533452E1,4.870809018E0,-5.068365290E0,1.026717803E1,1.637718438E2,4.739241872E0,3.371071567E0
2.335198458E2,5.231523107E1,4.870854931E0,-5.213582394E0,1.097796894E1,1.634624906E2,4.737618348E0,3.373352846E0
2.345198476E2,5.231512395E1,4.870914696E0,-4.909930188E0,1.174923805E1,1.616476186E2,4.734209356E0,3.378135404E0
2.355198494E2,5.231501981E1,4.870973636E0,-4.458554321E0,1.212222941E1,1.609331013E2,4.733227599E0,3.379510842E0
2.365198554E2,5.231490004E1,4.871035208E0,-4.145308847E0,1.285319585E1,1.620099668E2,4.730948056E0,3.382701217E0
2.375198586E2,5.231478731E1,4.871095976E0,-3.157624195E0,1.315524308E1,1.625910697E2,4.733172474E0,3.379588047E0
2.385198631E2,5.231466986E1,4.871153815E0,-2.690069839E0,1.345887094E1,1.635510800E2,4.734832626E0,3.377261766E0
2.395198672E2,5.231454951E1,4.871211073E0,-1.972224273E0,1.376113153E1,1.637827833E2,4.735141554E0,3.376828615E0
2.405198741E2,5.231442490E1,4.871274086E0,-1.396908201E0,1.411866432E1,1.636617780E2,4.735534955E0,3.376276902E0
2.415198778E2,5.231430597E1,4.871333758E0,-1.183449632E0,1.393783915E1,1.636604178E2,4.737948310E0,3.372889391E0
2.425198802E2,5.231418593E1,4.871392539E0,-1.332009046E0,1.371846181E1,1.636741285E2,4.739630482E0,3.370525170E0
2.435198824E2,5.231406524E1,4.871450215E0,-1.495588797E0,1.360381536E1,1.638431711E2,4.740682106E0,3.369045889E0
2.445198858E2,5.231394860E1,4.871508548E0,-1.784025614E0,1.350572293E1,1.637002720E2,4.741276149E0,3.368209838E0
2.455198890E2,5.231383143E1,4.871564168E0,-1.923856301E0,1.346150784E1,1.638123038E2,4.741714216E0,3.367593106E0
2.465198927E2,5.231371588E1,4.871618262E0,-1.880606572E0,1.338078935E1,1.639862698E2,4.742709170E0,3.366191729E0
2.475198953E2,5.231359933E1,4.871671216E0,-1.844134771E0,1.336307604E1,1.642294752E2,4.744899467E0,3.363103638E0
2.485198973E2,5.231348157E1,4.871727378E0,-1.973301445E0,1.344537238E1,1.639633369E2,4.743179638E0,3.365528777E0
2.495199016E2,5.231336381E1,4.871783096E0,-2.308519416E0,1.355283657E1,1.638860427E2,4.744390808E0,3.363821175E0
2.505199029E2,5.231324416E1,4.871842582E0,-2.521462523E0,1.371292971E1,1.636167171E2,4.742798275E0,3.366066184E0
2.515199071E2,5.231312490E1,4.871898409E0,-3.046977872E0,1.389662334E1,1.640582073E2,4.742831111E0,3.366019917E0
2.525199069E2,5.231300168E1,4.871951294E0,-3.603776082E0,1.402794841E1,1.654184914E2,4.743452365E0,3.365144380E0
2.535199084E2,5.231287857E1,4.871998369E0,-4.191222927E0,1.388921975E1,1.669957263E2,4.744442210E0,3.363748675E0
2.545199113E2,5.231275773E1,4.872036413E0,-4.307416270E0,1.345345498E1,1.687292314E2,4.741511648E0,3.367878312E0
2.555199146E2,5.231264340E1,4.872070552E0,-4.812008956E0,1.290439883E1,1.700614646E2,4.742878492E0,3.365953155E0
2.565199143E2,5.231253194E1,4.872095803E0,-5.248920816E0,1.229818687E1,1.714391493E2,4.743772169E0,3.364693544E0
2.575199156E2,5.231242713E1,4.872120502E0,-5.460443154E0,1.174229195E1,1.717297532E2,4.744619472E0,3.363498639E0
2.585199182E2,5.231232657E1,4.872144319E0,-5.736574333E0,1.123404685E1,1.717718084E2,4.745104396E0,3.362814491E0
2.595199195E2,5.231223144E1,4.872168477E0,-5.602339578E0,1.067588631E1,1.716233616E2,4.745175814E0,3.362713715E0
2.605199220E2,5.231214567E1,4.872190375E0,-5.895845615E0,9.826253244E0,1.714907124E2,4.743776409E0,3.364687566E0
2.615199229E2,5.231206655E1,4.872213273E0,-5.651315090E0,8.921246129E0,1.708448357E2,4.743363530E0,3.365269596E0
2.625199238E2,5.231199405E1,4.872232013E0,-5.355656865E0,8.110642079E0,1.708520522E2,4.743293533E0,3.365368255E0
2.635199248E2,5.231193282E1,4.872247733E0,-5.395432959E0,6.873952379E0,1.708358366E2,4.744262796E0,3.364001718E0
2.645199268E2,5.231187732E1,4.872263313E0,-5.424633437E0,5.797111585E0,1.706403119E2,4.745326519E0,3.362501043E0
2.655199267E2,5.231184085E1,4.872278216E0,-4.960281698E0,4.475502355E0,1.698132454E2,4.746477541E0,3.360876074E0
2.665199287E2,5.231182371E1,4.872279936E0,-4.102745570E0,2.932134573E0,1.705053268E2,4.743135828E0,3.365590521E0
2.675199293E2,5.231181590E1,4.872281312E0,-3.486042645E0,1.512487062E0,1.705721102E2,4.736823770E0,3.374468492E0
2.685199305E2,5.231181726E1,4.872278189E0,-3.433396748E0,1.349243085E-1,1.705668855E2,4.735676530E0,3.376078321E0
2.695199318E2,5.231181676E1,4.872279537E0,-2.854089873E0,1.382983712E-1,1.705668867E2,4.734845030E0,3.377244376E0
2.705199330E2,5.231181694E1,4.872275506E0,-3.204037384E0,8.761910372E-2,1.705668830E2,4.735881806E0,3.375790360E0
2.715199335E2,5.231181765E1,4.872274272E0,-3.190629465E0,7.553545224E-2,1.705668820E2,4.736478436E0,3.374953194E0
2.725199350E2,5.231181560E1,4.872272946E0,-3.583533651E0,4.554325201E-2,1.705668807E2,4.737761053E0,3.373152418E0
2.735199356E2,5.231181585E1,4.872269616E0,-3.665438698E0,3.618547383E-2,1.705668777E2,4.737957702E0,3.372876198E0
2.745199353E2,5.231181748E1,4.872267322E0,-3.580648733E0,0.000000000E0,1.705668757E2,4.738302262E0,3.372392135E0
2.755199372E2,5.231181748E1,4.872267322E0,-3.580648733E0,0.000000000E0,1.705668757E2,4.738602624E0,3.371970078E0
2.765199373E2,5.231181748E1,4.872267322E0,-3.580648733E0,0.000000000E0,1.705668757E2,4.738753167E0,3.371758511E0
2.775199391E2,5.231181748E1,4.872267322E0,-3.580648733E0,0.000000000E0,1.705668757E2,4.739669724E0,3.370469989E0
2.785199398E2,5.231181748E1,4.872267322E0,-3.580648733E0,0.000000000E0,1.705668757E2,4.739881350E0,3.370172372E0
2.795199399E2,5.231181748E1,4.872267322E0,-3.580648733E0,0.000000000E0,1.705668757E2,4.739928154E0,3.370106546E0
2.805199406E2,5.231181748E1,4.872267322E0,-3.580648733E0,0.000000000E0,1.705668757E2,4.739975621E0,3.370039783E0
2.815199418E2,5.231181748E1,4.872267322E0,-3.580648733E0,0.000000000E0,1.705668757E2,4.740095602E0,3.369871023E0
2.825199423E2,5.231181748E1,4.872267322E0,-3.580648733E0,0.000000000E0,1.705668757E2,4.740261874E0,3.369637131E0
2.835199424E2,5.231181748E1,4.872267322E0,-3.580648733E0,0.000000000E0,1.705668757E2,4.740402212E0,3.369439701E0
2.845199435E2,5.231181748E1,4.872267322E0,-3.580648733E0,0.000000000E0,1.705668757E2,4.740557134E0,3.369221734E0
2.855199437E2,5.231181748E1,4.872267322E0,-3.580648733E0,0.000000000E0,1.705668757E2,4.740701065E0,3.369019212E0
2.865199451E2,5.231181748E1,4.872267322E0,-3.580648733E0,0.000000000E0,1.705668757E2,4.740773006E0,3.368917977E0
2.875199448E2,5.231181748E1,4.872267322E0,-3.580648733E0,0.000000000E0,1.705668757E2,4.740869783E0,3.368781788E0
2.885199457E2,5.231181748E1,4.872267322E0,-3.580648733E0,0.000000000E0,1.705668757E2,4.741006762E0,3.368589009E0
2.895199466E2,5.231182244E1,4.872242188E0,-1.928552867E0,3.427119087E-1,1.705668532E2,4.741184750E0,3.368338492E0
2.905199468E2,5.231180724E1,4.872246310E0,-1.743514471E0,1.576668740E0,1.705668565E2,4.741666934E0,3.367659680E0
2.915199478E2,5.231178300E1,4.872250764E0,-1.951794581E0,2.677472870E0,1.713146431E2,4.742323974E0,3.366734376E0
2.925199478E2,5.231174581E1,4.872259305E0,-1.899806336E0,3.940351953E0,1.711956840E2,4.742950989E0,3.365851000E0
2.935199485E2,5.231169968E1,4.872268444E0,-1.928067334E0,5.113691437E0,1.715423757E2,4.743983641E0,3.364395376E0
2.945199492E2,5.231164204E1,4.872281648E0,-1.769389143E0,6.293916438E0,1.716930101E2,4.746523740E0,3.360810827E0
2.955199493E2,5.231157879E1,4.872296657E0,-1.722928865E0,7.294772143E0,1.717156068E2,4.749690767E0,3.356333513E0
2.965199506E2,5.231150829E1,4.872312082E0,-1.497165829E0,8.124950519E0,1.718900397E2,4.753950595E0,3.350297117E0
2.975199516E2,5.231142253E1,4.872323515E0,-1.417228933E0,9.080207388E0,1.724819596E2,4.751066849E0,3.354385313E0
2.985199512E2,5.231132024E1,4.872351811E0,-1.534385719E0,1.017855012E1,1.720402070E2,4.746007625E0,3.361539625E0
2.995199518E2,5.231120653E1,4.872382380E0,-1.321254488E0,1.130554440E1,1.714635922E2,4.738906006E0,3.371543697E0
3.005199517E2,5.231110060E1,4.872408253E0,-1.036595120E0,1.180190970E1,1.719075955E2,4.737617276E0,3.373354351E0
3.015199531E2,5.231098985E1,4.872430518E0,-1.054129481E0,1.225104305E1,1.734478841E2,4.736368660E0,3.375107251E0
3.025199528E2,5.231087640E1,4.872449075E0,-7.272321880E-1,1.257786002E1,1.747810207E2,4.736147141E0,3.375418091E0
3.035199538E2,5.231075970E1,4.872463679E0,-4.322691327E-1,1.289766172E1,1.763749525E2,4.738377287E0,3.372286719E0
3.045199538E2,5.231063979E1,4.872473876E0,-1.843843246E-1,1.322834342E1,1.777615022E2,4.737391026E0,3.373672079E0
3.055199547E2,5.231051693E1,4.872479929E0,-5.929558538E-2,1.350041198E1,1.787257819E2,4.737262674E0,3.373852307E0
3.065199548E2,5.231039081E1,4.872485738E0,4.650542792E-1,1.381855386E1,1.790567390E2,4.738025406E0,3.372781090E0
3.075199547E2,5.231026188E1,4.872490093E0,9.490465494E-1,1.413681479E1,1.794004221E2,4.737810146E0,3.373083464E0
3.085199597E2,5.231013349E1,4.872493873E0,1.253413894E0,1.447064763E1,1.798703849E2,4.737379255E0,3.373688609E0
3.095199556E2,5.230999926E1,4.872494356E0,1.569248173E0,1.491603887E1,1.802818624E2,4.738290996E0,3.372407963E0
3.105199567E2,5.230986208E1,4.872492426E0,1.394643646E0,1.528414346E1,1.808075092E2,4.739935708E0,3.370095921E0
3.115199574E2,5.230972321E1,4.872488575E0,1.236110628E0,1.522941049E1,1.812171862E2,4.740832597E0,3.368834118E0
3.125199572E2,5.230958862E1,4.872485686E0,1.115316691E0,1.489663737E1,1.811197671E2,4.741603835E0,3.367748522E0
3.135199579E2,5.230945735E1,4.872482351E0,1.019306595E0,1.449132099E1,1.811743603E2,4.742355823E0,3.366689513E0
3.145199587E2,5.230933107E1,4.872480385E0,8.586948132E-1,1.387337159E1,1.810635294E2,4.742869476E0,3.365965859E0
3.155199592E2,5.230921261E1,4.872476627E0,6.660241224E-1,1.319816014E1,1.810623369E2,4.743247974E0,3.365432467E0
3.165199592E2,5.230910407E1,4.872474433E0,6.375452401E-1,1.226698079E1,1.809502430E2,4.743559190E0,3.364993796E0
3.175199590E2,5.230899439E1,4.872471003E0,6.057360675E-1,1.172247927E1,1.810162923E2,4.743199195E0,3.365501215E0
3.185199596E2,5.230889263E1,4.872468284E0,5.036565317E-1,1.108381339E1,1.810271497E2,4.743001877E0,3.365779290E0
3.195199606E2,5.230879862E1,4.872466338E0,4.357531676E-1,1.046115903E1,1.810661145E2,4.742963426E0,3.365833474E0
3.205199609E2,5.230871189E1,4.872466088E0,4.483800465E-1,9.682276363E0,1.808125396E2,4.742400344E0,3.366626799E0
3.215199620E2,5.230863105E1,4.872464165E0,2.968064742E-1,8.970053511E0,1.809282668E2,4.742426113E0,3.366590501E0
3.225199622E2,5.230855734E1,4.872461693E0,9.720280208E-2,8.317211825E0,1.810774496E2,4.742734972E0,3.366155376E0
3.235199623E2,5.230849257E1,4.872458837E0,-2.054316979E-1,7.450897938E0,1.811541682E2,4.743312391E0,3.365341675E0
3.245199627E2,5.230843574E1,4.872457437E0,-3.869956359E-1,6.459013395E0,1.810991595E2,4.743537153E0,3.365024861E0
3.255199634E2,5.230838862E1,4.872455148E0,-6.476281565E-1,5.418105036E0,1.811297171E2,4.743831630E0,3.364609710E0
3.265199631E2,5.230835052E1,4.872454555E0,-7.602890702E-1,4.398907769E0,1.811291572E2,4.744024446E0,3.364337838E0
3.275199665E2,5.230832105E1,4.872454289E0,-8.757567862E-1,3.424161874E0,1.810662046E2,4.744326322E0,3.363912124E0
3.285199654E2,5.230830065E1,4.872453966E0,-9.232582850E-1,2.484041653E0,1.810761162E2,4.744514628E0,3.363646530E0
3.295199647E2,5.230828830E1,4.872454896E0,-9.284237158E-1,1.634568475E0,1.810220030E2,4.744622100E0,3.363494933E0
3.305199649E2,5.230828423E1,4.872455009E0,-1.072038886E0,6.939103259E-1,1.810223014E2,4.745134539E0,3.362771958E0
3.315199661E2,5.230828648E1,4.872455903E0,-1.173237195E0,2.883383162E-2,1.810223021E2,4.745612755E0,3.362097056E0
3.325199665E2,5.230828540E1,4.872457545E0,-1.302275281E0,2.147471194E-2,1.810223034E2,4.746014096E0,3.361530490E0
3.335199665E2,5.230828486E1,4.872458184E0,-1.443733408E0,1.947051950E-2,1.810223039E2,4.746256447E0,3.361188298E0
3.345199677E2,5.230828422E1,4.872458063E0,-1.468363692E0,1.979981599E-2,1.810223038E2,4.746499842E0,3.360844579E0
3.355199677E2,5.230828344E1,4.872458201E0,-1.625182554E0,2.336269781E-2,1.810223039E2,4.746801720E0,3.360418197E0
3.365199679E2,5.230828351E1,4.872458259E0,-1.619842309E0,0.000000000E0,1.810223040E2,4.747240770E0,3.359797927E0
3.375199682E2,5.230828351E1,4.872458259E0,-1.619842309E0,0.000000000E0,1.810223040E2,4.747553136E0,3.359356524E0
3.385199689E2,5.230828351E1,4.872458259E0,-1.619842309E0,0.000000000E0,1.810223040E2,4.747565653E0,3.359338834E0
3.395199698E2,5.230828351E1,4.872458259E0,-1.619842309E0,0.000000000E0,1.810223040E2,4.747815899E0,3.358985148E0
3.405199702E2,5.230828162E1,4.872459183E0,-2.368398319E0,1.506526904E-1,1.810223047E2,4.747706915E0,3.359139188E0
3.415199699E2,5.230826995E1,4.872459154E0,-2.391644101E0,1.137826664E0,1.810223047E2,4.747797307E0,3.359011427E0
3.425199705E2,5.230826546E1,4.872459304E0,-2.526436054E0,0.000000000E0,1.810223048E2,4.748031228E0,3.358680766E0
3.435199703E2,5.230820786E1,4.872456429E0,-2.838627441E0,3.750666234E0,1.817054126E2,4.748444491E0,3.358096477E0
3.445199708E2,5.230816180E1,4.872454410E0,-2.972832566E0,4.988281520E0,1.815811074E2,4.748151435E0,3.358510828E0
3.455199717E2,5.230810337E1,4.872453590E0,-2.958487738E0,6.266113828E0,1.812560032E2,4.747926298E0,3.358829097E0
3.465199717E2,5.230803430E1,4.872450240E0,-2.967688179E0,7.523576413E0,1.812954204E2,4.747619503E0,3.359262729E0
3.475199726E2,5.230795501E1,4.872449108E0,-3.003764305E0,8.680863163E0,1.812093698E2,4.747366284E0,3.359620574E0
3.485198835E2,5.230786683E1,4.872446545E0,-2.924652993E0,9.703979055E0,1.812034380E2,4.747029678E0,3.360096170E0
3.495198838E2,5.230777174E1,4.872443180E0,-2.726958858E0,1.056978054E1,1.812335764E2,4.746946499E0,3.360213679E0
3.505198848E2,5.230766864E1,4.872438833E0,-2.698251406E0,1.139455785E1,1.813380616E2,4.746929027E0,3.360238361E0
3.515198853E2,5.230755800E1,4.872435262E0,-2.773196997E0,1.220169275E1,1.809548018E2,4.746739737E0,3.360505750E0
3.525198852E2,5.230743921E1,4.872435572E0,-2.730357474E0,1.300384874E1,1.802554109E2,4.746496261E0,3.360849636E0
3.535198919E2,5.230731535E1,4.872436030E0,-2.585826238E0,1.370201554E1,1.796823375E2,4.746340386E0,3.361069766E0
3.545198917E2,5.230718541E1,4.872438940E0,-2.516167072E0,1.435962792E1,1.789902117E2,4.744738460E0,3.363330787E0
3.555198938E2,5.230704973E1,4.872442835E0,-2.370707624E0,1.498069645E1,1.786581611E2,4.744457142E0,3.363727613E0
3.565198957E2,5.230691028E1,4.872446472E0,-2.058902321E0,1.550990006E1,1.788507581E2,4.744845482E0,3.363179802E0
3.575198938E2,5.230676511E1,4.872447983E0,-1.960575197E0,1.607030038E1,1.794977781E2,4.745156316E0,3.362741229E0
3.585198901E2,5.230661561E1,4.872444392E0,-2.089275702E0,1.667929694E1,1.805033164E2,4.745298906E0,3.362540011E0
3.595198878E2,5.230646186E1,4.872438425E0,-2.153719595E0,1.720183230E1,1.810011131E2,4.745541532E0,3.362197586E0
3.605198907E2,5.230630469E1,4.872431455E0,-2.129692744E0,1.764014284E1,1.812499439E2,4.745646521E0,3.362049395E0
3.615198922E2,5.230614280E1,4.872426267E0,-1.924080686E0,1.809599282E1,1.812133272E2,4.745934444E0,3.361642945E0
3.625198982E2,5.230597824E1,4.872421286E0,-2.005485438E0,1.818579779E1,1.811934743E2,4.746472779E0,3.360882799E0
3.635199012E2,5.230581551E1,4.872416793E0,-2.232366449E0,1.812321869E1,1.810986523E2,4.746638706E0,3.360648453E0
3.645199046E2,5.230565264E1,4.872411764E0,-2.284575379E0,1.808868062E1,1.811155712E2,4.746676073E0,3.360595675E0
3.655199076E2,5.230548912E1,4.872405492E0,-2.316810567E0,1.808686048E1,1.812323100E2,4.746838356E0,3.360366446E0
3.665199103E2,5.230533052E1,4.872402643E0,-2.476890521E0,1.791080580E1,1.809830913E2,4.746630799E0,3.360659622E0
3.675199114E2,5.230517303E1,4.872399484E0,-2.565454922E0,1.775473982E1,1.808531788E2,4.747726171E0,3.359111972E0
3.685199146E2,5.230501426E1,4.872390963E0,-2.479995499E0,1.766249443E1,1.818124653E2,4.747810329E0,3.358993020E0
3.695199176E2,5.230485477E1,4.872373477E0,-2.417660350E0,1.758872706E1,1.833513820E2,4.748352765E0,3.358226177E0
3.705199192E2,5.230469946E1,4.872353467E0,-2.015485561E0,1.738850335E1,1.846248326E2,4.747670803E0,3.359190226E0
3.715199214E2,5.230454803E1,4.872329040E0,-1.478729346E0,1.666162025E1,1.858222380E2,4.748461095E0,3.358072998E0
3.725199237E2,5.230440832E1,4.872302774E0,-9.635605831E-1,1.572875990E1,1.869922897E2,4.747570720E0,3.359331674E0
3.735199262E2,5.230427649E1,4.872270883E0,-5.347368103E-1,1.487976470E1,1.881229255E2,4.748119760E0,3.358555609E0
3.745199276E2,5.230415505E1,4.872236636E0,-1.902825441E-1,1.384836218E1,1.894418916E2,4.747882722E0,3.358890693E0
3.755199287E2,5.230403657E1,4.872205839E0,1.855779719E-1,1.290075998E1,1.899966365E2,4.747508879E0,3.359419068E0
3.765199306E2,5.230393103E1,4.872174746E0,4.075931981E-1,1.173831384E1,1.907210699E2,4.747243160E0,3.359794549E0
3.775199322E2,5.230383216E1,4.872143304E0,4.074873226E-1,1.076764682E1,1.914537838E2,4.747079421E0,3.360025894E0
3.785199337E2,5.230374700E1,4.872113896E0,4.304745188E-1,9.586972589E0,1.921050308E2,4.746917468E0,3.360254691E0
3.795199354E2,5.230367266E1,4.872087498E0,5.219435766E-1,8.521212516E0,1.925449952E2,4.747053924E0,3.360061916E0
3.805199373E2,5.230360552E1,4.872060025E0,5.713284118E-1,7.686572177E0,1.935007720E2,4.746276728E0,3.361159659E0
3.815199386E2,5.230354777E1,4.872036436E0,7.250889847E-1,6.700054194E0,1.940347189E2,4.745476738E0,3.362289037E0
3.825199398E2,5.230349513E1,4.872015569E0,6.570197660E-1,5.943309971E0,1.941867565E2,4.744825824E0,3.363207537E0
3.835199410E2,5.230344961E1,4.871996204E0,7.427963801E-1,5.225252507E0,1.945733926E2,4.744351797E0,3.363876195E0
3.845199429E2,5.230341165E1,4.871979851E0,7.422026610E-1,4.380052898E0,1.949749910E2,4.744363773E0,3.363859304E0
3.855199443E2,5.230338275E1,4.871967352E0,8.236331344E-1,3.474948878E0,1.952853330E2,4.744237577E0,3.364037283E0
3.865199449E2,5.230336001E1,4.871957783E0,8.656753488E-1,2.586064182E0,1.955201516E2,4.744043383E0,3.364311134E0
3.875199459E2,5.230334763E1,4.871952332E0,8.968211571E-1,1.664691663E0,1.956643117E2,4.743823493E0,3.364621183E0
3.885199473E2,5.230334403E1,4.871951193E0,1.022869555E0,5.829875471E-1,1.957330962E2,4.744602736E0,3.363522248E0
3.895199476E2,5.230334458E1,4.871952699E0,1.023838585E0,1.242218028E-2,1.957330974E2,4.744511945E0,3.363650314E0
3.905199494E2,5.230334424E1,4.871953929E0,9.803507263E-1,2.754593803E-2,1.957330984E2,4.744573761E0,3.363563120E0
3.915199507E2,5.230334468E1,4.871955660E0,1.117510187E0,2.961323108E-2,1.957330998E2,4.744576240E0,3.363559623E0
3.925199512E2,5.230334462E1,4.871957385E0,1.276656036E0,3.370981937E-2,1.957331012E2,4.744660721E0,3.363440452E0
3.935199525E2,5.230334497E1,4.871958012E0,1.445585561E0,1.186445190E-2,1.957331017E2,4.744671918E0,3.363424657E0
3.945199530E2,5.230334538E1,4.871958485E0,1.648902346E0,0.000000000E0,1.957331021E2,4.744757557E0,3.363303845E0
3.955199544E2,5.230334536E1,4.871958863E0,1.807641625E0,2.327304154E-3,1.957331024E2,4.744843229E0,3.363182981E0
3.965199561E2,5.230334468E1,4.871959546E0,1.917420675E0,1.294911319E-2,1.957331029E2,4.744946703E0,3.363036993E0
3.975199562E2,5.230334401E1,4.871960626E0,1.932927333E0,1.830742185E-2,1.957331038E2,4.745021798E0,3.362931038E0
3.985199574E2,5.230334368E1,4.871961205E0,2.095973320E0,0.000000000E0,1.957331043E2,4.745101628E0,3.362818397E0
3.995199591E2,5.230334368E1,4.871961205E0,2.095973320E0,0.000000000E0,1.957331043E2,4.745184267E0,3.362701786E0
4.005199593E2,5.230334368E1,4.871961205E0,2.095973320E0,0.000000000E0,1.957331043E2,4.745231598E0,3.362634995E0
4.015199609E2,5.230334368E1,4.871961205E0,2.095973320E0,0.000000000E0,1.957331043E2,4.745201205E0,3.362677885E0
4.025199608E2,5.230334368E1,4.871961205E0,2.095973320E0,0.000000000E0,1.957331043E2,4.745283833E0,3.362561282E0
4.035199617E2,5.230334368E1,4.871961205E0,2.095973320E0,0.000000000E0,1.957331043E2,4.745381547E0,3.362423383E0
4.045199622E2,5.230334368E1,4.871961205E0,2.095973320E0,0.000000000E0,1.957331043E2,4.745453723E0,3.362321519E0
4.055199636E2,5.230334368E1,4.871961205E0,2.095973320E0,0.000000000E0,1.957331043E2,4.745498856E0,3.362257818E0
4.065199641E2,5.230334368E1,4.871961205E0,2.095973320E0,0.000000000E0,1.957331043E2,4.745561474E0,3.362169438E0
4.075199647E2,5.230334368E1,4.871961205E0,2.095973320E0,0.000000000E0,1.957331043E2,4.745595014E0,3.362122097E0
4.085199660E2,5.230334368E1,4.871961205E0,2.095973320E0,0.000000000E0,1.957331043E2,4.745613306E0,3.362096277E0
4.095199667E2,5.230334368E1,4.871961205E0,2.095973320E0,0.000000000E0,1.957331043E2,4.745680098E0,3.362001999E0
4.105199680E2,5.230334368E1,4.871961205E0,2.095973320E0,0.000000000E0,1.957331043E2,4.745726407E0,3.361936630E0
4.115199680E2,5.230333827E1,4.871963280E0,2.919348070E0,1.059601392E0,1.957331059E2,4.745883716E0,3.361714560E0
4.125199693E2,5.230333391E1,4.871961123E0,2.902129654E0,0.000000000E0,1.957331042E2,4.746214067E0,3.361248141E0
4.135199697E2,5.230328468E1,4.871936678E0,2.915864931E0,3.498590058E0,1.967848015E2,4.745976816E0,3.361583123E0
4.145199703E2,5.230324113E1,4.871915645E0,2.963885015E0,4.796777010E0,1.967552814E2,4.745748325E0,3.361905689E0
4.155199715E2,5.230318763E1,4.871889677E0,3.033980818E0,6.070830329E0,1.967869521E2,4.745649656E0,3.362044969E0
4.165199720E2,5.230312410E1,4.871857747E0,3.106093123E0,7.190569060E0,1.969874516E2,4.745577866E0,3.362146302E0
4.175199726E2,5.230304949E1,4.871817655E0,3.229021278E0,8.510740236E0,1.976860728E2,4.745612795E0,3.362096999E0
4.185199735E2,5.230296651E1,4.871770690E0,3.285615088E0,9.610822847E0,1.985519615E2,4.745700332E0,3.361973438E0
4.195199740E2,5.230287926E1,4.871719483E0,3.421862660E0,1.028761731E1,1.992219591E2,4.745709619E0,3.361960328E0
4.205199754E2,5.230279164E1,4.871664395E0,3.485577101E0,1.042815923E1,2.000799908E2,4.745715918E0,3.361951435E0
4.215199751E2,5.230270548E1,4.871610421E0,3.686508182E0,1.039153076E1,2.004718629E2,4.745785153E0,3.361853702E0
4.225199769E2,5.230261843E1,4.871555225E0,3.650754883E0,1.041269210E1,2.007615963E2,4.745765288E0,3.361881745E0
4.235199765E2,5.230253073E1,4.871500754E0,3.563160567E0,1.046230397E1,2.007379522E2,4.745826253E0,3.361795682E0
4.245199775E2,5.230244128E1,4.871445123E0,3.285077663E0,1.053115815E1,2.007493748E2,4.745473290E0,3.362293902E0
4.255199788E2,5.230235384E1,4.871393650E0,2.821652823E0,1.020322176E1,2.005111166E2,4.744688818E0,3.363400817E0
4.265199802E2,5.230227288E1,4.871343224E0,2.688216648E0,9.724194518E0,2.005601451E2,4.744286416E0,3.363968406E0
4.275199801E2,5.230219510E1,4.871294844E0,2.558791638E0,9.339960648E0,2.006076698E2,4.743786314E0,3.364673600E0
4.285199809E2,5.230212129E1,4.871247498E0,2.408150067E0,8.981024172E0,2.006844703E2,4.743815564E0,3.364632361E0
4.295199815E2,5.230204970E1,4.871202269E0,2.212781870E0,8.599523673E0,2.007125148E2,4.743913721E0,3.364493965E0
4.305199814E2,5.230198122E1,4.871159684E0,2.025347895E0,8.173826174E0,2.007178180E2,4.743755605E0,3.364716896E0
4.315199831E2,5.230191556E1,4.871118806E0,1.881678913E0,7.862881765E0,2.007256263E2,4.743749514E0,3.364725483E0
4.325199838E2,5.230185145E1,4.871078038E0,1.743235537E0,7.699909611E0,2.007539345E2,4.743614727E0,3.364915505E0
4.335199847E2,5.230178696E1,4.871037140E0,1.606217111E0,7.662159424E0,2.008050119E2,4.743911450E0,3.364497168E0
4.345199877E2,5.230172282E1,4.870994785E0,1.410511713E0,7.673458201E0,2.011701803E2,4.744448648E0,3.363739595E0
4.355199854E2,5.230165856E1,4.870951336E0,1.294514475E0,7.682140474E0,2.015417384E2,4.745149369E0,3.362751031E0
4.365199862E2,5.230159197E1,4.870907734E0,1.104663633E0,7.999188635E0,2.016167792E2,4.746309621E0,3.361113210E0
4.375199885E2,5.230151777E1,4.870858751E0,9.348460538E-1,8.785485980E0,2.017399733E2,4.745883147E0,3.361715364E0
4.385199878E2,5.230143871E1,4.870804038E0,7.081417609E-1,9.478555407E0,2.023586102E2,4.745547496E0,3.362189167E0
4.395199884E2,5.230135441E1,4.870744184E0,5.290599782E-1,1.012514374E1,2.028695779E2,4.745652185E0,3.362041400E0
4.405199918E2,5.230126730E1,4.870681044E0,3.370331451E-1,1.062240378E1,2.033602729E2,4.745914553E0,3.361671027E0
4.415199898E2,5.230117575E1,4.870614345E0,3.130027885E-1,1.111739970E1,2.037429772E2,4.746219241E0,3.361240835E0
4.425199909E2,5.230108209E1,4.870544692E0,2.486523390E-1,1.146437624E1,2.040954090E2,4.746363076E0,3.361037725E0
4.435199910E2,5.230098651E1,4.870476120E0,4.882790614E-2,1.167354849E1,2.038683328E2,4.746226547E0,3.361230518E0
4.445199919E2,5.230088832E1,4.870405340E0,-2.693439834E-3,1.189195102E1,2.039070301E2,4.745833140E0,3.361785960E0
4.455199927E2,5.230078745E1,4.870334658E0,1.632663328E-2,1.216667294E1,2.036221668E2,4.745930030E0,3.361649176E0
4.465199951E2,5.230068588E1,4.870261328E0,-3.879967146E-2,1.240153684E1,2.037078261E2,4.745813412E0,3.361813809E0
4.475199934E2,5.230058283E1,4.870188640E0,-1.904172329E-1,1.261442157E1,2.032409815E2,4.745870309E0,3.361733488E0
4.485199987E2,5.230047600E1,4.870118483E0,-2.888656957E-1,1.283841396E1,2.022513856E2,4.746490584E0,3.360857654E0
4.495199945E2,5.230036474E1,4.870048590E0,-2.382016256E-1,1.311294492E1,2.013603948E2,4.747387538E0,3.359590540E0
4.505199955E2,5.230025304E1,4.869976983E0,-1.372978697E-1,1.335437340E1,2.015851506E2,4.747971704E0,3.358764911E0
4.515199962E2,5.230013385E1,4.869899106E0,-2.073080614E-1,1.386626158E1,2.017925681E2,4.747312194E0,3.359697006E0
4.525199991E2,5.230002002E1,4.869825435E0,-1.920353798E-1,1.398745161E1,2.016601290E2,4.747747551E0,3.359081753E0
4.535200022E2,5.229990576E1,4.869751462E0,-2.958613159E-1,1.409472802E1,2.015568211E2,4.748098565E0,3.358585573E0
4.545200000E2,5.229978707E1,4.869674385E0,-3.802891094E-1,1.431000395E1,2.016575209E2,4.746873873E0,3.360316274E0
4.555199989E2,5.229966467E1,4.869597198E0,-3.563526757E-1,1.454224559E1,2.014893912E2,4.746246863E0,3.361201831E0
4.565200000E2,5.229954056E1,4.869517577E0,-5.309350099E-1,1.474210820E1,2.013970330E2,4.746377511E0,3.361017339E0
4.575200002E2,5.229941559E1,4.869437593E0,-6.219154634E-1,1.474541358E1,2.013583314E2,4.746315085E0,3.361105494E0
4.585200013E2,5.229929289E1,4.869360831E0,-4.131493708E-1,1.463359002E1,2.011665144E2,4.745677209E0,3.362006076E0
4.595200012E2,5.229917141E1,4.869282717E0,-4.121023966E-1,1.455608249E1,2.012814056E2,4.745484353E0,3.362278289E0
4.605200026E2,5.229904951E1,4.869204346E0,-4.771425435E-1,1.452032264E1,2.014251429E2,4.745660854E0,3.362029163E0
4.615200034E2,5.229892659E1,4.869128428E0,-5.541105177E-1,1.450431582E1,2.011405588E2,4.744783536E0,3.363267196E0
4.625200059E2,5.229880550E1,4.869050785E0,-6.620817371E-1,1.446147070E1,2.011813300E2,4.743738641E0,3.364740814E0
4.635200050E2,5.229868432E1,4.868972176E0,-6.923997365E-1,1.440545252E1,2.014403966E2,4.742211186E0,3.366893241E0
4.645200056E2,5.229856252E1,4.868894066E0,-9.383399887E-1,1.441005695E1,2.012534637E2,4.742111418E0,3.367033759E0
4.655200065E2,5.229844134E1,4.868818953E0,-7.680371115E-1,1.437833370E1,2.009418850E2,4.742362510E0,3.366680095E0
4.665200063E2,5.229832150E1,4.868745152E0,-6.505211508E-1,1.431880263E1,2.005737465E2,4.742909441E0,3.365909545E0
4.675200069E2,5.229819997E1,4.868671658E0,-6.833293065E-1,1.433215270E1,2.002880562E2,4.743929476E0,3.364471750E0
4.685200127E2,5.229808041E1,4.868601812E0,-6.774140093E-1,1.423504961E1,1.998929053E2,4.746136022E0,3.361358341E0
4.695200078E2,5.229795587E1,4.868527087E0,-2.441146979E-1,1.432331414E1,1.996106796E2,4.747142492E0,3.359936784E0
4.705200094E2,5.229784177E1,4.868453683E0,-2.447431870E-1,1.407428849E1,2.001345922E2,4.739590623E0,3.370581220E0
4.715200099E2,5.229772741E1,4.868384253E0,-6.119445898E-3,1.386770364E1,2.000889969E2,4.738630120E0,3.371931437E0
4.725200104E2,5.229761242E1,4.868312786E0,-1.184052601E-1,1.377311792E1,2.003891343E2,4.737745430E0,3.373174361E0
4.735200107E2,5.229749791E1,4.868245457E0,1.053715385E-1,1.369301659E1,2.000293583E2,4.737416779E0,3.373635916E0
4.745199523E2,5.229738367E1,4.868175374E0,-1.315243477E-1,1.364675395E1,2.001057902E2,4.737456921E0,3.373579546E0
4.755199518E2,5.229726932E1,4.868105073E0,-2.013585959E-1,1.361804667E1,2.001905319E2,4.739496955E0,3.370712928E0
4.765199509E2,5.229715524E1,4.868037168E0,-1.556005217E-1,1.354787939E1,1.999290273E2,4.740459750E0,3.369358751E0
4.775199540E2,5.229704610E1,4.867969765E0,-2.492364002E-1,1.303577133E1,2.001535387E2,4.740996837E0,3.368602978E0
4.785199555E2,5.229694301E1,4.867908595E0,-3.979561348E-1,1.232677088E1,2.000437347E2,4.741564283E0,3.367804207E0
4.795199592E2,5.229684392E1,4.867847239E0,-4.737520944E-1,1.169184163E1,2.004986861E2,4.742122283E0,3.367018456E0
4.805199640E2,5.229675208E1,4.867790473E0,-5.180290155E-1,1.103659722E1,2.006802032E2,4.743941471E0,3.364454838E0
4.815199702E2,5.229666512E1,4.867735072E0,-6.024585739E-1,1.039448598E1,2.008886185E2,4.748083132E0,3.358607391E0
4.825199757E2,5.229658409E1,4.867683432E0,-7.143973308E-1,9.711703096E0,2.010274877E2,4.754937667E0,3.348896059E0
4.835199773E2,5.229651210E1,4.867635415E0,-7.314453721E-1,8.841199703E0,2.013176354E2,4.768635551E0,3.329362103E0
4.845199811E2,5.229644087E1,4.867585290E0,-9.066384444E-1,8.252847653E0,2.018206709E2,4.770226930E0,3.327081614E0
4.855199803E2,5.229637778E1,4.867574459E0,-4.851936717E-1,7.419880574E0,1.991110776E2,4.760356817E0,3.341188412E0
4.865199850E2,5.229632694E1,4.867529457E0,-4.175699214E-1,6.635015819E0,2.007480525E2,4.753010411E0,3.351630807E0
4.875199877E2,5.229627299E1,4.867498534E0,-1.189736389E-1,5.906827552E0,2.006645615E2,4.744002240E0,3.364369150E0
4.885199935E2,5.229623540E1,4.867477379E0,1.890342552E-1,4.945710534E0,2.007059489E2,4.742617172E0,3.366321344E0
4.895199962E2,5.229620220E1,4.867457404E0,7.050012751E-1,4.093825600E0,2.007693677E2,4.742504267E0,3.366480405E0
4.905199999E2,5.229617693E1,4.867441149E0,1.069022370E0,3.248677860E0,2.008621494E2,4.741797984E0,3.367475153E0
4.915200030E2,5.229616130E1,4.867430207E0,1.437260783E0,2.253161349E0,2.010389488E2,4.741390587E0,3.368048743E0
4.925200056E2,5.229615295E1,4.867425820E0,1.423156964E0,1.196117016E0,2.010424117E2,4.741507093E0,3.367884725E0
4.935200078E2,5.229615474E1,4.867427203E0,1.479233923E0,4.881460456E-2,2.010424128E2,4.743200152E0,3.365499866E0
4.945200121E2,5.229615506E1,4.867428886E0,1.623054113E0,1.107684229E-2,2.010424141E2,4.743169753E0,3.365542710E0
4.955200132E2,5.229615559E1,4.867430965E0,1.479246264E0,9.222465333E-2,2.010424158E2,4.743910026E0,3.364499174E0
4.965200158E2,5.229615637E1,4.867431344E0,1.316928586E0,6.930188656E-2,2.010424161E2,4.744354779E0,3.363871990E0
4.975200180E2,5.229615689E1,4.867433177E0,1.238568990E0,7.064752548E-2,2.010424175E2,4.744687761E0,3.363402308E0
4.985200195E2,5.229615644E1,4.867434369E0,1.071652364E0,7.550080156E-2,2.010424185E2,4.745039123E0,3.362906593E0
4.995200212E2,5.229615680E1,4.867434600E0,1.080086419E0,0.000000000E0,2.010424187E2,4.745265591E0,3.362587026E0
5.005200242E2,5.229615680E1,4.867434600E0,1.080086419E0,0.000000000E0,2.010424187E2,4.745425029E0,3.362362016E0
5.015200256E2,5.229615680E1,4.867434600E0,1.080086419E0,0.000000000E0,2.010424187E2,4.745604628E0,3.362108527E0
5.025200280E2,5.229615680E1,4.867434600E0,1.080086419E0,0.000000000E0,2.010424187E2,4.745841815E0,3.361773713E0
5.035200291E2,5.229615680E1,4.867434600E0,1.080086419E0,0.000000000E0,2.010424187E2,4.746005424E0,3.361542733E0
5.045200311E2,5.229615680E1,4.867434600E0,1.080086419E0,0.000000000E0,2.010424187E2,4.746201073E0,3.361266488E0
5.055200331E2,5.229615680E1,4.867434600E0,1.080086419E0,0.000000000E0,2.010424187E2,4.746418799E0,3.360959032E0
5.065200348E2,5.229615680E1,4.867434600E0,1.080086419E0,0.000000000E0,2.010424187E2,4.746529616E0,3.360802529E0
5.075200357E2,5.229615451E1,4.867434154E0,3.706921544E-2,0.000000000E0,2.010424183E2,4.746677627E0,3.360593481E0
5.085200372E2,5.229615451E1,4.867434154E0,3.706921544E-2,0.000000000E0,2.010424183E2,4.746756231E0,3.360482453E0
5.095200430E2,5.229615418E1,4.867426851E0,-7.816430181E-2,1.668766738E-1,2.010424125E2,4.746968215E0,3.360183001E0
5.105200404E2,5.229615479E1,4.867426685E0,-6.877674814E-2,0.000000000E0,2.010424124E2,4.747109434E0,3.359983490E0
5.115200417E2,5.229615479E1,4.867426685E0,-6.877674814E-2,0.000000000E0,2.010424124E2,4.747135854E0,3.359946163E0
5.125200429E2,5.229615479E1,4.867426685E0,-6.877674814E-2,0.000000000E0,2.010424124E2,4.747063649E0,3.360048176E0
5.135200452E2,5.229615447E1,4.867424472E0,2.117501572E-4,6.268568130E-1,2.010424106E2,4.747011674E0,3.360121605E0
5.145200459E2,5.229613705E1,4.867412167E0,2.014600486E-2,1.972810581E0,2.011892627E2,4.747064153E0,3.360047463E0
5.155200467E2,5.229610970E1,4.867393982E0,2.549082600E-2,3.121177213E0,2.011457701E2,4.746780840E0,3.360447691E0
5.165200474E2,5.229607057E1,4.867368866E0,-4.013107438E-2,4.411796979E0,2.012884953E2,4.746855223E0,3.360342621E0
5.175200497E2,5.229602029E1,4.867337722E0,-1.040464770E-1,5.705689227E0,2.012740540E2,4.746648670E0,3.360634381E0
5.185200509E2,5.229595984E1,4.867299591E0,-1.907734163E-1,6.993330334E0,2.012740150E2,4.746606725E0,3.360693624E0
5.195200515E2,5.229588941E1,4.867255384E0,-3.193620872E-1,8.214949612E0,2.012486029E2,4.746585798E0,3.360723181E0
5.205200540E2,5.229581106E1,4.867206453E0,-3.603253243E-1,9.297862071E0,2.012300461E2,4.746610891E0,3.360687740E0
5.215200543E2,5.229572450E1,4.867152207E0,-3.687116848E-1,1.019865952E1,2.012454419E2,4.746687323E0,3.360579785E0
5.225200555E2,5.229562935E1,4.867092591E0,-4.843984134E-1,1.120184620E1,2.012557524E2,4.746772686E0,3.360459209E0
5.235200562E2,5.229552735E1,4.867030575E0,-5.797945810E-1,1.206359443E1,2.006835201E2,4.746995410E0,3.360144582E0
5.245200580E2,5.229541993E1,4.866965567E0,-7.117378144E-1,1.280057008E1,2.004188982E2,4.746835728E0,3.360370159E0
5.255200582E2,5.229530414E1,4.866899045E0,-7.396462532E-1,1.356007344E1,1.996737351E2,4.746691120E0,3.360574422E0
5.265200597E2,5.229518454E1,4.866829579E0,-7.444791142E-1,1.420164457E1,1.994625609E2,4.746544711E0,3.360781209E0
5.275200605E2,5.229505941E1,4.866757642E0,-7.310826639E-1,1.482205264E1,1.993326822E2,4.746589102E0,3.360718513E0
5.285200620E2,5.229493068E1,4.866681532E0,-8.277677130E-1,1.538075861E1,1.995267547E2,4.746687301E0,3.360579816E0
5.295200630E2,5.229479803E1,4.866602327E0,-9.260016261E-1,1.583908576E1,2.001145799E2,4.747240427E0,3.359798411E0
5.305200638E2,5.229465798E1,4.866515648E0,-7.939164322E-1,1.648569324E1,2.008242557E2,4.746753148E0,3.360486807E0
5.315200646E2,5.229451521E1,4.866424856E0,-8.674675105E-1,1.704607697E1,2.013088423E2,4.746745625E0,3.360497434E0
5.325200658E2,5.229436851E1,4.866330923E0,-7.578881988E-1,1.755853935E1,2.013047759E2,4.746668831E0,3.360605904E0
5.335200663E2,5.229421972E1,4.866230708E0,-3.424836881E-1,1.800845419E1,2.018047209E2,4.746511181E0,3.360828565E0
5.345200690E2,5.229406437E1,4.866132219E0,-3.465292156E-1,1.850671344E1,2.015701209E2,4.746361993E0,3.361039254E0
5.355200680E2,5.229390445E1,4.866031937E0,-4.296420282E-1,1.898480559E1,2.013435877E2,4.746256008E0,3.361188918E0
5.365200694E2,5.229374208E1,4.865928237E0,-4.510860387E-1,1.943069631E1,2.013473088E2,4.746184484E0,3.361289913E0
5.375200700E2,5.229357748E1,4.865823141E0,-5.287627345E-1,1.965501865E1,2.012921719E2,4.745903195E0,3.361687061E0
5.385200740E2,5.229341081E1,4.865718612E0,-6.272383379E-1,1.972622567E1,2.011765821E2,4.745880704E0,3.361718813E0
5.395200722E2,5.229324730E1,4.865614704E0,-5.958354026E-1,1.960410282E1,2.012006453E2,4.745763541E0,3.361884211E0
5.405200732E2,5.229308384E1,4.865506226E0,-3.030256350E-1,1.954311446E1,2.016974488E2,4.745520540E0,3.362227214E0
5.415200735E2,5.229292082E1,4.865400758E0,-4.696325576E-1,1.944344298E1,2.017126607E2,4.745250728E0,3.362607999E0
5.425200750E2,5.229275905E1,4.865298579E0,-7.188092824E-1,1.932133291E1,2.014709360E2,4.745211384E0,3.362663520E0
5.435200748E2,5.229259754E1,4.865197722E0,-8.078991631E-1,1.920083361E1,2.013022263E2,4.745265099E0,3.362587720E0
5.445200760E2,5.229243764E1,4.865096780E0,-8.559931358E-1,1.905820586E1,2.011334043E2,4.745254493E0,3.362602687E0
5.455200772E2,5.229228020E1,4.864996337E0,-7.755309343E-1,1.880455140E1,2.011138892E2,4.745490383E0,3.362269778E0
5.465200782E2,5.229212903E1,4.864898958E0,-7.251858581E-1,1.809124444E1,2.012802156E2,4.744994487E0,3.362969573E0
5.475200796E2,5.229198339E1,4.864806454E0,-8.895549839E-1,1.737910906E1,2.012994297E2,4.745182083E0,3.362704868E0
5.485200802E2,5.229184278E1,4.864718638E0,-1.076176943E0,1.670565996E1,2.010021374E2,4.745727960E0,3.361934438E0
5.495200814E2,5.229170693E1,4.864636207E0,-1.419702417E0,1.608605382E1,2.001281688E2,4.745083166E0,3.362844448E0
5.505200815E2,5.229157524E1,4.864559683E0,-2.031313987E0,1.551965025E1,1.995449683E2,4.744880214E0,3.363130802E0
5.515200834E2,5.229144709E1,4.864485324E0,-2.605650124E0,1.504679470E1,2.000860654E2,4.744580300E0,3.363553896E0