"Time (s)","Linear Acceleration x (m/s^2)","Linear Acceleration y (m/s^2)","Linear Acceleration z (m/s^2)"
0.000000000E0,2.762620449E-1,7.683677673E-1,1.259872437E0
7.950000300E-2,2.833917141E-1,1.134900928E0,3.438763618E0
5.795000030E-1,-1.108584404E-1,-1.051784396E0,-1.800568104E-1
1.079500003E0,3.308901787E0,5.479593277E-1,1.392766476E0
1.579500003E0,1.838576794E0,-4.569960594E0,1.551266193E0
2.079500003E0,2.388541460E0,1.153968334E0,8.044397235E-1
2.579500003E0,-8.041005135E-1,-3.964745998E0,2.454077959E0
3.079500003E0,1.194192886E0,-6.350016594E-1,-4.601097107E-2
3.579500003E0,-1.244723558E0,-4.715597153E0,1.567249417E0
4.079500003E0,1.374010563E0,-1.843587875E0,1.937531233E0
4.579500003E0,-2.455429316E0,-5.952482224E0,1.967393637E0
5.079500003E0,1.587411165E0,-2.926399231E0,2.631257057E0
5.579500003E0,-1.760325909E0,-4.788194656E0,2.472307205E0
6.079500003E0,4.776072979E0,-2.915347099E0,3.023323536E0
6.579500003E0,-1.773624420E0,-4.079095840E0,1.620359182E0
7.079500003E0,6.778768539E0,-1.845863342E0,3.053250790E0
7.579500003E0,-2.976408005E-1,-1.929944515E0,-9.984731674E-2
8.079500003E0,7.846129417E0,-1.768792152E0,2.346371889E0
8.579500003E0,2.311253548E-1,-5.006752014E-1,-1.341443658E0
9.079500003E0,7.293498516E0,-9.742822647E-1,2.517560244E0
9.579500003E0,6.128911972E-1,1.548334599E0,-1.866019130E0
1.007950000E1,3.290914536E0,-1.033059120E0,2.889692783E-1
1.057950000E1,8.098411560E-1,2.203029156E0,-1.553057909E0
1.107950000E1,-2.649664879E-1,-1.185982704E0,2.128820181E0
1.157950000E1,1.793159485E0,6.478528976E-1,3.270198107E-1
1.207950000E1,-2.945142508E0,-1.676624775E0,3.401167870E0
1.257950000E1,-3.226406574E-1,9.252734184E-1,-2.696832657E0
1.307950000E1,-3.856032372E0,-1.285830498E0,3.198614120E-1
1.357950000E1,7.952904701E-1,1.530019283E0,-5.373123884E-1
1.407950000E1,-1.041780233E0,-2.836620331E0,-1.550504565E0
1.457950000E1,4.771327972E-1,1.780766010E0,1.510520220E0
1.507950000E1,-6.224584579E-1,-3.990382671E0,2.497301817E0
1.557950000E1,-4.105033875E-1,-1.083500862E0,1.071833611E0
1.607950000E1,6.929054260E-1,-2.319200516E0,1.814315200E0
1.657950000E1,4.356942654E0,-1.977244377E0,1.662085652E0
1.707950000E1,8.630390167E-1,-1.211142540E0,-3.840327263E-3
1.757950000E1,5.947595596E0,-2.361332893E0,8.644880056E-1
1.807950000E1,1.153708458E0,2.033891678E-1,-1.224238396E0
1.857950000E1,5.010164738E0,-1.957767487E0,9.657720327E-1
1.907950000E1,1.307118416E0,2.960767269E0,-1.570705295E0
1.957950000E1,4.048579216E0,-1.343812943E-1,-1.007630110E0
2.007950000E1,8.141567707E-1,2.918861866E0,-2.287999630E0
2.057950000E1,2.012133598E0,-8.852348328E-1,1.512672782E0
2.107950000E1,3.233089447E-1,3.614684582E0,-1.888902426E0
2.157950000E1,-2.348746538E0,-1.456989288E0,1.431598306E0
2.207950000E1,3.550326824E-1,1.988259792E0,-2.096428871E-1
2.257950000E1,-3.957911968E0,-1.708811283E0,2.736998558E0
2.307950000E1,2.100594044E-1,8.374099731E-1,2.238554955E-1
2.357950000E1,-2.521194458E0,-2.037526608E0,3.577909470E0
2.407950000E1,-1.298093796E-2,-4.700126648E-1,1.140336752E0
2.457950000E1,-4.702601433E0,-2.016984463E0,1.093420863E0
2.507950000E1,5.065288544E-1,2.292769909E0,-1.075005770E0
2.557950000E1,-4.890603542E0,-2.575270653E0,2.588099241E0
2.607950000E1,-7.286262512E-2,2.307882786E0,-2.447846651E0
2.657950000E1,-5.493291378E0,-2.746855259E0,1.732342243E0
2.707950000E1,-5.422978401E-1,2.265438080E0,-1.461049914E0
2.757950000E1,-4.827407837E0,-4.537344456E0,2.558303833E0
2.807950000E1,-8.072922230E-1,9.703021049E-1,-2.427623272E-1
2.857950000E1,-1.998086214E0,-3.418026924E0,3.577500582E0
2.907950000E1,2.129461765E-1,1.485958099E-1,6.202417612E-1
2.957950000E1,-1.325410843E0,-3.886344433E0,3.025253773E0
3.007950000E1,1.988767862E0,-1.321175575E0,2.024880409E0
3.057950000E1,-7.097244263E-1,-3.904158592E0,2.253752232E0
3.107950000E1,4.417658806E0,-2.672265053E0,3.096347332E0
3.157950000E1,1.394766331E0,-5.997600555E-1,5.786481500E-1
3.207950000E1,6.241338730E0,-1.899319649E0,1.570042849E0
3.257950000E1,-8.820056915E-2,5.680413246E-1,-1.020589352E0
3.307950000E1,6.028593063E0,-7.393054962E-1,1.423033953E0
3.357950000E1,-2.061056376E0,1.454992294E0,-2.695467234E0
3.407950000E1,4.230194092E0,4.965171814E-1,2.768229723E0
3.457950000E1,-2.532301664E0,1.776929379E0,-2.548152924E0
3.507950000E1,1.752115250E0,1.589683533E0,3.369326353E0
3.557950000E1,-1.143379211E-1,-9.712696075E-2,1.528804660E0
3.607950000E1,-2.805264711E0,-9.380970001E-1,3.493673563E0
3.657950000E1,2.938313723E0,-1.030313492E0,1.758780837E0
3.707950000E1,-4.547298431E0,-2.138556004E0,3.187398195E0
3.757950000E1,1.161485434E0,3.451408863E0,-2.051004410E0
3.807950000E1,-5.009319305E0,-3.625978470E0,1.046243072E0
3.857950000E1,4.354813099E-1,1.459155560E0,4.963711500E-1
3.907950000E1,-3.698687792E0,-4.413940430E0,3.645897388E0
3.957950000E1,1.400406599E0,-2.862949371E-1,-3.127837181E-2
4.007950000E1,-2.718168736E0,-3.983207226E0,2.846507549E0
4.057950000E1,2.553196907E0,-1.999469757E0,1.581345916E0
4.107950000E1,-9.828412533E-1,-2.867438316E0,1.560902715E0
4.157950000E1,3.639617920E0,-1.821743965E0,1.965987682E0
4.207950000E1,-1.228302956E0,-2.227353096E0,-1.199665427E0
4.257950000E1,6.112335682E0,-1.594284058E0,2.382531166E0
4.307950000E1,4.448280334E-1,1.441860199E-1,-2.341531277E0
4.357950000E1,5.117659092E0,-7.617187500E-1,1.752827883E0
4.407950000E1,5.329537392E0,1.967420578E-1,-1.062988043E0
4.457950000E1,2.925455332E0,-2.252417564E0,1.459482431E0
4.507950000E1,1.434269190E0,1.629083633E0,-1.741597652E0
4.557950000E1,1.226341724E0,-1.217864037E0,1.132391930E0
4.607950000E1,-1.733245850E-1,1.621792316E0,-1.447236538E-1
4.657950000E1,-8.750052452E-1,-1.454924583E0,1.561775923E0
4.707950000E1,1.646130085E-1,1.057942390E0,-6.992717981E-1
4.757950000E1,-2.852617025E0,-1.999938965E0,2.095172167E0
4.807950000E1,8.825397491E-1,-9.267864227E-1,1.316476822E0
4.857950000E1,-3.433951616E0,-1.791466236E0,2.903075218E0
4.907950000E1,-6.702899933E-2,1.469669819E0,-3.342127323E0
4.957950000E1,-5.136204243E0,-3.597954750E0,1.012908340E0
5.007950000E1,-7.428712845E-1,1.864410877E0,-1.130298734E0
5.057950000E1,-5.000220299E0,-5.759201527E0,1.465489030E0
5.107950000E1,1.199621916E0,-2.238168716E-1,7.512462139E-1
5.157950000E1,-3.255250216E0,-4.398389816E0,2.162873745E0
5.207950000E1,3.678786039E0,-1.424465179E0,1.271296740E0
5.257950000E1,-1.528912783E0,-3.143857002E0,3.517565727E-1
5.307950000E1,5.332584381E0,-2.753247261E0,2.504928112E0
5.357950000E1,-1.211242437E0,-3.076944351E-1,-2.047662497E0
5.407950000E1,5.277757645E0,-1.243296623E0,1.332128763E0
5.457950000E1,6.422567368E-1,1.733277798E0,-2.289863110E0
5.507950000E1,4.332022667E0,-1.999826431E-1,1.369445562E0
5.557950000E1,-4.999566078E-1,2.180968285E0,-2.695315838E0
5.607950000E1,3.303986073E0,-5.840539932E-1,1.759805202E0
5.657950000E1,4.897117615E-3,2.885775089E0,-1.360994816E0
5.707950000E1,4.045925140E-1,-1.263146877E0,2.125435591E0
5.757950000E1,-8.120100498E-1,2.026744366E0,-1.196380019E0
5.807950000E1,-1.588303804E0,-6.310162544E-1,3.959637403E0
5.857950000E1,-3.932266235E-1,-8.422594070E-1,4.441981316E-1
5.907950000E1,-2.958546638E0,-1.432313442E0,3.401470661E0
5.957950000E1,3.693984509E0,-2.398181915E0,3.206785202E0
6.007950000E1,-4.491234303E0,-3.727884293E0,1.866689682E0
6.057950000E1,6.619493484E0,-2.100375175E0,3.099393845E0
6.107950000E1,-3.686784744E0,-3.746416569E0,2.359005928E0
6.157950000E1,-1.755068779E0,1.189360619E0,7.533460855E-2
6.207950000E1,-3.823575020E0,-3.247849464E0,2.231863022E0
6.257950000E1,4.975738525E-1,-1.560112953E0,3.044929504E0
6.307950000E1,-2.786882401E0,-4.269619942E0,2.712399244E0
6.357950000E1,3.419741631E0,-2.331532478E0,3.510497808E0
6.407950000E1,-1.744453907E0,-3.599413395E0,2.007773638E0
6.457950000E1,5.455107689E0,-4.253950119E-1,1.652771235E0
6.507950000E1,-2.425980568E-1,-1.528561592E0,8.030631542E-1
6.557950000E1,5.942597389E0,-2.052122116E0,3.182196617E-1
6.607950000E1,2.427830696E-1,-1.328656197E0,-2.315750122E-1
6.657950000E1,6.672307014E0,-2.112148285E0,6.932526827E-1
6.707950000E1,-1.173796654E-1,-4.730176926E-1,-1.083618164E0
6.757950000E1,5.214128017E0,-2.033424377E0,1.684844494E-2
6.807950000E1,-1.194481373E0,5.988497734E-1,-1.323865414E0
6.857950000E1,4.914458275E0,-1.690834999E0,1.173800945E0
6.907950000E1,-3.387751579E-1,1.866095543E0,-3.084046841E-1
6.957950000E1,3.515177727E0,-2.178374290E0,6.313455105E-1
7.007950000E1,1.467905521E0,2.252659321E0,-1.531844378E0
7.057950000E1,4.126066685E0,-1.194019318E-1,1.921351433E0
7.107950000E1,-3.118920326E-1,2.187125206E0,-2.179752827E0
7.157950000E1,6.945390701E-1,7.244873047E-2,2.519750357E0
7.207950000E1,8.973875046E-1,3.034902096E0,-6.756446362E-1
7.257950000E1,-1.260105610E0,-1.101035118E0,4.271260262E0
7.307950000E1,5.315988064E-1,1.469830513E0,1.357108355E0
7.357950000E1,-3.374966383E0,1.489304066E0,2.725006342E0
7.407950000E1,2.301784992E0,3.857069016E-1,-1.079835415E0
7.457950000E1,-2.901074409E0,9.819040298E-1,1.201618671E0
7.507950000E1,8.854656219E-1,1.348884106E0,4.065332413E-1
7.557950000E1,-3.326582193E0,-4.661855698E-1,1.402575135E0
7.607950000E1,1.048436165E-1,1.983693123E0,-1.539238095E0
7.657950000E1,-3.358723640E0,-1.800733089E0,1.941703796E0
7.707950000E1,-3.771996498E-1,2.709078312E0,-2.881880999E0
7.757950000E1,-4.579186440E0,-5.013504505E0,1.043593168E0
7.807950000E1,-9.527611732E-1,-1.763296127E-1,1.494580269E0
7.857950000E1,-3.598484993E0,-3.740302563E0,3.046278000E0
7.907950000E1,4.309539795E-1,-8.049249649E-1,1.741843581E0
7.957950000E1,-2.740485668E0,-4.449807167E0,2.742615223E0
8.007950000E1,1.379740715E0,-2.256736755E0,2.335523844E0
8.057950000E1,-1.978030682E0,-3.363506794E0,1.189930201E0
8.107950000E1,4.796369553E0,-2.128678322E0,2.337259769E0
8.157950000E1,9.490661621E-1,-7.838830948E-1,6.980036497E-1
8.207950000E1,5.004066944E0,-1.833131790E0,1.276537299E0
8.257950000E1,1.903715611E0,6.653885841E-1,-1.231195927E-1
8.307950000E1,4.947114944E0,-1.347847939E0,1.432623506E0
8.357950000E1,2.376101494E0,1.013369083E0,-1.296748400E0
8.407950000E1,5.066836357E0,-1.995858192E0,1.681025028E0
8.457950000E1,8.803653717E-2,9.645829201E-1,-1.951495886E0
8.507950000E1,4.838354111E0,-1.054304123E0,2.723655224E0
8.557950000E1,-7.330412865E-1,1.753901005E0,-2.533024788E0
8.607950000E1,5.429027081E0,3.093366623E-1,2.546296358E0
8.657950000E1,-1.586766720E0,-4.267830849E0,3.160364628E0
8.707950000E1,9.268126488E-1,-4.878096581E-1,2.712360620E0
8.757950000E1,-6.886434555E-2,-2.574190617E0,2.288855791E0
8.807950000E1,9.972262383E-1,1.003741741E0,2.855413914E0
8.857950000E1,-3.845868111E-1,-1.703628540E0,1.532148242E0
8.907950000E1,-1.044290066E0,5.260148048E-1,3.591663122E0
8.957950000E1,4.145803452E-1,-3.121309280E-1,-1.092758179E0
9.007950000E1,-2.979369402E0,-9.179515839E-1,3.023490906E0
9.057950000E1,6.744379997E-1,9.167971611E-1,-2.115967274E0
9.107950000E1,-3.613483667E0,-2.253305435E0,3.167472363E0
9.157950000E1,-5.431175232E-4,1.289490223E0,-2.810174465E0
9.207950000E1,-3.640270710E0,-1.880695820E0,1.360613823E0
9.257950000E1,-9.351406097E-1,1.550726891E0,-1.396745086E0
9.307950000E1,-4.246043205E0,-3.200994492E0,2.240992785E0
9.357950000E1,-1.292640686E0,2.140174866E0,-1.419515252E0
9.407950000E1,-3.367891550E0,-3.946323395E0,2.908763885E0
9.457950000E1,-4.865441322E-1,4.395456314E-1,7.490435839E-1
9.507950000E1,-3.318108797E0,-5.332887173E0,1.434761047E0
9.557950000E1,2.833775759E0,-2.693166733E0,3.484296322E0
9.607950000E1,-1.679213524E0,-3.053762913E0,1.230195403E0
9.657950000E1,5.285383224E0,-2.634320259E0,2.795185566E0
9.707950000E1,-3.299822807E-1,3.438696861E-1,-1.948994398E0
9.757950000E1,2.766952991E0,-2.647968292E0,3.179440498E0
9.807950000E1,1.769735098E0,2.375406265E0,-2.043569326E0
9.857950000E1,3.114628792E-1,-5.040946007E-1,3.290734768E0
9.907950000E1,-1.147504330E0,-3.159191608E0,-4.532613754E-1
9.957950000E1,-8.948440552E-1,-1.905660629E0,2.416293144E0
1.000795000E2,-1.114159584E0,-2.117712021E0,6.276336312E-1
1.005795000E2,-5.470648766E0,-4.415922165E0,1.868877172E0
1.010795000E2,3.434200048E0,7.766551971E-1,-5.322349072E-2
1.015795000E2,-2.930779457E0,1.008215427E0,1.742706895E0
1.020795000E2,-4.232449532E-1,2.378264904E0,-2.600960970E0
1.025795000E2,-3.105322361E0,-5.036115646E-1,1.509796381E0
1.030795000E2,-1.127657413E0,1.928833008E0,8.409905434E-2
1.035795000E2,-3.815155506E0,-2.562536240E0,2.031631231E0
1.040795000E2,-5.887975693E-1,6.575961113E-1,7.080151439E-1
1.045795000E2,-3.178845882E0,-2.678764343E0,2.894605160E0
1.050795000E2,8.099157810E-1,-2.033128738E0,3.751757145E0
1.055795000E2,-2.815963030E0,-4.575241089E0,2.105207205E0
1.060795000E2,4.008000851E0,-3.321007729E0,3.582157612E0
1.065795000E2,-4.803843498E-1,-2.029617310E0,1.326501250E0
1.070795000E2,5.136321068E0,-2.018213272E0,2.468226194E0
1.075795000E2,5.027298927E-1,-8.887410164E-1,-2.845668793E-2
1.080795000E2,7.417123318E0,-2.581587791E0,2.897855759E0
1.085795000E2,-5.526862144E-1,1.947254181E0,-2.594147682E0
1.090795000E2,3.043546200E0,-7.431173325E-1,2.908332825E0
1.095795000E2,-1.550353765E0,2.448202610E0,-2.132171154E0
1.100795000E2,1.291136265E0,7.333183289E-2,2.570796251E0
1.105795000E2,-1.645514965E0,1.241140842E0,1.133213043E-1
1.110795000E2,-1.413703203E0,-6.618266106E-1,4.174974442E0
1.115795000E2,-5.004143715E-2,2.015266418E-1,-1.371701479E0
1.120795000E2,-2.121326208E0,1.324780941E0,1.827623963E0
1.125795000E2,-1.045867801E0,4.609441757E-1,4.495012760E-2
1.130795000E2,-2.493640900E0,1.454987049E0,1.233075976E0
1.135795000E2,1.931905866E0,2.351758003E0,3.223054409E-1
1.140795000E2,-3.085269690E0,-1.225052834E0,2.026941776E0
1.145795000E2,-1.421142340E0,1.415337563E0,6.410624981E-1
1.150795000E2,-3.084132671E0,-4.012971401E0,1.424432158E0
1.155795000E2,3.311595917E-1,5.359849930E-1,1.079004884E0
1.160795000E2,-3.935967207E0,-4.433332920E0,9.005373716E-1
1.165795000E2,2.693740129E0,-5.513219833E-1,2.632874966E0
1.170795000E2,-4.981760979E-1,-3.566499233E0,1.861271501E0
1.175795000E2,4.768434525E0,2.785501480E-1,1.224560380E0
1.180795000E2,-2.192726135E-1,-1.355878353E0,7.715702057E-2
1.185795000E2,4.492353916E0,-7.399711609E-1,8.426061869E-1
1.190795000E2,1.154367924E0,5.512046814E-1,-5.408966541E-1
1.195795000E2,5.071799755E0,-9.327516556E-1,5.300028324E-1
1.200795000E2,1.164540291E0,1.253022671E0,-1.361289382E0
1.205795000E2,4.027334213E0,-9.809246063E-1,7.649711967E-1
1.210795000E2,1.274367809E0,2.186766148E0,-1.879760861E0
1.215795000E2,4.573179722E0,-4.116811752E-1,7.141242027E-1
1.220795000E2,-1.045738935E0,2.247974873E0,-1.501872659E0
1.225795000E2,1.170650482E0,3.830542564E-1,1.880783081E0
1.230795000E2,-5.246398449E-1,2.391823769E0,-2.200865746E-2
1.235795000E2,-2.275557280E0,9.209642410E-1,2.367174864E0
1.240795000E2,7.780146599E-1,2.054481983E0,-1.577729702E0
1.245795000E2,-2.655580759E0,-3.442811966E-1,2.519854307E0
1.250795000E2,-6.671233177E-1,2.086601734E0,-2.100122690E0
1.255795000E2,-3.756668329E0,-2.087556839E0,2.195004702E0
1.260795000E2,-1.141533613E0,1.790050983E0,-1.206649780E0
1.265795000E2,-3.462192535E0,-3.249778271E0,1.819715977E0
1.270795000E2,1.265530348E0,1.633768082E0,1.038651109E0
1.275795000E2,-2.257819653E0,-3.843834400E0,3.265012264E0
1.280795000E2,-9.726052284E-1,-1.018289089E0,1.079635501E0
1.285795000E2,-9.562540054E-2,-3.215423584E0,2.351338387E0
1.290795000E2,3.731472492E0,-1.821540833E0,2.314535141E0
1.295795000E2,4.538631439E-1,-1.092431068E0,9.205434322E-1
1.300795000E2,5.021850109E0,-1.739754677E0,2.393075943E0
1.305795000E2,-5.173411369E-1,4.765858650E-1,-2.183914185E0
1.310795000E2,3.682500601E0,-6.158723831E-1,2.865617275E0
1.315795000E2,-2.768750191E-1,1.976320744E0,-2.832619190E0
1.320795000E2,1.720967293E-1,-5.248117447E-2,1.192842007E0
1.325795000E2,4.589169025E-1,8.606896400E-1,7.895323038E-1
1.330795000E2,-2.410630226E0,-1.504728794E0,2.209554911E0
1.335795000E2,3.762893677E-1,-1.769828796E-2,1.667168140E0
1.340795000E2,-3.928696632E0,-1.645925045E0,1.519083619E0
1.345795000E2,3.901932955E0,-1.566882133E0,1.813164234E0
1.350795000E2,-5.164350510E0,-2.678325176E0,2.357121706E0
1.355795000E2,-5.164350510E0,-2.678325176E0,2.357121706E0
1.360795000E2,-4.549230576E0,-2.601939678E0,1.686768532E0
1.365795000E2,-7.629406452E-1,9.192395210E-1,4.828380346E-1
1.370795000E2,-3.844753504E0,-4.445259094E0,1.915416121E0
1.375795000E2,1.349547625E0,4.355907440E-2,1.900402546E0
1.380795000E2,-8.132328987E-1,-3.911592960E0,2.724411488E0
1.385795000E2,1.821985245E0,-2.702837944E0,1.614100099E0
1.390795000E2,5.087566376E-1,-2.612488747E0,1.682986379E0
1.395795000E2,5.564045429E0,-1.616420746E0,5.660730600E-1
1.400795000E2,8.117537498E-1,-1.163320541E-1,-3.729284406E-1
1.405795000E2,4.830853462E0,-1.669821739E0,1.037301421E0
1.410795000E2,-2.855534554E-1,1.319940090E0,-1.421934843E0
1.415795000E2,3.642434120E0,-4.982585907E-1,1.319878101E0
1.420795000E2,3.076658249E-1,2.420910835E0,-2.184271097E0
1.425795000E2,6.723489761E-1,3.714418411E-1,2.953630209E0
1.430795000E2,-2.790727615E-1,1.938290119E0,-1.582689762E0
1.435795000E2,-1.989563465E0,6.115717888E-1,2.329326391E0
1.440795000E2,2.917170525E-2,-3.307228088E-1,1.417375445E0
1.445795000E2,-3.244922638E0,1.426442623E0,3.771314919E-1
1.450795000E2,1.660451889E-1,-2.901030540E0,1.882215023E0
1.455795000E2,-1.303543806E0,-5.579414368E-1,1.906725168E0
1.460795000E2,5.066779137E0,-2.190327644E0,1.288988829E0
1.465795000E2,-1.118267059E0,-2.570215225E0,2.518129110E0
1.470795000E2,3.984101295E0,-6.168184280E-1,1.894918561E0
1.475795000E2,-2.849001884E-1,-3.599431038E0,2.379242897E0
1.480795000E2,2.469197273E0,7.753462791E-1,2.244624615E0
1.485795000E2,-1.201007366E0,-2.336087704E0,-3.923014700E-1
1.490795000E2,6.316311836E0,-1.513455391E0,2.310032845E0
1.495795000E2,-9.512805939E-2,-9.476499557E-1,-1.268542647E0
1.500795000E2,6.093018532E0,-1.519480705E0,3.299378395E0
1.505795000E2,-1.160418987E0,-7.865362167E-1,-2.666627884E0
1.510795000E2,6.272685051E0,-8.906602859E-1,3.040585518E0
1.515795000E2,-1.273589134E-1,-3.978557587E-1,-1.815401912E0
1.520795000E2,6.271587849E0,-6.483888626E-1,2.767016172E0
1.525795000E2,-1.842560768E-1,-2.193613052E-1,-3.359089136E0
1.530795000E2,3.989144802E0,-1.279548645E0,3.686841965E0
1.535795000E2,3.695526123E-1,1.076536655E0,-5.824588537E-1
1.540795000E2,1.177634716E0,-5.900812149E-1,4.526071548E0
1.545795000E2,4.163717270E0,2.215307713E0,-1.213192105E0
1.550795000E2,-2.013720036E0,-3.770787716E0,3.490477085E0
1.555795000E2,5.901442528E0,-9.083089828E-1,3.259973288E0
1.560795000E2,-5.767177582E0,-5.757094383E0,-6.860178709E-1
1.565795000E2,6.838084221E0,-1.551765442E0,3.653595209E0
1.570795000E2,-5.037476540E0,-5.282583237E0,1.228178740E0
1.575795000E2,1.530430794E0,-9.697818756E-1,2.207917929E0
1.580795000E2,-1.893620729E0,-2.680128098E0,1.992883980E-1
1.585795000E2,-3.246579647E0,-1.603172779E0,3.093082607E-1
1.590795000E2,1.543173790E-1,1.431533337E0,-2.904413462E0
1.595795000E2,-5.640474796E0,-3.568498135E0,-6.400159597E-1
1.600795000E2,-9.126031399E-1,1.368215084E0,-2.574381828E-1
1.605795000E2,-6.340049744E0,-6.969140053E0,-3.115358353E-1
1.610795000E2,2.494502783E0,-1.185358047E0,2.263371706E0
1.615795000E2,-5.015054703E0,-5.272673130E0,3.361656666E-1
1.620795000E2,6.388175488E0,-3.540530205E-1,2.078416824E0
1.625795000E2,-2.057019234E0,-3.926942348E0,3.435435772E0
1.630795000E2,1.812705517E0,-2.137135506E0,3.640517235E0
1.635795000E2,-2.060702324E0,-5.527318954E0,2.164383411E0
1.640795000E2,-1.258550644E0,-2.664289474E-1,9.383316040E-1
1.645795000E2,-2.293771267E0,-1.298972607E0,-1.319040298E0
1.650795000E2,-3.872235060E0,-3.730955124E-1,1.434813976E0
1.655795000E2,-6.023054123E-1,2.348089695E0,-7.829492688E-1
1.660795000E2,-3.193264484E0,-1.764531136E0,3.450221539E0
1.665795000E2,-1.260661840E0,3.429608345E-1,1.515963554E0
1.670795000E2,-2.239037991E0,-2.079509735E0,2.275214195E0
1.675795000E2,3.973548412E-1,-1.531790733E0,1.184620023E0
1.680795000E2,-1.678336859E0,-3.351050377E0,1.681710482E0
1.685795000E2,5.621575832E0,-3.126982689E0,1.528726220E0
1.690795000E2,-9.994697571E-2,-1.004200935E0,-2.379379511E0
1.695795000E2,7.083991528E0,-2.272850037E0,1.499485254E0
1.700795000E2,-8.702292442E-1,1.278875351E0,-2.504194975E0
1.705795000E2,3.720629215E0,8.141756058E-2,1.032199860E0
1.710795000E2,2.575526237E-1,2.756655216E0,-2.532972813E0
1.715795000E2,1.169321060E0,-6.912937164E-1,1.958965302E0
1.720795000E2,-8.225560188E-1,1.127642632E0,-6.314135790E-1
1.725795000E2,-1.558008671E0,-5.610466003E-2,1.964413047E0
1.730795000E2,-1.558008671E0,-5.610466003E-2,1.964413047E0
1.735795000E2,-2.994113207E0,-5.652155876E-1,1.821575642E0
1.740795000E2,-6.059474945E-1,1.838140965E0,-2.289428711E0
1.745795000E2,-3.397332191E0,-2.274251938E0,1.487702489E0
1.750795000E2,-1.230411053E0,2.307353020E0,-1.163897395E0
1.755795000E2,-3.462075472E0,-3.732748508E0,1.837657571E0
1.760795000E2,-7.360937595E-1,4.432229996E-1,3.950773478E-1
1.765795000E2,-3.075649023E0,-4.367738724E0,1.867747664E0
1.770795000E2,1.355538607E0,-8.056869507E-1,2.187053442E0
1.775795000E2,-1.800809383E0,-3.542136669E0,1.319252610E0
1.780795000E2,5.368195534E0,-2.544828415E0,2.125023842E0
1.785795000E2,-1.255197048E0,-2.581510544E-1,-1.657238841E0
1.790795000E2,5.546428680E0,-2.505330086E0,2.604975700E0
1.795795000E2,-6.850242615E-1,2.106991291E0,-2.036372185E0
1.800795000E2,2.854097843E0,2.274656296E-1,2.454089642E0
1.805795000E2,-1.007938862E0,2.125809193E0,-1.036536574E0
1.810795000E2,-2.421946526E-1,3.190674782E-1,2.095458508E0
1.815795000E2,-1.271796227E0,1.116588593E0,9.280906320E-1
1.820795000E2,-2.625391483E0,-4.713287354E-1,3.026474953E0
1.825795000E2,2.771647453E0,-1.786761284E0,3.597101212E0
1.830795000E2,-2.560875416E0,-1.896242142E0,3.339094877E0
1.835795000E2,5.242544174E0,-2.436858177E0,3.825495720E0
1.840795000E2,-2.701722860E0,-4.075640202E0,3.416173458E0
1.845795000E2,4.613363266E0,-5.413398743E-1,3.078803062E0
1.850795000E2,1.190166473E-1,-3.694860458E0,4.127380371E0
1.855795000E2,1.190166473E-1,-3.694860458E0,4.127380371E0
1.860795000E2,-6.755576134E-1,-2.327293396E0,5.447993875E-1
1.865795000E2,5.642888069E0,-2.422489166E0,2.796651840E0
1.870795000E2,7.727060318E-1,4.026451111E-1,8.736522198E-1
1.875795000E2,5.939043999E0,-7.163734436E-1,1.993749738E0
1.880795000E2,2.699873447E-1,6.827917099E-1,-1.913617849E-1
1.885795000E2,4.502650261E0,-5.888280869E-1,3.152436018E-1
1.890795000E2,3.367576599E-1,2.133657455E0,-6.733351946E-1
1.895795000E2,1.636273384E0,-6.578245163E-1,1.774860620E0
1.900795000E2,-1.156103611E-1,2.444519043E0,-4.568932056E-1
1.905795000E2,-7.051248550E-1,6.220626831E-2,1.894456029E0
1.910795000E2,1.414500713E0,4.526386261E-1,4.630388618E-1
1.915795000E2,-4.427100182E0,-1.877978802E0,2.269645214E0
1.920795000E2,4.290215492E0,-2.210263252E0,2.310549736E0
1.925795000E2,-4.805498123E0,-2.959920883E0,1.791503668E0
1.930795000E2,7.568022728E0,-2.068075180E0,8.541420698E-1
1.935795000E2,-4.662271023E0,-5.959985733E0,1.502180338E0
1.940795000E2,6.171528816E0,-6.527862549E-1,2.246750355E0
1.945795000E2,-2.889810562E0,-4.742499828E0,1.609225988E0
1.950795000E2,1.218385696E0,5.481753349E-1,2.322665930E0
1.955795000E2,-1.099759579E0,-2.579501152E0,6.912599206E-1
1.960795000E2,-9.621448517E-1,-8.605241776E-1,2.826873541E0
1.965795000E2,6.070709229E-2,-7.140607834E-1,-7.326848507E-1
1.970795000E2,-2.925548792E0,-1.591865063E0,2.177681923E0
1.975795000E2,-8.363018036E-1,9.029579163E-2,-2.978354216E0
1.980795000E2,-5.073722839E0,-1.418646336E0,1.509890676E0
1.985795000E2,2.231826782E-1,1.787679195E0,-2.523704529E0
1.990795000E2,1.793921471E0,4.696946144E-1,3.307952881E0
1.995795000E2,-7.169237137E-1,2.415738106E0,-1.686267018E0
2.000795000E2,-1.886897087E-1,-4.781560898E-1,2.625043154E0
2.005795000E2,-1.361489296E0,1.456877232E0,9.780870676E-1
2.010795000E2,-3.341714621E0,-4.718785286E-1,1.161424637E0
2.015795000E2,2.655914307E0,-7.127952576E-1,2.093136072E0
2.020795000E2,-3.416890383E0,-1.692352295E0,1.330912113E0
2.025795000E2,6.216060638E0,-1.941976547E0,1.875680208E0
2.030795000E2,-2.067362309E0,-3.009119987E0,2.447605133E0
2.035795000E2,5.625550270E0,-1.037434578E0,2.164003611E0
2.040795000E2,-2.870350122E0,-4.718042374E0,2.454870939E0
2.045795000E2,2.869312763E0,-9.865875244E-1,2.386775017E0
2.050795000E2,-2.321165323E0,-4.284359932E0,2.204591513E0
2.055795000E2,6.728320122E-1,2.490358353E-1,2.968258619E0
2.060795000E2,-1.582337856E0,-3.050609589E0,-6.455609798E-1
2.065795000E2,-1.308839321E0,8.492407799E-1,1.629042029E0
2.070795000E2,-1.275224686E-1,-6.538534164E-1,-2.061917543E0
2.075795000E2,-3.052712679E0,4.655423164E-1,1.284900784E0
2.080795000E2,-1.330669165E0,3.731708527E-1,-2.456796646E0
2.085795000E2,-4.291093826E0,-1.026261330E0,1.629042864E0
2.090795000E2,5.540075302E-1,1.951069832E0,-2.752455235E0
2.095795000E2,-4.333338261E0,-2.215731144E0,1.867429733E0
2.100795000E2,-1.354799747E0,1.788548470E0,-2.726883411E0
2.105795000E2,-3.931500196E0,-3.957460880E0,1.831437945E0
2.110795000E2,-2.872556448E0,8.811092377E-2,-2.602500677E0
2.115795000E2,-2.967950583E0,4.435515404E-1,2.209003925E0
2.120795000E2,2.258949280E-1,-2.823460579E0,2.266157627E0
2.125795000E2,-4.206541061E0,-2.270458221E0,1.462005377E0
2.130795000E2,7.090414047E0,-1.522417068E0,2.996508598E0
2.135795000E2,-4.998082161E0,-4.524557590E0,4.346114397E-1
2.140795000E2,6.143172264E0,-2.368850708E-1,2.011861324E0
2.145795000E2,-3.526039124E0,-4.940037251E0,2.794142962E0
2.150795000E2,3.685905457E0,-2.874498367E-1,1.960300446E0
2.155795000E2,-9.493734837E-1,-3.628553391E0,1.802387476E0
2.160795000E2,-1.871855259E-1,3.351583481E-1,2.194928646E0
2.165795000E2,-1.089701414E0,-2.145198822E0,-2.653945684E-1
2.170795000E2,-1.972545624E0,-3.963737488E-1,2.608107328E0
2.175795000E2,4.016113281E-2,3.578071594E-1,-7.683231831E-1
2.180795000E2,-3.702183247E0,-1.297195435E0,2.723563433E0
2.185795000E2,1.175761223E-1,1.149269104E0,-2.422589302E0
2.190795000E2,-4.765271187E0,-2.711183548E0,3.082975388E0
2.195795000E2,-7.724850178E-1,1.987078667E0,-2.209538937E0
2.200795000E2,-4.963081360E0,-3.712871075E0,1.023916006E0
2.205795000E2,-1.550028324E0,1.661552906E0,-5.775620937E-1
2.210795000E2,-3.472959518E0,-4.399469376E0,1.513047218E0
2.215795000E2,7.374606133E-1,6.354017258E-1,6.907001734E-1
2.220795000E2,-3.449452877E0,-5.258390903E0,2.149304152E0
2.225795000E2,2.007733822E0,-9.589977264E-1,2.213682652E0
2.230795000E2,-7.222948074E-1,-3.940297127E0,1.475433826E0
2.235795000E2,4.481781006E0,-2.928347588E0,3.167834759E0
2.240795000E2,-4.633628845E0,-3.009163380E0,6.084733009E-1
2.245795000E2,6.848421097E0,-1.990505219E0,3.148291826E0
2.250795000E2,-4.298566818E0,-5.305576324E0,-4.105961323E-2
2.255795000E2,5.570185661E0,-8.779048920E-1,2.968043804E0
2.260795000E2,-4.850242138E0,-5.172478199E0,-1.010242343E0
2.265795000E2,3.262687683E0,-9.355144501E-1,1.711043596E0
2.270795000E2,-2.800096512E0,-4.377688408E0,1.582195997E0
2.275795000E2,1.372814178E0,-5.524368286E-1,3.216022730E0
2.280795000E2,-1.847886562E0,-2.893518448E0,-1.024816990E0
2.285795000E2,-1.461742401E0,1.362180710E-1,1.691401601E0
2.290795000E2,-1.635718346E-1,2.147450447E-1,-1.544074416E0
2.295795000E2,-3.311284781E0,-1.289096832E0,2.072060823E0
2.300795000E2,-2.474718094E-1,7.652859688E-1,-2.161568642E0
2.305795000E2,-3.796001196E0,-8.006100655E-1,7.173473835E-1
2.310795000E2,2.035255909E0,2.217795372E0,-9.048131704E-1
2.315795000E2,-3.618472338E0,-1.455740929E0,1.259053707E0
2.320795000E2,-3.226737976E-1,2.221928120E0,-8.087117672E-1
2.325795000E2,-3.526493549E0,-5.137502193E0,1.658246994E0
2.330795000E2,2.373623848E-2,-6.431255341E-1,6.381580830E-1
2.335795000E2,-1.253602028E0,-4.226696014E0,2.416768551E0
2.340795000E2,2.936839104E0,-1.528291702E0,2.099106073E0
2.345795000E2,-5.550951958E-1,-1.129102230E0,-2.316939831E-2
2.350795000E2,4.764622688E0,-2.014227867E0,1.676856160E0
2.355795000E2,-4.468665123E-1,8.511991501E-1,-7.834421396E-1
2.360795000E2,3.470844269E0,-4.139423370E-2,4.125610292E-1
2.365795000E2,1.409958363E0,-1.806142807E0,2.335867405E0
2.370795000E2,-1.091483355E0,5.108671188E-1,2.225213766E0
2.375795000E2,5.549340248E-1,5.948319435E-1,-1.253293514E0
2.380795000E2,-1.405420542E0,1.764715672E0,1.324412227E0
2.385795000E2,-1.660649776E0,1.193340778E0,-2.668980360E0
2.390795000E2,-1.861826420E0,5.405197144E-1,7.295991182E-1
2.395795000E2,-1.883418322E0,1.374178886E0,-9.638173580E-1
2.400795000E2,-2.616795778E0,-1.853681564E0,5.794268847E-1
2.405795000E2,-1.611071587E0,1.851896286E0,-3.407552242E-1
2.410795000E2,-1.877218246E0,-1.865829468E0,-1.837698221E-1
2.415795000E2,-2.215828896E-1,1.351857185E0,1.571475506E0
2.420795000E2,8.016133308E-1,-1.990107059E0,2.136322260E0
2.425795000E2,-6.261606216E-1,7.494606972E-1,3.931763172E-1
2.430795000E2,5.333623886E-1,-2.396107674E0,1.165751576E0
2.435795000E2,-2.950344086E-1,1.692852974E-1,9.289665818E-1
2.440795000E2,8.529915810E-1,-2.332171440E0,1.297298431E0
2.445795000E2,3.801027775E0,-1.611855507E0,2.584332228E0
2.450795000E2,-1.778187752E-1,-1.486736298E0,-1.331369281E0
2.455795000E2,6.735595703E0,-1.301171303E0,2.380048037E0
2.460795000E2,2.518467903E-1,3.796195984E-1,-1.714261055E0
2.465795000E2,6.058426857E0,-6.859197617E-1,1.669015169E0
2.470795000E2,1.126213074E-1,1.400345325E0,-3.593554497E0
2.475795000E2,4.911258221E0,-2.208890915E-1,2.880117416E0
2.480795000E2,-9.575462341E-2,2.068920612E0,-3.093157053E0
2.485795000E2,2.373309612E0,-3.329524994E-1,1.282579541E0
2.490795000E2,-2.853966475E0,-4.291052341E0,1.273741961E0
2.495795000E2,-5.054769516E-1,-1.176115513E0,8.481532335E-1
2.500795000E2,1.315684319E-1,-2.747064114E0,1.101879001E0
2.505795000E2,-1.732487679E-1,-1.419061661E0,1.581355214E0
2.510795000E2,-3.359389305E-1,-2.779685974E0,2.282966375E0
2.515795000E2,3.096170425E0,-1.060320854E0,2.178981781E0
2.520795000E2,-2.819319725E0,-3.960737705E0,3.315551877E-1
2.525795000E2,3.497646809E0,1.814861298E-1,3.510071039E-1
2.530795000E2,-2.289399624E0,-1.990526676E0,1.106137514E0
2.535795000E2,1.973695755E0,-9.015283585E-1,1.433933616E0
2.540795000E2,-3.316289663E0,-1.096528530E0,-4.183328152E-2
2.545795000E2,1.662970543E0,7.024803162E-1,6.296677589E-1
2.550795000E2,-3.722286701E0,-1.910844803E0,-7.435116172E-2
2.555795000E2,2.144657373E0,-3.829956055E-3,1.029556990E-1
2.560795000E2,-5.192143440E0,-1.472082615E0,1.250062466E0
2.565795000E2,4.486385822E0,-1.094981194E0,1.033840656E0
2.570795000E2,-2.931268215E0,-2.361000061E0,5.280875564E-1
2.575795000E2,4.602122307E0,-1.005326271E0,1.133902192E0
2.580795000E2,-2.061200142E0,-3.983220100E0,1.116108060E0
2.585795000E2,1.954869747E0,6.485271454E-2,1.368995309E0
2.590795000E2,-8.136425018E-1,-3.606413841E0,1.617614508E0
2.595795000E2,-2.763717890E0,2.126522064E-1,2.712117732E-1
2.600795000E2,-1.536374092E-1,1.454789162E0,-3.184299707E0
2.605795000E2,-5.074368954E0,-2.501906872E0,-1.729096413E0
2.610795000E2,1.785306931E-1,2.777003288E0,-1.604322672E0
2.615795000E2,-5.319242477E0,-1.158656120E0,-8.902789354E-1
2.620795000E2,4.627254486E0,-3.404771805E0,3.981557846E0
2.625795000E2,-4.833984375E0,-6.930538654E0,9.682031870E-1
2.630795000E2,-3.033079147E0,3.172121048E-1,-1.484349370E0
2.635795000E2,-1.180479050E0,1.692222595E0,-3.878848553E0
2.640795000E2,-4.619593620E0,-6.354769230E0,6.956251264E-1
2.645795000E2,-5.190715790E-1,-1.839216232E0,1.944289446E0
2.650795000E2,-2.452960491E0,-4.016379356E0,2.768970966E0
2.655795000E2,3.656084538E0,-2.808712959E0,4.706265926E-1
2.660795000E2,-2.541172743E0,2.576174736E-1,-1.856355429E0
2.665795000E2,2.320440769E0,1.562328339E-1,1.786205053E0
2.670795000E2,-1.172963142E0,1.112196445E0,-6.405862570E-1
2.675795000E2,-3.143795252E0,-1.422730923E0,1.151289701E0
2.680795000E2,2.025924206E0,-2.764776230E0,2.142166615E0
2.685795000E2,-4.922035217E0,-4.215434551E0,8.878408670E-1
2.690795000E2,7.100096226E0,-8.193254471E-1,1.018882871E0
2.695795000E2,-3.092541218E0,-6.203711510E0,1.439859867E0
2.700795000E2,5.035062313E0,1.553792953E-1,1.742612362E0
2.705795000E2,-2.171734810E0,-4.347227573E0,1.501540422E0
2.710795000E2,1.252608299E0,4.637408257E-1,1.908302426E0
2.715795000E2,-1.163207054E0,-2.451354027E0,-3.895748854E-1
2.720795000E2,-3.414632797E0,-2.053370953E0,5.176632404E-1
2.725795000E2,8.603754044E-1,-3.301429749E-2,-3.298664093E-2
2.730795000E2,-5.303410530E0,-4.737375736E0,6.202600002E0
2.735795000E2,-3.873558044E-1,1.531991482E0,-3.789472580E0
2.740795000E2,1.725811481E0,-1.275452614E0,2.028570652E0
2.745795000E2,-3.154008150E0,1.681051254E0,-2.901340485E0
2.750795000E2,1.755537987E-1,-9.595007896E-1,1.875479102E0
2.755795000E2,6.563401222E-1,3.090442181E0,-2.958509207E0
2.760795000E2,2.993733883E0,-2.601896286E0,5.190534592E0
2.765795000E2,2.364202023E0,2.077195644E0,-1.735760093E0
2.770795000E2,1.366624355E0,-4.265534878E0,1.945121050E0
2.775795000E2,3.000597954E-1,1.639144421E0,-1.017574191E0
2.780795000E2,2.429869652E0,-2.350602627E0,1.245437860E0
2.785795000E2,3.504955769E0,3.263773918E-1,-1.926664829E0
2.790795000E2,4.014370441E0,-1.253339291E0,2.781858444E0
2.795795000E2,8.689503670E-1,8.690142632E-1,-3.280388355E0
2.800795000E2,2.937535763E0,-1.132914543E0,2.301020861E0
2.805795000E2,8.769512177E-2,2.420649529E0,-1.785504103E0
2.810795000E2,-5.687856674E-1,-3.542307854E0,3.543105125E0
2.815795000E2,1.109935760E0,1.370637894E0,-1.444992542E0
2.820795000E2,-1.384380341E0,-1.427920818E0,5.215390205E0
2.825795000E2,1.517796516E0,-1.600936890E0,2.118125677E0
2.830795000E2,-3.802647829E0,-2.444491386E0,3.130031586E0
2.835795000E2,3.346183300E0,-1.073876381E0,2.820862293E0
2.840795000E2,-3.555310726E0,-5.450434208E0,3.596885920E0
2.845795000E2,5.460049629E0,-1.099672318E-1,1.561004758E0
2.850795000E2,-3.034496784E0,-4.260722637E0,2.320676327E0
2.855795000E2,-1.560872078E0,-2.066755295E-2,1.832653284E-1
2.860795000E2,-2.699103355E-1,9.173617363E-1,-7.633410692E-1
2.865795000E2,4.501569748E0,-6.336421967E-1,2.471551418E0
2.870795000E2,3.839037895E0,1.926091671E0,1.777214766E0
2.875795000E2,-3.425755739E0,-1.862721920E0,3.948462009E-2
2.880795000E2,6.309769154E0,-1.192162514E0,1.687153339E0
2.885795000E2,-2.189065218E0,-3.871390820E0,2.553496361E0
2.890795000E2,1.942914963E0,-7.511806488E-2,2.468521118E0
2.895795000E2,5.094337463E-1,-1.527967453E0,1.447334409E0
2.900795000E2,-2.189797163E0,1.336030960E0,1.501628757E0
2.905795000E2,-1.212564945E0,6.538767815E-1,-4.240143776E0
2.910795000E2,-9.619369507E-1,-9.581556320E-1,1.141517997E0
2.915795000E2,-6.002483368E-1,1.971142769E0,6.512368917E-1
2.920795000E2,-1.866679668E0,-3.839510441E0,1.962853193E0
2.925795000E2,1.206311464E0,-7.372159958E-1,1.769777656E0
2.930795000E2,1.152078629E0,-2.890325546E0,2.105019093E0
2.935795000E2,-1.840295792E0,-1.385910988E0,-4.087761641E-1
2.940795000E2,8.740139008E-1,-2.189807892E-1,-9.834858179E-1
2.945795000E2,4.364576340E-1,-1.728273392E0,8.593584895E-1
2.950795000E2,-1.263191223E0,1.163028240E0,-2.171869278E0
2.955795000E2,1.678975105E0,5.461215973E-1,3.357524872E0
2.960795000E2,-4.321546078E0,1.116847992E-2,1.612486601E0
2.965795000E2,-3.307240963E0,1.897040844E0,-1.548419714E0
2.970795000E2,2.331611633E0,-3.615169525E-1,2.001918077E0
2.975795000E2,-5.313548565E0,-2.793397903E0,4.649417475E-3
2.980795000E2,5.793654442E0,-2.156731606E0,2.819160700E0
2.985795000E2,-5.615216255E0,-7.195676327E0,4.220575690E-1
2.990795000E2,3.811301231E0,-1.289796829E-1,1.999302387E0
2.995795000E2,-3.579385519E0,-5.341121674E0,3.407855034E-1
3.000795000E2,6.333622456E0,-2.494145393E0,2.929841995E0
3.005795000E2,1.463497639E0,4.812898636E-1,-1.295555472E0
3.010795000E2,2.332508087E0,-2.222366333E0,2.078609943E0
3.015795000E2,2.141197920E0,2.675229549E0,-1.807457089E0
3.020795000E2,-4.961919785E-1,-6.419143677E-1,1.035116196E0
3.025795000E2,2.112317562E0,1.311329365E0,9.034904242E-1
3.030795000E2,-4.583442688E0,-3.170056343E0,1.077582121E0
3.035795000E2,6.703186989E0,-9.898757935E-1,1.904466391E0
3.040795000E2,-5.261128426E0,-4.104512215E0,-6.644958854E-1
3.045795000E2,4.427341461E0,-1.742321014E0,1.249250770E0
3.050795000E2,-2.732437849E0,-4.456102371E0,1.652747273E0
3.055795000E2,-1.904983521E0,-1.662915230E0,2.727457047E0
3.060795000E2,-1.335867167E0,7.800493240E-1,-3.131871462E0
3.065795000E2,-5.547336578E0,-5.128088951E0,3.861909509E-1
3.070795000E2,1.861686707E-1,2.194133759E0,-1.249531150E0
3.075795000E2,-5.354001045E0,-6.399772167E0,3.900603056E-1
3.080795000E2,2.578708172E0,-1.131424904E0,2.868032932E0
3.085795000E2,-5.398616791E0,-8.176864624E0,-2.561032772E-1
3.090795000E2,5.961277008E0,-2.411685944E0,3.364672899E0
3.095795000E2,-2.758633614E0,-3.542090416E0,6.988906264E-1
3.100795000E2,7.307128906E0,-1.372769356E0,1.382785082E0
3.105795000E2,-1.688214779E0,-2.028587341E0,-6.624244452E-1
3.110795000E2,6.306592941E0,-1.107558250E0,1.292147994E0
3.115795000E2,-4.240999222E0,-4.546964169E0,1.446770072E0
3.120795000E2,1.296975613E0,-1.485054970E0,3.360521317E0
3.125795000E2,-2.849676371E0,-3.630268097E0,-6.195136309E-1
3.130795000E2,1.542146444E0,7.829093933E-1,3.004079819E0
3.135795000E2,-3.549195766E0,-3.447731972E0,-2.014545679E0
3.140795000E2,-2.335102320E0,-1.011013985E-1,2.161355019E0
3.145795000E2,-1.638526917E-1,8.012247086E-1,-1.587522388E0
3.150795000E2,-5.025474548E0,-2.918781281E0,1.750256777E0
3.155795000E2,8.138463497E-1,2.492394924E0,-2.532159328E0
3.160795000E2,-4.981344223E0,-4.049598694E0,3.741550446E-2
3.165795000E2,1.782058954E0,1.320395947E0,-3.721936941E-1
3.170795000E2,-2.816563368E0,-3.358772278E0,1.532589912E0
3.175795000E2,2.271258354E0,-4.330444336E-1,2.282668114E0
3.180795000E2,-1.476975918E0,-2.899013519E0,7.263572216E-1
3.185795000E2,2.948744535E0,-1.347102165E0,3.394374371E0
3.190795000E2,-1.222391129E-1,-8.713436127E-1,-1.451448917E0
3.195795000E2,3.837605715E0,-1.856600761E0,-1.436626554E0
3.200795000E2,2.181029558E0,1.124908924E0,-2.816176653E0
3.205795000E2,3.421146154E0,-2.363545418E0,3.647167683E-1
3.210795000E2,-4.001071453E-1,3.949248314E0,-9.599034786E-1
3.215795000E2,1.945211887E0,-5.854816437E-1,-7.514566183E-1
3.220795000E2,1.678780079E0,3.343114376E0,-1.349108100E0
3.225795000E2,-2.794989347E0,-1.342415810E-1,5.288714767E-1
3.230795000E2,1.594179630E0,8.329410553E-1,2.016798496E0
3.235795000E2,-3.868006945E0,-1.168672085E0,1.949397027E-1
3.240795000E2,1.717216969E0,2.608299255E0,-1.843871117E0
3.245795000E2,-3.644606352E0,-1.436675549E0,1.096710563E-1
3.250795000E2,-8.516111374E-1,1.590054989E0,-9.941299558E-1
3.255795000E2,-4.109617233E0,-3.966055393E0,7.566317916E-1
3.260795000E2,7.007150650E-1,-3.523626328E-1,2.229129791E0
3.265795000E2,-2.930933952E0,-4.637319565E0,9.442067146E-1
3.270795000E2,3.086752415E0,-3.294365883E0,1.903563499E0
3.275795000E2,-1.063826561E0,-2.148995399E0,-7.834459543E-1
3.280795000E2,4.720293045E0,-2.119408607E0,2.008406639E0
3.285795000E2,2.837896347E-2,-1.484204292E0,-6.582434773E-1
3.290795000E2,5.030868530E0,-2.591938972E0,1.757593393E0
3.295795000E2,2.706015110E0,2.126121521E-1,-7.245169282E-1
3.300795000E2,4.361926079E0,-9.324817657E-1,7.374172211E-1
3.305795000E2,1.245226860E-1,9.438028336E-1,-2.506927967E0
3.310795000E2,3.826897621E0,-8.698167801E-1,2.318802357E0
3.315795000E2,2.064123154E-1,1.889271736E0,-3.899460793E0
3.320795000E2,1.956518650E0,-8.183479309E-3,2.988985538E0
3.325795000E2,5.771679878E-1,2.542516232E0,-9.955929518E-1
3.330795000E2,-5.649061203E-1,3.058738708E-1,2.142332077E0
3.335795000E2,1.438925743E0,8.404922485E-2,2.047579050E0
3.340795000E2,-3.565457821E0,-5.379719734E-1,2.583087921E0
3.345795000E2,6.275720596E-1,-1.718832016E0,1.668043137E-1
3.350795000E2,-4.430291176E0,-1.897011280E0,1.253088236E0
3.355795000E2,4.949181080E0,-2.459603310E0,9.335448742E-1
3.360795000E2,-3.305171013E0,-5.100669384E0,2.824994564E0
3.365795000E2,-6.866214275E-1,1.073839664E0,8.938884735E-2
3.370795000E2,-1.915464163E0,-3.692936420E0,2.110762358E0
3.375795000E2,3.043958664E0,-1.434309959E0,1.024238825E0
3.380795000E2,-1.297666073E0,-2.422666550E0,2.641333342E-1
3.385795000E2,6.189418316E0,-2.406307220E0,2.222278118E0
3.390795000E2,-4.515800476E-1,6.373233795E-1,-1.808992863E0
3.395795000E2,6.287294865E0,-8.465719223E-1,2.189116478E0
3.400795000E2,1.168707848E0,2.589061260E0,-1.259571671E0
3.405795000E2,2.800083637E0,5.440721512E-1,2.430720568E0
3.410795000E2,-4.304671288E-2,2.168321133E0,-1.539721966E0
3.415795000E2,2.644543648E-1,-1.401010990E0,5.442212105E0
3.420795000E2,-5.675413609E-1,-9.600591660E-1,-9.499378204E-1
3.425795000E2,-3.774024248E0,-2.611190319E0,3.575250626E0
3.430795000E2,3.753116846E0,-2.261971474E0,2.271924019E0
3.435795000E2,-3.738893270E0,-3.549657345E0,1.753137946E0
3.440795000E2,6.909451485E0,-2.705296516E0,1.988933325E0
3.445795000E2,-5.250616074E0,-8.775196075E0,5.132229805E0
3.450795000E2,5.647864342E0,-4.241361618E-1,2.806378841E0
3.455795000E2,-2.266105652E0,-4.432877541E0,2.235867023E0
3.460795000E2,1.978357315E0,4.460811615E-1,2.902991056E0
3.465795000E2,-3.114941120E-1,-1.632612228E0,7.758870721E-1
3.470795000E2,-2.587500095E0,-4.199098587E0,3.709975004E0
3.475795000E2,2.295832634E0,1.522795677E0,-7.478756905E-1
3.480795000E2,-4.062909126E0,-5.840148926E-1,1.432060719E0
3.485795000E2,6.477880478E-2,2.882853031E0,-7.134279013E-1
3.490795000E2,4.190363884E-1,3.744220734E-2,2.109354496E0
3.495795000E2,7.490367889E-1,7.455129623E-1,5.904697180E-1
3.500795000E2,-3.351710796E0,-1.076605797E0,2.504326820E0
3.505795000E2,4.035648823E0,-3.434553146E-1,2.034948111E0
3.510795000E2,-4.129929066E0,-5.589933395E-1,1.522923946E0
3.515795000E2,4.128060341E0,-1.621995926E0,1.287658453E0
3.520795000E2,-1.750490427E0,-2.091974258E0,3.537493646E-1
3.525795000E2,4.710256577E0,-1.449611664E0,1.230731606E0
3.530795000E2,-2.148324490E0,-3.662437439E0,2.763907433E0
3.535795000E2,5.527524948E-1,-9.132547379E-1,1.251683354E0
3.540795000E2,7.035126686E-1,-2.895017624E0,1.219026685E0
3.545795000E2,-8.888916969E-1,1.156967640E0,2.546133280E0
3.550795000E2,1.165322542E0,2.479486465E-1,-1.567272663E0
3.555795000E2,-2.449339151E0,1.232197762E0,7.380838990E-1
3.560795000E2,8.781275749E-1,1.775706768E0,-2.963087559E0
3.565795000E2,-2.884992838E0,1.834964752E-2,8.245765567E-1
3.570795000E2,-1.357247829E0,2.391768456E0,-2.466485977E0
3.575795000E2,-3.132433414E0,-2.810203552E0,4.985780120E-1
3.580795000E2,-4.131340981E-1,1.261449337E0,1.104509115E0
3.585795000E2,-2.729356289E0,-4.061470509E0,1.113390326E0
3.590795000E2,2.105901718E0,4.647235870E-1,2.880960703E0
3.595795000E2,-1.967910290E0,-3.979402065E0,5.978686810E-1
3.600795000E2,5.230791569E0,-3.122968674E-1,3.444992542E0
3.605795000E2,-4.188671112E-1,-1.670120239E0,-1.105360746E0
3.610795000E2,5.010007858E0,-1.918249130E-1,2.495117664E0
3.615795000E2,-3.165442228E0,-3.618476868E0,8.341604471E-1
3.620795000E2,3.434576035E0,-9.820671082E-1,1.400787115E0
3.625795000E2,-1.574731827E0,-3.687677860E0,1.899697542E0
3.630795000E2,8.718495369E-1,-1.152921677E0,4.231787324E-1
3.635795000E2,-7.168507576E-1,-3.123186588E0,2.424852133E0
3.640795000E2,-2.011791229E0,-1.151783943E0,-8.673925996E-1
3.645795000E2,5.997405052E-1,1.715876102E0,1.992698312E-1
3.650795000E2,-4.159031868E0,-4.032933712E0,1.006683111E-1
3.655795000E2,2.442935705E0,2.293925762E0,-4.133430719E-1
3.660795000E2,-5.239203453E0,-3.254474640E0,-8.388832808E-1
3.665795000E2,5.094081402E0,-8.522243500E-1,3.673785210E0
3.670795000E2,-2.451838493E0,-3.046584129E0,1.652466774E0
3.675795000E2,7.081019402E0,-3.478355408E-1,-9.693050385E-2
3.680795000E2,-8.237314224E-2,-1.434699535E0,6.841413975E-1
3.685795000E2,7.151633739E0,-1.732956886E0,7.741339207E-1
3.690795000E2,-9.428977966E-3,2.250477314E0,-4.000253677E0
3.695795000E2,2.625186205E0,-5.729007721E-1,2.624806404E0
3.700795000E2,-5.361633301E-1,2.016919613E0,-1.924478531E0
3.705795000E2,-2.838016748E0,-9.420289993E-1,2.450131655E0
3.710795000E2,2.444982529E-1,-2.063095093E0,8.347674608E-1
3.715795000E2,-4.057697773E0,-1.568283558E0,5.522555113E-1
3.720795000E2,5.028116226E0,-3.290857315E0,1.493092299E0
3.725795000E2,-4.200943947E0,-4.268737793E0,8.729442954E-1
3.730795000E2,5.135623932E0,-1.370274544E0,2.462146759E0
3.735795000E2,-3.954452038E0,-5.003842831E0,1.014094591E0
3.740795000E2,-3.954452038E0,-5.003842831E0,1.014094591E0
3.745795000E2,-1.864958763E0,-1.510617256E0,7.022249699E-2
3.750795000E2,4.770663261E0,-1.861467361E0,3.048094511E0
3.755795000E2,-5.735239983E-1,8.206334114E-1,-1.773347855E0
3.760795000E2,3.081123352E0,-1.283110142E0,2.759400368E0
3.765795000E2,2.714033127E-1,1.559359550E0,-7.471275330E-2
3.770795000E2,-1.309002399E0,-1.297896862E0,3.047561646E0
3.775795000E2,7.254874706E-1,-1.655593872E0,1.360434890E0
3.780795000E2,-2.937425613E0,-2.127684116E0,2.920404911E0
3.785795000E2,3.661218882E0,-3.315132141E0,1.445187211E0
3.790795000E2,-3.059092045E0,-4.151977539E0,1.676780820E0
3.795795000E2,5.117797852E0,-2.235169411E0,2.874438524E0
3.800795000E2,-1.479742050E0,-4.398409843E0,2.758018017E0
3.805795000E2,1.490495205E0,-6.694698334E-2,3.541098833E0
3.810795000E2,-1.447912693E0,-2.131528378E0,3.840645552E-1
3.815795000E2,-2.800570488E0,-4.587802887E-1,2.367122412E0
3.820795000E2,-1.266245842E0,1.465471745E0,-2.339699984E0
3.825795000E2,-3.679720402E0,-2.551363945E0,1.254120469E0
3.830795000E2,-1.512735367E0,1.943633556E0,-1.338328719E0
3.835795000E2,-4.500572205E0,-5.386801720E0,1.243800759E0
3.840795000E2,4.294304848E-1,-1.500511169E0,1.929870605E0
3.845795000E2,-3.356017351E0,-5.098910332E0,1.871863365E0
3.850795000E2,3.297277451E0,-1.368764877E0,1.707880259E0
3.855795000E2,6.617660522E-1,-1.940521717E0,8.658993244E-1
3.860795000E2,5.608361244E0,-9.103336334E-1,2.629672050E0
3.865795000E2,-2.103719711E-1,-8.408927917E-2,8.881258965E-2
3.870795000E2,6.107281208E0,-1.345310211E-1,9.565341473E-1
3.875795000E2,-1.280147552E0,-4.115782738E0,2.996936798E0
3.880795000E2,4.162232399E0,-1.556408882E0,1.486946344E0
3.885795000E2,-2.080647469E0,-4.737912655E0,3.298408747E0
3.890795000E2,1.801882267E0,-4.503602982E-1,2.348247051E0
3.895795000E2,-3.578071594E-1,-2.364083290E0,9.192809463E-1
3.900795000E2,-1.772725105E0,-1.400764465E0,2.982958794E0
3.905795000E2,-4.011664391E-1,2.762584686E-1,-1.634377360E0
3.910795000E2,-3.639296055E0,-5.394678116E-1,3.009087086E0
3.915795000E2,-1.090894699E0,2.133566380E0,-1.298917770E0
3.920795000E2,-4.220098972E0,-3.248724461E0,1.746789813E0
3.925795000E2,-1.466623545E0,1.819725513E0,-9.295536280E-1
3.930795000E2,-4.441570282E0,-4.657183170E0,1.514922261E0
3.935795000E2,7.500429153E-1,-2.020025253E-1,9.093495607E-1
3.940795000E2,-4.002197742E0,-5.272325993E0,2.095831871E0
3.945795000E2,3.986719608E0,-2.634996414E0,2.198106527E0
3.950795000E2,-2.938661337E0,-3.451651096E0,1.210854173E0
3.955795000E2,7.299921036E0,-1.868732452E0,1.889587283E0
3.960795000E2,5.206956863E-1,-7.904558182E-1,-7.554988861E-1
3.965795000E2,6.505143166E0,-1.411825180E0,1.354420900E0
3.970795000E2,2.447366714E-2,6.611518860E-1,-3.595489025E0
3.975795000E2,4.149434566E0,2.847385406E-2,2.800388098E0
3.980795000E2,-9.840011597E-3,1.775554657E0,-9.121346474E-1
3.985795000E2,-3.352847099E-1,-1.926018715E0,2.480437517E0
3.990795000E2,9.288697243E-1,1.007959366E0,1.663925529E0
3.995795000E2,-2.686503172E0,-5.302467346E-1,2.193393946E0
4.000795000E2,-3.306770325E-1,1.101286888E0,-2.470210195E-2
4.005795000E2,-3.825803280E0,-7.645988464E-1,2.384836197E0
4.010795000E2,1.261949539E-2,1.806065083E0,-5.576683283E-1
4.015795000E2,-4.251248837E0,-2.249703407E0,3.126502514E0
4.020795000E2,1.871836901E0,2.495683193E0,2.302104235E-2
4.025795000E2,-4.533977032E0,-4.528445244E0,2.510152340E0
4.030795000E2,1.332506180E0,9.214181900E-1,4.871488810E-1
4.035795000E2,-4.493838787E0,-4.605594158E0,1.813085794E0
4.040795000E2,2.086743116E0,-5.405139923E-1,1.721274853E0
4.045795000E2,-3.437089205E0,-5.097542286E0,2.389268160E0
4.050795000E2,5.590240955E0,-1.547140121E0,1.192814708E0
4.055795000E2,-2.729664803E0,-3.680079460E0,-6.940567493E-2
4.060795000E2,8.227121353E0,-8.487119675E-1,1.711607695E0
4.065795000E2,1.599140167E-1,-1.974763870E0,-1.794553638E0
4.070795000E2,6.541447639E0,-8.677215576E-1,2.240263224E0
4.075795000E2,1.042527199E0,1.062512875E0,-1.299291015E0
4.080795000E2,3.168813229E0,-3.785023689E-1,1.772658229E0
4.085795000E2,9.531347752E-1,1.810864925E0,-1.464239359E0
4.090795000E2,-9.646987915E-1,-1.218447685E0,2.805399179E0
4.095795000E2,1.242514133E0,3.044691086E-1,9.108662605E-1
4.100795000E2,-3.379568100E0,-5.267338753E-1,2.506334543E0
4.105795000E2,3.743309498E0,-1.421631813E0,2.017873287E0
4.110795000E2,-3.879704237E0,-1.797337532E0,1.902982831E0
4.115795000E2,6.270361900E0,-2.696943283E0,1.794564247E0
4.120795000E2,-2.949876547E0,-4.715483665E0,2.886736393E0
4.125795000E2,4.284596443E-2,-1.216888428E-3,1.586366534E0
4.130795000E2,-3.870742798E0,-4.636871815E0,1.893452644E0
4.135795000E2,4.547973156E0,-2.245695114E0,2.890062571E0
4.140795000E2,-2.404848576E0,-2.920728683E0,1.522015929E0
4.145795000E2,6.491708279E0,-1.548376083E0,1.872864842E0
4.150795000E2,-4.283185005E-1,-5.431871414E-1,-2.154317379E0
4.155795000E2,5.661573887E0,-6.004047394E-1,2.201314449E0
4.160795000E2,-4.125733376E-1,1.193968296E0,-2.255912781E0
4.165795000E2,2.171366692E0,-2.003564835E-1,2.419446230E0
4.170795000E2,-1.297986507E-1,1.820034504E0,-1.137144089E0
4.175795000E2,-1.599349976E0,-4.080686569E-1,2.076765537E0
4.180795000E2,1.126229525E0,-2.165031433E-1,1.404053807E0
4.185795000E2,-2.495334387E0,-1.170863152E0,1.802689552E0
4.190795000E2,3.986240864E0,-2.641416550E0,1.721161723E0
4.195795000E2,-4.437573910E0,-2.846247196E0,1.437668800E0
4.200795000E2,6.798627377E0,-1.843688965E0,1.441787362E0
4.205795000E2,-6.283636570E0,-5.292279720E0,1.682564855E0
4.210795000E2,5.540696144E0,-1.252468109E0,2.824060678E0
4.215795000E2,-5.006315231E0,-5.123339653E0,8.819994926E-1
4.220795000E2,3.856897354E-1,-1.594520569E0,2.424905300E0
4.225795000E2,-1.026454687E0,-3.321771622E0,2.710373998E-1
4.230795000E2,-2.130059958E0,-1.249309540E0,8.774211407E-1
4.235795000E2,-9.459033012E-1,-1.800649643E0,-1.730151176E0
4.240795000E2,-3.129087925E0,-4.912480831E0,2.661593437E0
4.245795000E2,2.112401485E0,-1.893108368E0,-2.083144665E0
4.250795000E2,5.632296562E0,-3.383512497E-1,9.653142095E-1
4.255795000E2,3.500778913E0,8.142442703E-1,-1.080595732E0
4.260795000E2,3.524218082E0,-1.402472496E0,2.375159264E0
4.265795000E2,2.701545000E0,2.028791904E0,-1.715676546E0
4.270795000E2,6.797690392E-1,-1.400588036E0,2.412005424E0
4.275795000E2,2.393753529E0,3.082971573E-1,2.002796173E0
4.280795000E2,-2.440032959E0,-2.078680038E0,1.358230829E0
4.285795000E2,4.675916672E0,-1.614763260E0,3.171378851E0
4.290795000E2,-3.640208483E0,-2.578691483E0,1.702165008E0
4.295795000E2,6.736688137E0,-1.333396912E0,2.386343956E0
4.300795000E2,-5.429181099E0,-3.478262901E0,2.021325827E0
4.305795000E2,7.393881798E0,-1.928310394E-1,3.263067484E0
4.310795000E2,-5.969594955E0,-4.266777515E0,4.690911770E-1
4.315795000E2,6.806089878E0,-4.683485031E-1,2.910754681E0
4.320795000E2,-6.083161354E0,-5.806070328E0,7.710230350E-1
4.325795000E2,6.253213406E0,-4.136934280E-1,3.269005775E0
4.330795000E2,-4.337799072E0,-4.765287876E0,2.207907200E0
4.335795000E2,4.965222836E0,-6.459112167E-1,2.991398811E0
4.340795000E2,-3.303381681E0,-2.590351105E0,3.636848688E0
4.345795000E2,4.040498257E0,4.114818573E-1,2.912903786E0
4.350795000E2,-2.848700047E0,-2.252409458E0,3.898740530E0
4.355795000E2,2.959633350E0,6.940751076E-1,2.585034847E0
4.360795000E2,-5.994973183E-1,-7.231922150E-1,5.928369164E-1
4.365795000E2,1.402173996E0,5.484848022E-1,1.532106042E0
4.370795000E2,-1.829357147E-1,-1.229887009E-1,7.521981001E-1
4.375795000E2,6.855401993E-1,4.620485306E-1,4.288398027E-1
4.380795000E2,2.603365660E0,1.424703598E-1,-5.941295624E-2
4.385795000E2,-2.841332197E0,-5.087218285E-1,2.758751869E0
4.390795000E2,-4.576659203E-1,-1.227958679E0,8.066836596E-1
4.395795000E2,-2.600179434E0,-4.934535027E-1,2.117189407E0
4.400795000E2,4.715026379E0,-8.718204498E-1,8.221459985E-1
4.405795000E2,-4.995117188E0,-5.442189693E0,2.182247043E-1
4.410795000E2,6.965595722E0,-3.281831741E-1,8.196154833E-1
4.415795000E2,-3.520184517E0,-4.843020439E0,2.328634262E0
4.420795000E2,4.033066750E0,8.094396591E-1,1.860955715E0
4.425795000E2,-2.785704136E0,-3.565245152E0,8.604179621E-1
4.430795000E2,8.662681580E-1,7.115664482E-1,1.612652063E0
4.435795000E2,-2.007223606E0,-9.730515480E-1,-1.433117747E0
4.440795000E2,-1.561472893E0,-1.193299294E-1,2.310471535E0
4.445795000E2,-1.676074505E0,1.186263084E0,-2.608264923E0
4.450795000E2,-2.240041256E0,-2.205062389E0,2.559038401E0
4.455795000E2,-9.042773247E-1,1.411773205E0,-1.490457654E0
4.460795000E2,-3.226487398E0,-4.301507950E0,1.514544725E0
4.465795000E2,2.052963972E0,-4.952211380E-1,1.862622499E0
4.470795000E2,-2.245765448E0,-3.866620064E0,2.047945261E0
4.475795000E2,6.788151741E0,-1.806443214E0,2.248670101E0
4.480795000E2,3.575830460E-1,4.808301926E-1,-1.238425612E0
4.485795000E2,3.903317451E0,-1.274060249E0,2.802233696E0
4.490795000E2,-3.421788216E-1,1.844703197E0,-4.982676506E-1
4.495795000E2,-2.518545151E0,-4.681792259E-1,1.663920641E0
4.500795000E2,-9.034733772E-1,1.160801888E0,-2.161825418E0
4.505795000E2,-4.047222137E0,-4.945301056E0,2.086794376E0
4.510795000E2,3.162264824E-1,1.828200817E0,1.246535778E0
4.515795000E2,-2.113095284E0,-5.942638874E0,3.230377913E0
4.520795000E2,5.388186455E0,-1.053820610E0,1.676885247E0
4.525795000E2,5.287189484E-1,-3.149907589E0,1.690267682E0
4.530795000E2,5.704697132E0,-9.968500137E-1,1.806952357E0
4.535795000E2,1.860467911E0,3.202419281E-1,-9.297319651E-1
4.540795000E2,3.801024437E0,-4.665498734E-1,1.863822460E0
4.545795000E2,1.849188566E0,6.930408478E-1,3.615251780E-1
4.550795000E2,-2.297575951E0,1.210546494E-2,2.564951181E0
4.555795000E2,3.965925217E0,-1.484299660E0,1.750446558E0
4.560795000E2,-4.065794945E0,-3.095151901E0,1.229042530E0
4.565795000E2,6.106512070E0,-1.319904327E0,2.281133413E0
4.570795000E2,-3.538550377E0,-5.626355648E0,2.970817566E0
4.575795000E2,4.456683159E0,-7.034339905E-1,1.614429951E0
4.580795000E2,-2.286130667E0,-4.428417683E0,1.200253963E0
4.585795000E2,-1.183918476E0,2.402534485E-1,1.544524789E0
4.590795000E2,-6.869678497E-1,-9.614019394E-1,-9.560133219E-1
4.595795000E2,-3.871272326E0,-4.021296501E-1,9.477887750E-1
4.600795000E2,-2.573916912E-1,3.955003738E0,-1.702228427E0
4.605795000E2,-4.743555069E0,-4.835340500E0,1.810439587E0
4.610795000E2,2.205692053E0,-2.197961807E-1,1.520036936E0
4.615795000E2,-3.464666128E0,-5.066473961E0,2.853466511E0
4.620795000E2,5.517547607E0,-2.413836479E0,3.066843748E0
4.625795000E2,-4.281381607E0,-4.440059185E0,1.952367067E0
4.630795000E2,8.009156227E0,-2.059285164E0,1.479681969E0
4.635795000E2,-4.856644630E0,-4.869214058E0,2.190454245E0
4.640795000E2,5.915600777E0,-5.322332382E-1,1.164681196E0
4.645795000E2,-3.122483253E0,-4.816828728E0,3.244542122E0
4.650795000E2,3.970196247E0,5.548887253E-1,2.070046425E0
4.655795000E2,-1.695353508E0,-3.858107090E0,2.112374306E0
4.660795000E2,-8.605003357E-3,2.911963463E-1,2.492880583E0
4.665795000E2,-1.160547256E0,-6.190447807E-1,-7.701101303E-1
4.670795000E2,-2.078076363E0,1.363379955E0,2.418838024E0
4.675795000E2,-5.231413841E-1,8.276734352E-1,-4.024575710E0
4.680795000E2,-3.400777578E0,-3.070440292E-1,5.069011450E-2
4.685795000E2,-5.885829926E-1,3.426672459E0,-2.435004950E0
4.690795000E2,-3.433817625E0,-3.710015297E0,1.556152225E0
4.695795000E2,1.566473365E0,4.411487579E-1,3.082427502E0
4.700795000E2,-4.257949829E0,-6.058152199E0,9.785500765E-1
4.705795000E2,5.700729847E0,-2.781224251E0,3.141413212E0
4.710795000E2,-1.165210247E0,-1.191599846E0,1.346647143E-1
4.715795000E2,6.675081730E0,-8.838748932E-1,-1.293549538E0
4.720795000E2,-2.818536758E-2,9.355869293E-1,-1.942329407E0
4.725795000E2,4.723414898E0,-6.922988892E-1,9.812667370E-1
4.730795000E2,1.259315014E0,1.066952229E0,-2.193733215E0
4.735795000E2,4.136531830E0,-1.056658745E0,2.660035133E0
4.740795000E2,2.282559395E0,3.056025982E0,-1.111278772E0
4.745795000E2,2.674326897E-1,-1.271391392E0,2.732303381E0
4.750795000E2,-3.076176643E-1,-1.969420433E0,-1.253896236E0
4.755795000E2,-3.301697016E0,-3.223023891E0,3.956332207E0
4.760795000E2,-7.597446442E-3,5.883436203E-1,-3.213203430E0
4.765795000E2,-4.781330109E0,-3.932904243E0,1.308881760E0
4.770795000E2,4.289660454E-1,1.849479675E0,-9.374852180E-1
4.775795000E2,-5.032639503E0,-6.052374363E0,3.064832926E0
4.780795000E2,2.602561951E0,1.688919067E-1,9.639139175E-1
4.785795000E2,-5.111210823E0,-5.587148666E0,1.899190068E0
4.790795000E2,4.130846977E0,-1.329848289E0,4.112731457E0
4.795795000E2,-3.139027834E0,-4.248095036E0,2.423593521E0
4.800795000E2,4.883211136E0,-1.611592293E0,3.303730011E0
4.805795000E2,-2.377480268E0,-3.078209877E0,1.067119360E0
4.810795000E2,6.083677769E0,-9.411010742E-1,1.586373091E0
4.815795000E2,-1.013106823E0,-2.108670712E0,1.472342014E-2
4.820795000E2,6.417941570E0,-8.666334152E-1,1.770203948E0
4.825795000E2,-1.430715561E0,-4.396977425E-1,-1.186056972E0
4.830795000E2,6.713724136E0,5.088806152E-3,1.495524049E0
4.835795000E2,-1.462496281E0,1.184395313E0,-3.452268124E0
4.840795000E2,4.359251976E0,6.054010391E-1,2.182057619E0
4.845795000E2,-1.991118670E0,1.491772652E0,-2.910351753E0
4.850795000E2,2.270985603E0,6.901249886E-1,2.373299122E0
4.855795000E2,-2.018698454E0,1.575829029E0,-9.082888365E-1
4.860795000E2,9.206991196E-1,1.943270206E0,1.567023516E0
4.865795000E2,4.088125229E-1,1.036676884E0,7.599033117E-1
4.870795000E2,-2.922084808E0,8.231205940E-1,1.491427183E0
4.875795000E2,-6.854009628E-2,1.401509285E0,-6.109619141E-1
4.880795000E2,-3.652060032E0,-2.236063480E0,4.372297227E-1
4.885795000E2,1.045735359E0,2.420507908E0,-1.123425961E-1
4.890795000E2,-3.906373024E0,-4.851418972E0,1.320358753E0
4.895795000E2,8.334319592E-1,1.432211399E0,8.658260107E-1
4.900795000E2,-4.578142166E0,-6.228091717E0,1.867661238E0
4.905795000E2,4.046552658E0,-1.085432053E0,2.503415346E0
4.910795000E2,-3.192297935E0,-3.950771332E0,1.008822083E0
4.915795000E2,7.128382206E0,-1.405902863E0,1.257481456E0
4.920795000E2,-1.237182617E0,-2.053892136E0,-1.488884091E-1
4.925795000E2,7.013854504E0,-4.026412964E-2,2.573423147E0
4.930795000E2,-7.003803253E-1,3.961091042E-1,-2.340060472E0
4.935795000E2,6.190710068E0,4.366388321E-1,2.646165133E0
4.940795000E2,-1.056474209E0,1.584901810E0,-3.734732151E0
4.945795000E2,3.972552776E0,9.317145348E-1,2.703325987E0
4.950795000E2,-2.708653450E0,1.703857899E0,-1.538264871E0
4.955795000E2,-2.020534515E0,-2.863955498E-1,2.207993031E0
4.960795000E2,4.426579475E-1,1.067684174E0,9.507140517E-1
4.965795000E2,-2.689815521E0,-4.910268784E-1,2.990188122E0
4.970795000E2,2.840349197E0,8.258953094E-1,7.525540590E-1
4.975795000E2,-2.719525337E0,-8.706011772E-1,1.231333017E0
4.980795000E2,4.621350765E0,3.803615570E-1,9.824353456E-2
4.985795000E2,-2.268492699E0,-3.044690132E0,2.646903753E0
4.990795000E2,5.699897289E0,4.790186882E-1,2.441113591E-1
4.995795000E2,-2.513840675E0,-2.651613712E0,2.310883999E0
5.000795000E2,2.005895138E0,7.790160179E-1,7.031900287E-1
5.005795000E2,-1.638684273E0,-3.863205910E0,9.089577794E-1
5.010795000E2,4.269458771E0,9.526968002E-1,9.654916525E-1
5.015795000E2,3.129901886E-1,-1.925160408E0,5.465309620E-1
5.020795000E2,6.303214550E0,1.655902863E-1,1.738355756E0
5.025795000E2,-2.985768318E-1,1.006687641E0,-1.384806395E0
5.030795000E2,5.813328743E0,3.953313828E-1,1.058370471E0
5.035795000E2,-8.114533424E-1,2.352272034E0,-2.356186628E0
5.040795000E2,1.514285088E0,1.091651440E0,1.372609854E0
5.045795000E2,-6.528434753E-1,1.712089062E0,-7.259981036E-1
5.050795000E2,-1.371493816E0,7.552132607E-1,1.372851610E0
5.055795000E2,2.439429045E0,4.997253418E-3,1.039962173E0
5.060795000E2,-3.195064545E0,-1.232930183E0,1.582389355E0
5.065795000E2,6.049278259E0,-2.079257965E-1,2.563565016E0
5.070795000E2,-2.793336391E0,-3.514911175E0,1.707063437E0
5.075795000E2,7.514958858E0,3.621749878E-1,7.957020402E-1
5.080795000E2,-2.488315105E0,-4.130753040E0,2.215910912E0
5.085795000E2,4.544771671E0,1.087524414E0,8.119606972E-1
5.090795000E2,-1.010111809E0,-2.880511284E0,2.154373884E0
5.095795000E2,2.398962975E-1,1.063936710E0,2.109595776E0
5.100795000E2,-2.983965874E-1,-1.089801788E-1,-1.247240663E0
5.105795000E2,-3.243211508E0,1.490731239E-1,9.854001999E-1
5.110795000E2,-2.660527229E-1,2.319223881E0,-3.146873713E0
5.115795000E2,-2.198860645E0,-2.413903713E0,2.569843769E0
5.120795000E2,-1.526227951E0,5.554146767E-1,-1.834491014E0
5.125795000E2,-2.079932690E0,2.773165703E-1,2.134263515E0
5.130795000E2,3.178301573E0,-1.553699493E0,1.974388599E0
5.135795000E2,-2.305261612E0,-1.846821308E0,2.184205055E0
5.140795000E2,5.968873978E0,-9.733018875E-1,1.056916952E0
5.145795000E2,-2.711332321E0,-3.598065376E0,2.566804647E0
5.150795000E2,6.414354801E0,5.861101151E-1,2.040339947E0
5.155795000E2,-3.144134521E0,-4.399128437E0,2.577919960E0
5.160795000E2,3.244622707E0,6.225099564E-1,2.450206280E0
5.165795000E2,-1.589809418E0,-3.600465775E0,-4.225253165E-1
5.170795000E2,-3.357328653E0,-5.910406113E-1,1.998928547E0
5.175795000E2,1.269602299E0,-5.649967194E-1,4.113072753E-1
5.180795000E2,-1.845165730E0,1.433978081E0,1.678861737E0
5.185795000E2,-1.360055447E0,1.278061390E0,-3.610505342E0
5.190795000E2,-1.598012447E0,-3.898506165E-1,1.132506609E0
5.195795000E2,-2.422257662E0,1.444737911E0,-1.432578087E0
5.200795000E2,-2.073527813E0,-3.627231121E0,2.840604305E0
5.205795000E2,2.536840439E-1,6.973838806E-2,1.225700855E0
5.210795000E2,-1.839829922E0,-3.734181881E0,2.071154356E0
5.215795000E2,3.582406759E0,-1.293884277E0,2.931373835E0
5.220795000E2,-2.701268196E-1,-2.456547737E0,1.888964891E0
5.225795000E2,4.192644119E0,-1.377349854E0,1.156201601E0
5.230795000E2,2.782959938E-1,-2.416534424E-1,-1.154646754E0
5.235795000E2,4.660351753E0,-1.032635689E0,1.615818262E0
5.240795000E2,-5.440011024E-1,6.692967415E-1,-2.351021528E0
5.245795000E2,5.027253151E0,-1.840658188E-1,2.209925652E0
5.250795000E2,-1.327099800E0,-4.562935829E0,2.651139259E0
5.255795000E2,1.053034782E0,5.713381767E-1,1.422703624E0
5.260795000E2,-1.688657761E0,-2.115283489E0,9.028517008E-1
5.265795000E2,-5.766224861E-1,6.723628044E-1,1.984143496E0
5.270795000E2,-1.165437698E0,-2.396211624E-1,-1.919425845E0
5.275795000E2,-3.135941982E0,-3.555822372E-1,1.005432367E0
5.280795000E2,-1.406027317E0,1.431214333E0,-2.951137781E0
5.285795000E2,-2.602083445E0,-1.260754585E0,1.425502539E0
5.290795000E2,-2.057579517E0,2.043004990E0,-2.220527411E0
5.295795000E2,-3.359436274E0,-3.117143154E0,8.705576062E-1
5.300795000E2,-9.065437317E-1,-2.161836624E-2,2.018246651E0
5.305795000E2,-2.137562275E0,-4.505601883E0,3.293468952E0
5.310795000E2,2.107640743E0,-1.654917717E0,1.627613187E0
5.315795000E2,-1.354760170E0,-2.648715496E0,1.384414434E0
5.320795000E2,5.912906647E0,-1.181506157E0,2.628220618E-1
5.325795000E2,-9.657287598E-1,-6.744623184E-1,-1.831065059E0
5.330795000E2,6.564868927E0,3.282279968E-1,1.504635096E0
5.335795000E2,4.806971550E-1,1.237146378E0,-1.323428154E0
5.340795000E2,4.705956459E0,4.496088028E-1,1.577240705E0
5.345795000E2,4.504928589E-1,2.311517239E0,-1.768129468E0
5.350795000E2,5.899734497E-1,-5.457639694E-1,2.202114820E0
5.355795000E2,1.814239740E0,1.253292561E0,5.032544136E-1
5.360795000E2,-2.282785892E0,-2.410676003E0,3.093840599E0
5.365795000E2,1.561450481E0,-1.478734016E0,2.557135344E0
5.370795000E2,-3.030597925E0,-2.078965187E0,2.593165398E0
5.375795000E2,-1.064081192E0,2.167846680E0,-2.721326113E0
5.380795000E2,-3.106877089E0,-9.025158882E-1,1.433763266E0
5.385795000E2,-1.491835117E-1,2.313912868E0,-1.171876192E0
5.390795000E2,-4.023252487E0,-4.255782127E0,1.221728563E0
5.395795000E2,2.374969244E0,6.572418213E-1,2.437896490E0
5.400795000E2,-3.252520084E0,-4.052899361E0,2.660648584E0
5.405795000E2,2.767751217E0,-7.648792267E-1,2.572213650E0
5.410795000E2,-9.942164421E-1,-3.914298058E0,2.209512949E0
5.415795000E2,3.627815962E0,-2.375514030E0,1.373962641E0
5.420795000E2,1.196956635E-2,-2.153091431E-1,-7.722702026E-1
5.425795000E2,2.963614941E0,-1.798618317E0,-4.579644203E-1
5.430795000E2,1.837591171E0,9.153914452E-1,-9.849776030E-1
5.435795000E2,4.237775326E0,-1.182214737E0,2.432343245E0
5.440795000E2,-3.334431648E-1,2.213249683E0,-2.042032957E0
5.445795000E2,2.590926170E0,-4.615497589E-2,1.682828665E0
5.450795000E2,-1.241784096E-1,2.840265274E0,-2.038371563E0
5.455795000E2,-7.142210007E-1,-1.977100372E-1,1.389563203E0
5.460795000E2,-1.765391588E0,1.199975967E0,-8.550007343E-1
5.465795000E2,7.935094833E-2,1.651438713E0,2.680769682E0
5.470795000E2,7.176160812E-2,-1.332444191E0,6.138359904E-1
5.475795000E2,-1.246633530E0,4.451689720E-1,2.674444675E0
5.480795000E2,2.808077097E0,-2.690800667E0,1.554844022E0
5.485795000E2,-2.406110287E0,-2.282139301E0,2.273032188E0
5.490795000E2,5.381278038E0,-1.765330315E0,2.129163980E0
5.495795000E2,-3.049202442E0,-4.373643875E0,2.568848133E0
5.500795000E2,-5.737581253E-1,-1.261977196E0,1.995965600E0
5.505795000E2,-2.251098633E0,-4.288106918E0,2.499171019E0
5.510795000E2,2.643908501E0,-1.848938942E0,3.298007965E0
5.515795000E2,-2.042424679E0,-3.337004185E0,1.929033995E0
5.520795000E2,5.892830372E0,-1.574348450E0,2.968317747E0
5.525795000E2,-1.166887283E0,-8.881201744E-1,-1.120322347E-1
5.530795000E2,7.294135094E0,-2.829399109E-1,1.907697678E0
5.535795000E2,-1.547508717E0,6.473593712E-1,-2.668942451E0
5.540795000E2,4.075404167E0,6.213521957E-1,1.650074482E0
5.545795000E2,-1.613592148E0,1.502035618E0,-1.500800133E0
5.550795000E2,4.926586151E-1,4.130716324E-1,1.899926662E0
5.555795000E2,-7.300810814E-1,2.835845947E-2,4.219676256E-1
5.560795000E2,-1.782336712E0,-1.497759819E-1,5.899345875E-1
5.565795000E2,1.070299149E-1,-1.230647087E0,1.806343675E0
5.570795000E2,-3.410279751E0,-1.371372700E0,1.477755785E0
5.575795000E2,2.923536301E0,-2.101871490E0,1.486941814E0
5.580795000E2,-3.250617266E0,-2.901596546E0,1.305415154E0
5.585795000E2,5.636893272E0,-1.523885727E0,1.852404237E0
5.590795000E2,-3.562317133E0,-4.757034302E0,2.001373053E0
5.595795000E2,2.690786839E0,-8.046646118E-1,2.039597511E0
5.600795000E2,-2.354011059E0,-3.740350723E0,1.041419744E0
5.605795000E2,3.343100548E-1,-5.832300186E-1,8.432507515E-1
5.610795000E2,-2.542807579E0,-2.683470726E0,7.466405630E-3
5.615795000E2,-2.205845356E0,-2.235207558E0,2.049918652E0
5.620795000E2,-8.539824486E-1,-5.484409332E-1,-2.115365505E0
5.625795000E2,5.217332363E0,-1.166582108E-1,3.485738993E0
5.630795000E2,-1.988825798E-1,1.832876682E0,-1.845916033E0
5.635795000E2,7.480587959E-1,-1.455675602E0,3.305616617E0
5.640795000E2,1.273919344E0,6.174917221E-1,-4.997529984E-1
5.645795000E2,-3.267485142E0,-3.897356033E0,4.573060989E0
5.650795000E2,4.556346893E0,5.830383301E-1,1.964806914E-1
5.655795000E2,-1.321539164E0,-4.114546776E-1,3.592163086E0
5.660795000E2,2.406369686E0,-1.700975418E0,3.683013678E0
5.665795000E2,-2.133593082E0,-2.525681019E0,1.391138792E0
5.670795000E2,3.650589466E0,-2.602002144E0,1.133785248E0
5.675795000E2,-1.946306229E0,-6.264401436E0,2.683209419E0
5.680795000E2,-2.029858112E0,-5.550132751E0,2.065778494E0
5.685795000E2,-1.996140480E-1,2.386608124E-1,-8.920231462E-1
5.690795000E2,-2.611487389E0,-1.845994949E0,2.352077484E0
5.695795000E2,-9.595966339E-2,2.310245037E0,-3.102200031E-1
5.700795000E2,-3.469612122E0,-4.226522446E0,2.610937834E0
5.705795000E2,7.971596718E-1,-4.018726349E-1,2.919635534E0
5.710795000E2,-3.982738733E0,-5.692222118E0,1.962950230E0
5.715795000E2,4.424256325E0,-2.844580650E0,3.544629335E0
5.720795000E2,-6.389994621E-1,-7.708024979E-1,8.636171818E-1
5.725795000E2,5.284819603E0,-1.949467659E0,2.550124407E0
5.730795000E2,3.674497604E-1,2.701971531E0,-2.090015411E0
5.735795000E2,2.535691261E0,-1.407390118E0,1.930512667E0
5.740795000E2,1.544036865E-1,1.750689030E0,-1.781940460E-3
5.745795000E2,-7.085723877E-1,-3.428511620E-1,2.428582668E0
5.750795000E2,1.102161407E-2,-8.117961884E-1,-2.510983944E-1
5.755795000E2,-3.125359058E0,-2.048168182E0,2.097707272E0
5.760795000E2,2.572858334E0,1.949205399E-1,3.079769611E-1
5.765795000E2,-4.711590767E0,-5.434891701E0,1.713035822E0
5.770795000E2,2.623563290E0,1.899826527E0,-1.227542162E0
5.775795000E2,-5.367574692E0,-5.767913342E0,1.375184655E0
5.780795000E2,8.982882500E-1,-3.593788147E-1,1.600713611E0
5.785795000E2,-4.239508629E0,-5.616120338E0,2.445726871E0
5.790795000E2,3.847374678E0,-2.595505714E0,3.442915440E0
5.795795000E2,-3.140146971E0,-4.020118237E0,2.322095871E0
5.800795000E2,7.278184414E0,-1.473655701E0,8.581129909E-1
5.805795000E2,1.269974709E-1,-9.651975632E-1,-5.063792467E-1
5.810795000E2,5.665131092E0,-9.279603958E-1,1.965607047E0
5.815795000E2,3.310676575E0,2.568364620E0,-1.342788219E0
5.820795000E2,1.461886406E0,-1.971630573E0,2.820704222E0
5.825795000E2,3.497107267E0,8.501510620E-1,8.290439844E-1
5.830795000E2,-9.509944916E-1,-3.594090939E0,5.129369259E0
5.835795000E2,4.005336761E0,-1.894500732E0,2.539603710E0
5.840795000E2,-3.628390312E0,-3.050580502E0,2.717007160E0
5.845795000E2,6.475175858E0,-2.846408844E0,3.081885099E0
5.850795000E2,-4.733913422E0,-5.277182102E0,1.321807623E0
5.855795000E2,7.317113400E0,-4.326972961E-1,2.999997377E0
5.860795000E2,-5.822627068E0,-7.048301220E0,1.608713031E0
5.865795000E2,4.663158417E0,-6.388692856E-1,3.018911600E0
5.870795000E2,-2.745580912E0,-3.560062885E0,2.360581756E-1
5.875795000E2,8.113012314E0,-1.168391228E0,1.898706675E0
5.880795000E2,1.671383381E0,-9.361133575E-1,-1.462393045E0
5.885795000E2,6.623671532E0,-8.278322220E-1,2.506336212E0
5.890795000E2,2.311349392E0,1.681360722E0,-2.844318390E0
5.895795000E2,3.334143639E0,-1.225927353E0,2.648240566E0
5.900795000E2,3.574657440E-1,2.123648167E0,-1.316045761E0
5.905795000E2,-4.844074249E-1,-8.041400909E-1,3.254731655E0
5.910795000E2,1.588330269E-1,1.346120834E-1,1.160198331E0
5.915795000E2,-2.802250624E0,-1.215475082E0,3.473745346E0
5.920795000E2,2.025843143E0,-1.003475189E0,1.255506277E0
5.925795000E2,-2.847532034E0,-1.687396526E0,2.290728092E0
5.930795000E2,3.957652807E0,-1.030635834E0,1.948580742E0
5.935795000E2,-3.627931595E0,-1.588188648E0,1.379352570E0
5.940795000E2,5.685237885E0,-9.714479446E-1,1.345326543E0
5.945795000E2,-4.608159065E0,-3.694043636E0,8.247439861E-1
5.950795000E2,6.016184330E0,-5.124769211E-1,1.393863201E0
5.955795000E2,-5.269649506E0,-6.088086128E0,1.450067639E0
5.960795000E2,5.053439617E0,-7.415657043E-1,2.498358727E0
5.965795000E2,-4.759725571E0,-5.617597103E0,1.417056918E0
5.970795000E2,3.802545547E0,-3.272218704E-1,2.206531525E0
5.975795000E2,-3.557049990E0,-4.425746441E0,6.804176569E-1
5.980795000E2,2.247051239E0,-1.760826111E-1,2.170349598E0
5.985795000E2,-2.481721878E0,-3.975194931E0,1.545715630E-1
5.990795000E2,1.283632278E0,8.639225960E-1,1.242707729E0
5.995795000E2,-2.740352154E0,-1.031460762E0,-1.051762104E-1
6.000795000E2,6.092957020E0,-8.708162308E-1,-3.694654703E-1
6.005795000E2,1.163230896E0,5.153093338E-1,-1.777296305E0
6.010795000E2,4.307331085E0,-1.473474503E0,7.198038101E-1
6.015795000E2,2.239413738E0,2.341141224E0,-1.524616241E0
6.020795000E2,3.132874966E0,-5.130462646E-1,9.557778239E-1
6.025795000E2,1.752300262E0,2.649731159E0,-1.692246437E0
6.030795000E2,7.312498093E-1,-1.068446159E0,1.762375951E0
6.035795000E2,2.007366419E0,1.997467518E0,-9.073498249E-1
6.040795000E2,-2.736799955E0,-7.151470184E-1,2.715705156E0
6.045795000E2,3.190159798E-1,-1.036815643E-1,2.885679007E-1
6.050795000E2,-2.169722557E0,4.995074272E-1,1.878375769E0
6.055795000E2,3.613671780E0,-2.797374725E0,4.159903049E0
6.060795000E2,-3.113714933E0,-1.842415810E0,3.212291956E0
6.065795000E2,3.613285065E0,-2.695595741E0,1.780835986E0
6.070795000E2,-3.329679966E0,-2.962028027E0,1.755348086E0
6.075795000E2,5.355867386E0,-1.799310684E0,2.011854649E0
6.080795000E2,-4.447717667E0,-4.741745472E0,1.269163370E0
6.085795000E2,3.293941259E0,-9.438047409E-1,2.520282507E0
6.090795000E2,-3.282799959E0,-5.071492672E0,1.638818622E0
6.095795000E2,3.571703434E0,3.592243195E-1,2.436459064E0
6.100795000E2,-2.816217422E0,-3.950794697E0,1.273996115E0
6.105795000E2,1.659132004E0,-4.828338623E-1,2.291864157E0
6.110795000E2,-1.903101921E0,-3.054953575E0,1.050571918E0
6.115795000E2,1.016725063E0,-3.650541306E-1,2.928971052E0
6.120795000E2,-1.957308292E0,-1.389957905E0,1.247537136E0
6.125795000E2,6.902653694E0,-9.034776688E-1,1.673217297E0
6.130795000E2,1.131115913E0,-4.974844933E0,-3.940466404E0
6.135795000E2,-1.407213330E0,1.092017889E0,1.851324081E0
6.140795000E2,6.166527271E-1,-3.944348097E-1,2.747230530E-1
6.145795000E2,-5.735094547E-1,1.432611942E0,7.039737701E-2
6.150795000E2,1.788747072E0,-4.489078522E-1,5.944852829E-1
6.155795000E2,-4.108769894E-1,3.550982475E-1,-4.618434906E-1
