"Time (s)","Acceleration x (m/s^2)","Acceleration y (m/s^2)","Acceleration z (m/s^2)"
4.023470000E-4,-4.944767952E0,3.051447153E0,7.597810268E0
2.140672200E-2,-4.066003799E0,3.560520172E0,8.172087669E0
5.214067220E-1,-5.074578762E0,2.922832966E0,7.004390240E0
1.021406722E0,-3.539582968E0,1.126421213E0,6.816553593E0
1.521406722E0,1.615155339E-1,-6.825526714E0,8.523234367E0
2.021406722E0,7.082755089E0,-6.348756790E0,4.214957237E0
2.521406722E0,8.688937187E0,-5.109872818E0,1.534397483E0
3.021406722E0,8.317451477E0,-5.447858810E0,7.244270444E-1
3.521406722E0,6.806384087E0,-7.587042332E0,1.115055323E0
4.021406722E0,7.459026337E0,-7.223333359E0,-1.271785259E0
4.521406722E0,6.489335060E0,-7.747959614E0,-8.147560954E-1
5.021406722E0,5.792425632E0,-7.752745152E0,-2.189432681E-1
5.521406722E0,6.071787357E0,-8.169096947E0,9.750752151E-2
6.021406722E0,6.028118610E0,-8.114660263E0,2.871387079E-2
6.521406722E0,6.019145489E0,-7.744968891E0,-7.657032460E-2
7.021406722E0,5.878567219E0,-7.780262947E0,-6.000002623E-1
7.521406722E0,5.784648895E0,-8.266604424E0,-8.500502706E-1
8.021406722E0,5.570491314E0,-7.979465485E0,-1.549352705E-1
8.521406722E0,6.181259155E0,-7.823333740E0,-3.092723191E-1
9.021406722E0,5.873183250E0,-8.060222626E0,-7.118647099E-1
9.521406722E0,5.746363640E0,-8.041678429E0,-9.397810698E-1
1.002140672E1,5.810969830E0,-8.005187988E0,-8.105686903E-1
1.052140672E1,5.933003902E0,-7.844869137E0,-7.453642488E-1
1.102140672E1,5.897709846E0,-7.861020565E0,-5.341976285E-1
1.152140672E1,5.739783287E0,-8.167900085E0,-8.775677085E-1
1.202140672E1,5.222933769E0,-7.646264553E0,-6.394818425E-1
1.252140672E1,6.103492260E0,-7.515257835E0,-6.442674994E-1
1.302140672E1,5.401797295E0,-7.545766354E0,-1.695913076E0
1.352140672E1,5.903691769E0,-7.452445984E0,-1.850848317E0
1.402140672E1,6.850052834E0,-7.824530125E0,-1.200000525E0
1.452140672E1,5.988636971E0,-7.728816986E0,-1.067198873E0
1.502140672E1,4.518845558E0,-7.851449490E0,-2.035693884E0
1.552140672E1,6.248258114E0,-7.644470215E0,-1.183848977E0
1.602140672E1,4.964509010E0,-7.770093441E0,-1.831107497E0
1.652140672E1,6.165705681E0,-8.522037506E0,-9.918249846E-1
1.702140672E1,6.058627129E0,-7.897511005E0,-1.528415442E0
1.752140672E1,5.996413708E0,-7.680960655E0,-1.330409408E0
1.802140672E1,5.583053589E0,-7.746763229E0,-1.467398524E0
1.852140672E1,5.902495384E0,-7.804191113E0,-3.589234054E-1
1.902140672E1,5.205585480E0,-8.096115112E0,-1.015753269E0
1.952140672E1,4.994419098E0,-8.138587952E0,-1.712064624E0
2.002140672E1,5.272584915E0,-8.165507317E0,-2.011167526E0
2.052140672E1,4.787439823E0,-8.665008545E0,-1.776670814E0
2.102140672E1,5.195415974E0,-8.191828728E0,-1.398604870E0
2.152140672E1,5.334797859E0,-8.172087669E0,-1.592423439E0
2.202140672E1,5.282155991E0,-8.255238533E0,-1.767099500E0
2.252140672E1,4.640879631E0,-8.455039024E0,-1.612762451E0
2.302140672E1,5.170291424E0,-8.282755852E0,-1.757528186E0
2.352140672E1,5.215157032E0,-8.106883049E0,-1.834696770E0
2.402140672E1,5.395216942E0,-7.825726509E0,-2.397608280E0
2.452140672E1,4.835296154E0,-8.060222626E0,-2.230110645E0
2.502140672E1,5.088935375E0,-7.805387497E0,-2.995813847E0
2.552140672E1,5.185844898E0,-8.068597794E0,-2.617748022E0
2.602140672E1,5.047659397E0,-8.081160545E0,-2.668595552E0
2.652140672E1,5.370690346E0,-7.824530125E0,-2.247458696E0
2.702140672E1,4.926223755E0,-8.170292854E0,-2.474178553E0
2.752140672E1,5.267798901E0,-8.092526436E0,-2.514258385E0
2.802140672E1,5.212764263E0,-7.923233986E0,-2.587837696E0
2.852140672E1,4.804787636E0,-8.200801849E0,-2.161317110E0
2.902140672E1,4.922634602E0,-8.166105270E0,-2.532802820E0
2.952140672E1,4.807778835E0,-8.290532112E0,-2.341377020E0
3.002140672E1,5.337191105E0,-7.960322857E0,-8.267202377E-1
3.052140672E1,6.652047157E0,-8.564510345E0,-7.776673418E-3
3.102140672E1,4.310071945E0,-8.444869041E0,-2.510669231E0
3.152140672E1,5.527420521E0,-8.258229256E0,-7.932206988E-1
3.202140672E1,4.884349346E0,-8.373085022E0,-7.334001660E-1
3.252140672E1,5.246861935E0,-8.267800331E0,-4.965106845E-1
3.302140672E1,5.468796253E0,-8.151748657E0,1.369891018E-1
3.352140672E1,5.347360611E0,-8.176873207E0,1.178465188E-1
3.402140672E1,5.583651543E0,-8.026723862E0,2.392822690E-2
3.452140672E1,5.562116146E0,-8.032107353E0,6.580262445E-3
3.502140672E1,5.519045353E0,-8.057829857E0,-6.520441920E-2
3.552140672E1,4.794020176E0,-8.155936241E0,1.884347796E-1
3.602140672E1,6.099903107E0,-7.788039684E0,9.439685345E-1
3.652140672E1,5.509474277E0,-8.115258217E0,5.982056726E-3
3.702140672E1,5.611767292E0,-8.194819450E0,3.445664644E-1
3.752140672E1,5.531009674E0,-8.219944000E0,7.848458290E-1
3.802140672E1,5.482554913E0,-8.405387878E0,3.026920557E-1
3.852140672E1,5.487938881E0,-8.106883049E0,5.676971674E-1
3.902140672E1,5.267200947E0,-8.289934158E0,-1.160518974E-1
3.952140672E1,5.003990173E0,-8.233104706E0,2.787638307E-1
4.002140672E1,6.050251961E0,-8.049455643E0,4.797609448E-1
4.052140672E1,5.196014404E0,-8.002795219E0,-2.362912297E-1
4.102140672E1,5.575276852E0,-8.224729538E0,2.404786795E-1
4.152140672E1,5.844469070E0,-7.538587570E0,-6.939185858E-1
4.202140672E1,4.978865623E0,-7.947760582E0,-3.158525825E-1
4.252140672E1,5.997610092E0,-7.884948730E0,1.453639716E-1
4.302140672E1,5.024927616E0,-8.314460754E0,-3.894318938E-1
4.352140672E1,6.241677761E0,-7.887939930E0,3.732803464E-1
4.402140672E1,5.465207100E0,-8.161319733E0,-2.428714931E-1
4.452140672E1,5.374279499E0,-7.918448448E0,-8.494520187E-2
4.502140672E1,5.696712494E0,-8.294719696E0,2.937189937E-1
4.552140672E1,5.666203976E0,-8.387441635E0,-1.052841991E-1
4.602140672E1,5.908477306E0,-7.861618996E0,1.214357466E-1
4.652140672E1,6.220142365E0,-7.727620602E0,-1.310070455E-1
4.702140672E1,6.588637352E0,-7.774878979E0,-6.699903309E-2
4.752140672E1,6.099903107E0,-7.211967468E0,-5.581258535E-1
4.802140672E1,7.989036560E0,-6.849454880E0,6.939185858E-1
4.852140672E1,3.327219963E0,-9.515059471E0,9.589236975E-1
4.902140672E1,7.319046497E0,-8.279166222E0,-2.709871531E-1
4.952140672E1,4.117449760E0,-8.514859200E0,1.019342422E0
5.002140672E1,6.363113403E0,-7.878368378E0,-6.364908218E-1
5.052140672E1,5.070989609E0,-8.572287560E0,8.249256015E-1
5.102140672E1,6.261418819E0,-7.465606689E0,1.391426325E0
5.152140672E1,5.017150879E0,-8.282156944E0,1.126421213E0
5.202140672E1,4.485944271E0,-8.885149002E0,1.037288666E0
5.252140672E1,4.852644444E0,-8.614161491E0,7.782655358E-1
5.302140672E1,4.640879631E0,-8.596813202E0,1.067198873E0
5.352140672E1,5.121836662E0,-8.379665375E0,-1.722832322E-1
5.402140672E1,4.473381996E0,-8.719446182E0,-2.249253243E-1
5.452140672E1,4.189234257E0,-7.909475327E0,-4.773681164E-1
5.502140672E1,4.444069862E0,-8.411369324E0,1.974078715E-1
5.552140672E1,5.115854740E0,-8.878568649E0,5.491527915E-1
5.602140672E1,4.876572609E0,-8.478966713E0,-8.913264424E-2
5.652140672E1,5.286343575E0,-8.526823044E0,3.457628787E-1
5.702140672E1,5.042873859E0,-8.285148621E0,-2.117647976E-1
5.752140672E1,4.875376225E0,-8.789435387E0,-2.117647976E-1
5.802140672E1,5.120640278E0,-8.486743927E0,1.734796464E-1
5.852140672E1,5.181657314E0,-8.173882484E0,1.549352705E-1
5.902140672E1,5.133800983E0,-8.333602905E0,-1.088734269E-1
5.952140672E1,4.953142643E0,-8.645866394E0,-3.158525825E-1
6.002140672E1,5.484349728E0,-8.254041672E0,-9.391828626E-2
6.052140672E1,4.802993298E0,-8.525029182E0,-3.332005441E-1
6.102140672E1,5.251647472E0,-7.919046402E0,-3.708875179E-2
6.152140672E1,5.918048382E0,-8.373085022E0,1.692921966E-1
6.202140672E1,4.530809879E0,-7.066603661E0,-2.757728100E-1
6.252140672E1,5.185844898E0,-8.003393173E0,-1.400997639E0
6.302140672E1,5.390431404E0,-8.089534760E0,-8.596215248E-1
6.352140672E1,5.587839127E0,-8.950352669E0,-9.619147182E-1
6.402140672E1,5.082355499E0,-8.464012146E0,-5.850451589E-1
6.452140672E1,5.401797295E0,-7.981259823E0,-6.568298340E-1
6.502140672E1,4.913661480E0,-8.236095428E0,-1.259821177E0
6.552140672E1,5.294120312E0,-7.962117195E0,-7.932206988E-1
6.602140672E1,5.257629395E0,-8.625527382E0,-6.221339107E-1
6.652140672E1,5.078765869E0,-8.266005516E0,-7.339983582E-1
6.702140672E1,5.072783947E0,-8.429315567E0,-9.206385016E-1
6.752140672E1,5.216353416E0,-8.170292854E0,-6.921239495E-1
6.802140672E1,5.277370453E0,-8.060821533E0,-5.850451589E-1
6.852140672E1,5.175076962E0,-8.155936241E0,-5.706881881E-1
6.902140672E1,4.975874901E0,-8.337790489E0,-1.247856975E0
6.952140672E1,5.521438122E0,-8.043473244E0,-7.334001660E-1
7.002140672E1,5.334797859E0,-8.379665375E0,-7.064808607E-1
7.052140672E1,4.884349346E0,-8.239685059E0,-7.686942816E-1
7.102140672E1,5.087141037E0,-8.071588516E0,-7.692924738E-1
7.152140672E1,5.125426292E0,-8.130811691E0,-1.057627559E0
7.202140672E1,5.056632519E0,-8.448458672E0,-8.153542876E-1
7.252140672E1,5.168497086E0,-8.228319168E0,-9.553344250E-1
7.302140672E1,5.301298618E0,-8.389236450E0,-8.985049129E-1
7.352140672E1,5.416153908E0,-8.231309891E0,-6.317051649E-1
7.402140672E1,5.238486767E0,-8.138587952E0,-8.709874153E-1
7.452140672E1,5.211567879E0,-8.210970879E0,-8.949156404E-1
7.502140672E1,5.160121918E0,-8.254041672E0,-8.165507317E-1
7.552140672E1,5.301298618E0,-8.201399803E0,-6.652047038E-1
7.602140672E1,5.301298618E0,-8.169096947E0,-9.032905698E-1
7.652140672E1,5.114658356E0,-8.374878883E0,-8.183453679E-1
7.702140672E1,5.274977684E0,-8.209176064E0,-1.076770186E0
7.752140672E1,5.271986485E0,-8.188239098E0,-9.493523836E-1
7.802140672E1,5.178068161E0,-8.036294937E0,-1.095912814E0
7.852140672E1,5.337789059E0,-8.157731056E0,-1.079761267E0
7.902140672E1,5.232504845E0,-8.215756416E0,-1.046261668E0
7.952140672E1,5.264209747E0,-8.196015358E0,-1.198205948E0
8.002140672E1,5.335994720E0,-8.115258217E0,-7.926225066E-1
8.052140672E1,5.407779217E0,-8.041678429E0,-7.657032609E-1
8.102140672E1,5.426921844E0,-8.236095428E0,-8.291130662E-1
8.152140672E1,5.395216942E0,-8.186444283E0,-8.165507317E-1
8.202140672E1,5.291129112E0,-8.331808090E0,-8.901300430E-1
8.252140672E1,5.412564754E0,-8.067401886E0,-9.008977413E-1
8.302140672E1,5.281557560E0,-8.103892326E0,-9.936196208E-1
8.352140672E1,5.374279499E0,-8.248658180E0,-6.765705943E-1
8.402140672E1,5.404788017E0,-8.059026718E0,-7.304090858E-1
8.452140672E1,5.404190063E0,-8.167900085E0,-9.601200819E-1
8.502140672E1,5.364708424E0,-8.122436523E0,-7.752745152E-1
8.552140672E1,5.275575638E0,-8.105687141E0,-5.617151260E-1
8.602140672E1,5.254638672E0,-8.370093346E0,-6.747759581E-1
8.652140672E1,5.196014404E0,-8.191828728E0,-8.727820516E-1
8.702140672E1,5.684150219E0,-7.963313580E0,-9.427721500E-1
8.752140672E1,5.261219025E0,-8.210970879E0,-8.566305041E-1
8.802140672E1,5.323431969E0,-8.134400368E0,-1.204786181E0
8.852140672E1,5.281557560E0,-8.224729538E0,-9.954141974E-1
8.902140672E1,5.227719307E0,-8.189435959E0,-1.438684583E0
8.952140672E1,4.582853794E0,-8.481359482E0,-2.476571500E-1
9.002140672E1,4.798805714E0,-8.582456589E0,-8.315058947E-1
9.052140672E1,5.258227825E0,-8.206185341E0,-7.130611539E-1
9.102140672E1,4.659423828E0,-8.469395638E0,-4.863412082E-1
9.152140672E1,6.237490654E0,-7.664809227E0,1.543370634E-1
9.202140672E1,5.204987526E0,-8.179863930E0,-1.149751306E0
9.252140672E1,5.205585480E0,-8.280363083E0,-1.052841991E-1
9.302140672E1,4.765306473E0,-8.297112465E0,-1.094118118E0
9.352140672E1,5.155336380E0,-8.534600258E0,-8.153542876E-1
9.402140672E1,5.016552448E0,-8.085946083E0,-6.921239495E-1
9.452140672E1,5.466403484E0,-8.253443718E0,-5.533402562E-1
9.502140672E1,5.306084156E0,-8.255238533E0,-7.214360237E-1
9.552140672E1,5.246263504E0,-8.294719696E0,-5.503492355E-1
9.602140672E1,5.289334297E0,-8.132007599E0,-6.669993401E-1
9.652140672E1,5.289334297E0,-8.249256134E0,-6.233302951E-1
9.702140672E1,9.558728218E0,-8.821140289E0,4.510470629E-1
9.752140672E1,7.368099213E0,-6.233901024E0,4.965107143E-2
9.802140672E1,6.488138676E0,-5.379065514E0,-2.557329178E0
9.852140672E1,7.818548203E0,-5.681757450E0,-1.804188251E0
9.902140672E1,7.415955544E0,-6.143572330E0,-2.147558212E0
9.952140672E1,8.197810173E0,-7.409973621E0,9.379864931E-1
1.000214067E2,5.361119270E0,-8.423932076E0,1.196411322E-3
1.005214067E2,3.251247883E0,-8.950352669E0,9.571290575E-3
1.010214067E2,3.912863255E0,-8.960522652E0,-1.196411322E-3
1.015214067E2,4.009174347E0,-8.813364029E0,-5.264209956E-2
1.020214067E2,4.284348965E0,-8.714659691E0,5.144568533E-2
1.025214067E2,4.453640938E0,-8.806783676E0,1.902294010E-1
1.030214067E2,4.418346882E0,-8.767302513E0,1.292124242E-1
1.035214067E2,4.329214573E0,-8.652446747E0,-2.273181453E-2
1.040214067E2,4.499702930E0,-8.644669533E0,-9.750752151E-2
1.045214067E2,4.548157692E0,-8.635098457E0,-5.563312769E-2
1.050214067E2,4.575077057E0,-8.486743927E0,-7.298108935E-2
1.055214067E2,4.805984497E0,-8.662017822E0,4.486542568E-2
1.060214067E2,4.679164886E0,-8.540582657E0,-1.214357466E-1
1.065214067E2,4.809573650E0,-8.548956871E0,-1.788634956E-1
1.070214067E2,4.809573650E0,-8.615956306E0,-2.871387079E-2
1.075214067E2,4.889134884E0,-8.480163574E0,-2.117647976E-1
1.080214067E2,4.894518852E0,-8.562715530E0,-4.671986103E-1
1.085214067E2,4.879563808E0,-8.398807526E0,-3.601198196E-1
1.090214067E2,4.776073933E0,-8.516654015E0,-4.307080805E-1
1.095214067E2,4.907081127E0,-8.382656097E0,-3.601198196E-1
1.100214067E2,4.884947300E0,-8.471788406E0,-6.239284873E-1
1.105214067E2,4.951348305E0,-8.327022552E0,-5.838487148E-1
1.110214067E2,4.877768993E0,-8.341380119E0,-4.211367965E-1
1.115214067E2,5.016552448E0,-8.459824562E0,-1.160518974E-1
1.120214067E2,5.021338463E0,-8.311469078E0,-3.936193287E-1
1.125214067E2,5.008776188E0,-8.362317085E0,-3.984049559E-1
1.130214067E2,4.881358147E0,-8.545368195E0,-2.105683982E-1
1.135214067E2,4.900500774E0,-8.416155815E0,-3.625126183E-1
1.140214067E2,5.158925533E0,-8.395217896E0,-2.333002090E-1
1.145214067E2,5.078765869E0,-8.282755852E0,-1.902294010E-1
1.150214067E2,5.088337421E0,-8.239685059E0,-3.553341627E-1
1.155214067E2,5.133202553E0,-8.481958389E0,-3.050848842E-1
1.160214067E2,5.093122959E0,-8.362317085E0,-2.075773627E-1
1.165214067E2,5.138586521E0,-8.390432358E0,-1.136590764E-1
1.170214067E2,5.140979290E0,-8.496315002E0,-6.879365444E-2
1.175214067E2,5.519643784E0,-8.497511864E0,2.027917206E-1
1.180214067E2,4.745565414E0,-8.360522270E0,-7.944171429E-1
1.185214067E2,6.044270039E0,-8.350951195E0,-1.191625714E0
1.190214067E2,5.430510998E0,-8.558527946E0,-2.165504545E-1
1.195214067E2,5.358128071E0,-7.869395256E0,-2.650051117E-1
1.200214067E2,6.138786316E0,-8.981459618E0,-8.470591903E-1
1.205214067E2,4.449453831E0,-8.524430275E0,-1.780260086E0
1.210214067E2,4.327419758E0,-8.835497856E0,-8.961120844E-1
1.215214067E2,3.437887907E0,-8.846863747E0,-1.116850019E0
1.220214067E2,3.300898790E0,-9.245866776E0,-4.749752879E-1
1.225214067E2,2.988037348E0,-9.161520004E0,-8.937192559E-1
1.230214067E2,4.772484779E0,-1.013240719E1,-8.153542876E-1
1.235214067E2,3.677170277E0,-9.072386742E0,-2.794816732E0
1.240214067E2,5.281557560E0,-8.286943436E0,-2.440679073E0
1.245214067E2,5.126622677E0,-8.270791054E0,-2.236690998E0
1.250214067E2,4.825126648E0,-8.156534195E0,-5.904290080E-1
1.255214067E2,5.101497650E0,-8.558527946E0,-1.006780148E0
1.260214067E2,5.324628353E0,-8.114660263E0,-1.084546804E0
1.265214067E2,5.201996326E0,-8.209176064E0,-9.888339639E-1
1.270214067E2,5.114060402E0,-8.277970314E0,-1.009771109E0
1.275214067E2,5.179862976E0,-8.224729538E0,-1.003190875E0
1.280214067E2,5.038087845E0,-8.306085587E0,-1.015753269E0
1.285214067E2,5.114658356E0,-8.218149185E0,-1.102493048E0
1.290214067E2,5.213362217E0,-8.253443718E0,-1.125823021E0
1.295214067E2,5.109274387E0,-8.081160545E0,-1.412961721E0
1.300214067E2,4.676771641E0,-8.361719131E0,-4.432703853E-1
1.305214067E2,5.980860233E0,-8.500502586E0,9.391828626E-2
1.310214067E2,5.029713154E0,-8.423932076E0,-1.663011760E-1
1.315214067E2,5.590830326E0,-8.422736168E0,-3.320041299E-1
1.320214067E2,4.608576298E0,-8.376673698E0,-7.501499057E-1
1.325214067E2,4.986642361E0,-8.604590416E0,-7.782655358E-1
1.330214067E2,5.273781300E0,-8.322237015E0,-7.148557901E-1
1.335214067E2,4.892724037E0,-8.608179092E0,-5.383851007E-2
1.340214067E2,5.187639713E0,-8.111668587E0,-3.888336718E-1
1.345214067E2,5.231906891E0,-8.065009117E0,-9.409775138E-1
1.350214067E2,5.355136871E0,-8.110472679E0,-5.922235847E-1
1.355214067E2,5.243272781E0,-7.971090317E0,-9.391828775E-1
1.360214067E2,5.074578762E0,-8.397012711E0,-5.772684813E-1
1.365214067E2,5.315057278E0,-8.103892326E0,-9.152546525E-1
1.370214067E2,5.013561726E0,-8.286943436E0,-9.026923180E-1
1.375214067E2,5.136792183E0,-8.242675781E0,-7.399803996E-1
1.380214067E2,5.478367329E0,-8.108677864E0,-6.807580590E-1
1.385214067E2,5.155934811E0,-7.179664135E0,-1.107278705E0
1.390214067E2,5.415555954E0,-7.850253105E0,-2.065604210E0
1.395214067E2,5.161916733E0,-9.295517921E0,9.750752151E-2
1.400214067E2,5.166702271E0,-7.909475327E0,-1.528415442E0
1.405214067E2,5.908477306E0,-7.872386456E0,-1.721037745E0
1.410214067E2,5.040481091E0,-8.952746391E0,-8.374879360E-1
1.415214067E2,4.737788677E0,-8.282156944E0,-1.317847013E0
1.420214067E2,5.249852657E0,-8.760722160E0,-1.451246977E0
1.425214067E2,5.436492920E0,-7.399804115E0,-1.066002488E0
1.430214067E2,5.915057659E0,-8.260024071E0,-1.079761267E0
1.435214067E2,4.995017052E0,-9.167501450E0,-4.528416991E-1
1.440214067E2,5.736792088E0,-7.489534855E0,-2.404786795E-1
1.445214067E2,5.666203976E0,-7.962117195E0,-6.490531564E-1
1.450214067E2,6.592824459E0,-8.153543472E0,-8.356932998E-1
1.455214067E2,5.398207664E0,-8.177471161E0,-5.647061467E-1
1.460214067E2,4.691727161E0,-8.592027664E0,-7.178468257E-2
1.465214067E2,5.583053589E0,-8.780462265E0,-4.965107143E-2
1.470214067E2,6.143572330E0,-8.169096947E0,-6.999006122E-2
1.475214067E2,5.119443893E0,-8.867800713E0,-1.738385677E0
1.480214067E2,5.205585480E0,-8.069794655E0,-1.619342685E0
1.485214067E2,5.201996326E0,-8.031509399E0,-1.384846091E0
1.490214067E2,4.800002098E0,-8.649456024E0,-1.697707653E0
1.495214067E2,4.808377266E0,-8.470592499E0,-1.800599098E0
1.500214067E2,4.883152962E0,-8.572287560E0,-1.550549030E0
1.505214067E2,5.005784988E0,-8.427521706E0,-1.501496196E0
1.510214067E2,4.630710125E0,-8.483752251E0,-1.628913999E0
1.515214067E2,4.871787071E0,-8.382656097E0,-1.324427366E0
1.520214067E2,4.735994339E0,-8.397610664E0,-1.529611826E0
1.525214067E2,4.827519894E0,-8.334799767E0,-1.367498159E0
1.530214067E2,4.514657974E0,-8.492725372E0,-1.290927768E0
1.535214067E2,4.633700848E0,-8.531609535E0,-1.595414519E0
1.540214067E2,4.744369030E0,-8.505886078E0,-1.526620865E0
1.545214067E2,4.921437740E0,-8.258229256E0,-1.387837172E0
1.550214067E2,4.878366947E0,-8.424530029E0,-1.467398524E0
1.555214067E2,4.846662045E0,-8.361719131E0,-1.556531072E0
1.560214067E2,4.663012981E0,-8.454441071E0,-1.627119422E0
1.565214067E2,4.796412945E0,-8.480163574E0,-1.363908887E0
1.570214067E2,4.701298237E0,-8.428717613E0,-1.631905079E0
1.575214067E2,4.640281200E0,-8.456234932E0,-2.020738840E0
1.580214067E2,4.530211449E0,-8.524430275E0,-1.777269006E0
1.585214067E2,4.569094658E0,-8.395217896E0,-1.862812400E0
1.590214067E2,4.499702930E0,-8.495717049E0,-1.893919110E0
1.595214067E2,4.608576298E0,-8.403593063E0,-1.705484390E0
1.600214067E2,4.715056896E0,-8.357531548E0,-1.877767563E0
1.605214067E2,4.713860512E0,-8.257032394E0,-2.143969059E0
1.610214067E2,4.494917393E0,-8.626724243E0,-1.798206210E0
1.615214067E2,4.841278553E0,-8.323433876E0,-8.374879360E-1
1.620214067E2,5.932405472E0,-8.164310455E0,-6.669993401E-1
1.625214067E2,5.529214859E0,-8.124829292E0,-1.290927768E0
1.630214067E2,5.090730190E0,-8.306683540E0,-1.261615753E0
1.635214067E2,5.095515728E0,-8.231309891E0,-1.158126116E0
1.640214067E2,4.763511658E0,-8.473583221E0,-1.107278705E0
1.645214067E2,5.425127029E0,-8.227720261E0,-8.039883971E-1
1.650214067E2,5.069792747E0,-8.441878319E0,-7.944171429E-1
1.655214067E2,5.318646431E0,-8.303094864E0,-1.296909928E0
1.660214067E2,4.636094093E0,-9.030512810E0,-9.678967595E-1
1.665214067E2,5.316852093E0,-8.306683540E0,-1.518245935E0
1.670214067E2,5.267200947E0,-8.388039589E0,-2.835494876E-1
1.675214067E2,4.340580463E0,-8.893523216E0,-5.276173949E-1
1.680214067E2,5.935994625E0,-8.499305725E0,-1.043270707E0
1.685214067E2,4.575077057E0,-8.560322762E0,-1.707278967E0
1.690214067E2,5.096712112E0,-8.242675781E0,-1.049252748E0
1.695214067E2,5.178068161E0,-8.089534760E0,-1.174277663E0
1.700214067E2,4.782654285E0,-8.528019905E0,-6.903293133E-1
1.705214067E2,4.667200565E0,-7.668398380E0,-1.353141189E0
1.710214067E2,5.718846321E0,-9.107083321E0,1.414756417E0
1.715214067E2,3.222533941E0,-9.038887978E0,-7.716853023E-1
1.720214067E2,4.353142738E0,-8.165507317E0,-9.349954724E-1
1.725214067E2,3.896711588E0,-9.308079720E0,5.922235921E-2
1.730214067E2,5.556134224E0,-8.059026718E0,2.775674164E-1
1.735214067E2,5.408975601E0,-8.483154297E0,-1.752742529E-1
1.740214067E2,4.892126083E0,-8.011170387E0,-7.286145091E-1
1.745214067E2,5.071587563E0,-8.227720261E0,-1.083350420E0
1.750214067E2,5.212764263E0,-8.239685059E0,-1.118046403E0
1.755214067E2,5.495117188E0,-8.263612747E0,-9.236295223E-1
1.760214067E2,5.383851051E0,-8.274380684E0,-1.108475089E0
1.765214067E2,5.485546112E0,-8.127820015E0,-1.135394335E0
1.770214067E2,5.552545071E0,-8.114660263E0,-9.559326172E-1
1.775214067E2,5.610570908E0,-8.291728973E0,-1.089930773E0
1.780214067E2,5.393422127E0,-8.073383331E0,-1.201196909E0
1.785214067E2,5.473581791E0,-8.416155815E0,-1.081555843E0
1.790214067E2,5.670989513E0,-8.103293419E0,-1.221535921E0
1.795214067E2,5.356931686E0,-8.315656662E0,-1.704886079E0
1.800214067E2,5.856433392E0,-7.880761147E0,-1.709671736E0
1.805214067E2,4.691727161E0,-8.405387878E0,-2.443670034E0
1.810214067E2,4.998008251E0,-8.158329010E0,-2.317448616E0
1.815214067E2,5.557928562E0,-8.022536278E0,-1.974676847E0
1.820214067E2,5.661418438E0,-7.574480057E0,-2.078166485E0
1.825214067E2,5.394618511E0,-8.368897438E0,-1.939382792E0
1.830214067E2,5.538187981E0,-8.059026718E0,-1.841277003E0
1.835214067E2,5.492724419E0,-8.120043755E0,-1.666600943E0
1.840214067E2,5.275575638E0,-8.136793137E0,-1.584048629E0
1.845214067E2,5.581258774E0,-8.033902168E0,-1.059422255E0
1.850214067E2,6.294918060E0,-6.894918442E0,2.985046208E-1
1.855214067E2,5.851647854E0,-8.224729538E0,-1.855633974E0
1.860214067E2,5.332405090E0,-8.188239098E0,-6.329016089E-1
1.865214067E2,6.025127411E0,-8.367102623E0,8.434699476E-2
1.870214067E2,5.623133183E0,-8.012366295E0,-1.152144074E0
1.875214067E2,6.096911907E0,-7.925028801E0,-3.074777126E-1
1.880214067E2,5.131408215E0,-8.084749222E0,-1.025324464E0
1.885214067E2,5.557928562E0,-7.884948730E0,-1.232901812E0
1.890214067E2,5.527420521E0,-8.062616348E0,-6.957131624E-1
1.895214067E2,5.367699623E0,-8.277970314E0,-7.369893789E-1
1.900214067E2,4.946562767E0,-8.337790489E0,-7.639086246E-1
1.905214067E2,5.195415974E0,-7.926823139E0,-8.009973764E-1
1.910214067E2,4.872983456E0,-8.510073662E0,-7.734799385E-1
1.915214067E2,5.210371494E0,-8.400602341E0,-8.374879360E-1
1.920214067E2,5.368297577E0,-8.201399803E0,-6.412764788E-1
1.925214067E2,5.486144066E0,-8.233104706E0,-5.389832854E-1
1.930214067E2,5.450850010E0,-8.159524918E0,-7.860422134E-1
1.935214067E2,5.350351334E0,-8.151150703E0,-6.634100676E-1
1.940214067E2,5.299503803E0,-8.167302132E0,-5.898307562E-1
1.945214067E2,5.404190063E0,-8.018946648E0,-5.389832854E-1
1.950214067E2,5.356333256E0,-8.255238533E0,-8.183453679E-1
1.955214067E2,5.386841774E0,-8.196614265E0,-5.234299302E-1
1.960214067E2,5.206781864E0,-8.398807526E0,-8.727820516E-1
1.965214067E2,5.054837704E0,-8.598010063E0,-1.121635556E0
1.970214067E2,5.176871777E0,-8.421539307E0,-1.322034478E0
1.975214067E2,5.133202553E0,-8.194819450E0,-1.678565025E0
1.980214067E2,5.093122959E0,-8.170890808E0,-1.877767563E0
1.985214067E2,5.295914650E0,-8.181658745E0,-1.532602906E0
1.990214067E2,5.324628353E0,-8.303094864E0,-1.738983870E0
1.995214067E2,5.128417015E0,-8.204390526E0,-1.980060697E0
2.000214067E2,5.139782906E0,-8.239685059E0,-1.755135417E0
2.005214067E2,5.364708424E0,-8.149953842E0,-1.051645517E0
2.010214067E2,5.026124001E0,-8.458029747E0,-6.173482537E-1
2.015214067E2,5.117051125E0,-8.453244209E0,-6.257231236E-1
2.020214067E2,4.892126083E0,-8.392227173E0,-8.697910309E-1
2.025214067E2,5.133800983E0,-8.260024071E0,-7.112665176E-1
2.030214067E2,4.919643402E0,-8.495717049E0,-8.009973764E-1
2.035214067E2,5.051846981E0,-8.385646820E0,-6.538388133E-1
2.040214067E2,5.073980331E0,-8.334799767E0,-7.878368497E-1
2.045214067E2,5.058426857E0,-8.316255569E0,-6.155536175E-1
2.050214067E2,5.003990173E0,-8.309076309E0,-6.382854581E-1
2.055214067E2,5.011766911E0,-8.429315567E0,-5.964110494E-1
2.060214067E2,4.971088886E0,-8.381459236E0,-5.629115105E-1
2.065214067E2,5.021338463E0,-8.498109818E0,-6.412764788E-1
2.070214067E2,5.020142078E0,-8.378468513E0,-7.657032609E-1
2.075214067E2,4.978267670E0,-8.397012711E0,-5.587241054E-1
2.080214067E2,4.925625324E0,-8.409575462E0,-6.203392744E-1
2.085214067E2,4.911268711E0,-8.352147102E0,-7.118647099E-1
2.090214067E2,4.973481655E0,-8.420941353E0,-6.209374666E-1
2.095214067E2,4.968696117E0,-8.448458672E0,-5.425725579E-1
2.100214067E2,4.892724037E0,-8.458029747E0,-5.312066078E-1
2.105214067E2,4.927420139E0,-8.370093346E0,-6.400800347E-1
2.110214067E2,4.951946259E0,-8.299505234E0,-6.652047038E-1
2.115214067E2,4.815555573E0,-8.483752251E0,-4.534398913E-1
2.120214067E2,4.882554531E0,-8.416753769E0,-6.873382926E-1
2.125214067E2,4.907081127E0,-8.471788406E0,-4.558327198E-1
2.130214067E2,4.899304390E0,-8.416753769E0,-3.619144261E-1
2.135214067E2,4.942375183E0,-8.408378601E0,-6.047859192E-1
2.140214067E2,4.931009293E0,-8.377870560E0,-5.473581553E-1
2.145214067E2,4.787439823E0,-8.477172852E0,-5.156532526E-1
2.150214067E2,4.875376225E0,-8.443673134E0,-4.893322289E-1
2.155214067E2,4.918447018E0,-8.364111900E0,-6.329016089E-1
2.160214067E2,4.908277512E0,-8.435895920E0,-6.478567123E-1
2.165214067E2,4.822733879E0,-8.454441071E0,-6.143572330E-1
2.170214067E2,5.356931686E0,-8.232506752E0,-5.054838061E-1
2.175214067E2,5.085944653E0,-8.118248940E0,-7.130611539E-1
2.180214067E2,5.672185898E0,-8.461020470E0,6.442674994E-1
2.185214067E2,6.259624004E0,-8.237890244E0,-5.862415582E-2
2.190214067E2,4.468596458E0,-8.662017822E0,-4.564309120E-1
2.195214067E2,4.780859470E0,-8.379665375E0,-2.632105052E-1
2.200214067E2,5.036293507E0,-8.434102058E0,4.127619043E-2
2.205214067E2,4.948357105E0,-8.720642090E0,-1.004985496E-1
2.210214067E2,5.373083115E0,-8.454441071E0,1.878365725E-1
2.215214067E2,4.859224796E0,-8.663214684E0,-6.221339107E-1
2.220214067E2,5.126622677E0,-8.410173416E0,-1.926222295E-1
2.225214067E2,5.275575638E0,-8.317451477E0,-2.279163599E-1
2.230214067E2,5.102694511E0,-8.562715530E0,-9.056833982E-1
2.235214067E2,5.191228867E0,-8.136793137E0,-1.293918848E0
2.240214067E2,5.248058319E0,-8.407182693E0,-9.092726111E-1
2.245214067E2,4.965705395E0,-8.076972961E0,-8.853443861E-1
2.250214067E2,4.931009293E0,-8.547162056E0,-3.601198196E-1
2.255214067E2,5.037489891E0,-8.229515076E0,-7.214360237E-1
2.260214067E2,4.667200565E0,-8.577073097E0,-4.145565331E-1
2.265214067E2,5.027918816E0,-8.350951195E0,-1.405783296E-1
2.270214067E2,4.854438782E0,-8.382656097E0,-2.458625287E-1
2.275214067E2,4.863411903E0,-8.491529465E0,-4.977070987E-1
2.280214067E2,5.031507969E0,-8.663214684E0,-3.667000830E-1
2.285214067E2,4.834698200E0,-8.659027100E0,-6.777670383E-1
2.290214067E2,5.077569485E0,-7.725826263E0,-6.430711150E-1
2.295214067E2,5.173282623E0,-8.457431793E0,-4.899304509E-1
2.300214067E2,4.963910580E0,-8.090731621E0,-6.687939167E-1
2.305214067E2,5.184648514E0,-8.106883049E0,-6.873382926E-1
2.310214067E2,4.986642361E0,-8.755936623E0,-7.627122402E-1
2.315214067E2,5.340780258E0,-8.163114548E0,-4.899304509E-1
2.320214067E2,5.292923450E0,-8.702097893E0,-2.506481707E-1
2.325214067E2,5.208576679E0,-8.630312920E0,-6.125625968E-1
2.330214067E2,5.407779217E0,-8.056035995E0,-1.124626637E0
2.335214067E2,5.095515728E0,-8.591429710E0,-1.027119160E0
2.340214067E2,4.871787071E0,-8.337790489E0,-7.369893789E-1
2.345214067E2,4.863411903E0,-8.467002869E0,-3.158525825E-1
2.350214067E2,5.029713154E0,-8.191229820E0,-5.359922647E-1
2.355214067E2,5.012365341E0,-8.320442200E0,-4.642075896E-1
2.360214067E2,5.142774105E0,-8.288737297E0,-5.587241054E-1
2.365214067E2,4.980062008E0,-8.357531548E0,-3.385843933E-1
2.370214067E2,5.055436134E0,-8.124829292E0,-7.178468108E-1
2.375214067E2,5.090131760E0,-8.132007599E0,-4.755735099E-1
2.380214067E2,5.228915691E0,-8.462217331E0,-6.951149702E-1
2.385214067E2,5.172086239E0,-8.223533630E0,-6.334998012E-1
2.390214067E2,4.998008251E0,-8.392227173E0,-7.579265833E-1
2.395214067E2,5.294718266E0,-8.117650986E0,-6.699903607E-1
2.400214067E2,4.903491974E0,-8.065009117E0,-6.113662124E-1
2.405214067E2,5.347360611E0,-8.046463966E0,-9.541380405E-1
2.410214067E2,5.000999451E0,-8.356932640E0,-7.722834945E-1
2.415214067E2,5.510072231E0,-8.042875290E0,-4.576273263E-1
2.420214067E2,5.450850010E0,-8.043473244E0,-6.125625968E-1
2.425214067E2,5.415555954E0,-8.316255569E0,-1.232901812E0
2.430214067E2,4.937589645E0,-8.234899521E0,-6.496513486E-1
2.435214067E2,5.251647472E0,-8.105687141E0,-6.281159520E-1
2.440214067E2,6.677171707E0,-8.197810173E0,1.304088384E-1
2.445214067E2,5.285147190E0,-8.457431793E0,-5.347958803E-1
2.450214067E2,5.562714577E0,-7.806583881E0,-4.127618968E-1
2.455214067E2,5.231906891E0,-8.167302132E0,-1.221535921E0
2.460214067E2,6.071189404E0,-7.538587570E0,-5.551348329E-1
2.465214067E2,5.302495003E0,-8.438288689E0,-1.028913736E0
2.470214067E2,5.402993679E0,-8.024331093E0,-7.112665176E-1
2.475214067E2,4.294518471E0,-8.492725372E0,-1.794616925E-3
2.480214067E2,5.644070625E0,-8.232506752E0,-8.015955985E-2
2.485214067E2,4.744369030E0,-8.591429710E0,-9.493523836E-1
2.490214067E2,5.593223095E0,-8.224729538E0,-1.094118118E0
2.495214067E2,4.788636208E0,-8.687741280E0,-1.319043517E0
2.500214067E2,4.230510235E0,-8.952147484E0,-1.336391449E0
2.505214067E2,4.584648132E0,-8.708678246E0,-1.100698471E0
2.510214067E2,4.310669899E0,-8.558527946E0,-1.249053478E0
2.515214067E2,4.240081787E0,-8.796015739E0,-1.168893814E0
2.520214067E2,4.592424870E0,-8.470592499E0,-9.445667267E-1
2.525214067E2,4.662415028E0,-8.722436905E0,-1.113858938E0
2.530214067E2,5.024927616E0,-9.012566566E0,-1.012762189E0
2.535214067E2,4.662415028E0,-8.963513374E0,-6.376872063E-1
2.540214067E2,4.760520458E0,-8.477172852E0,-1.274776220E0
2.545214067E2,4.758127689E0,-8.407182693E0,-7.830511928E-1
2.550214067E2,4.795216560E0,-8.368298531E0,-1.041476011E0
2.555214067E2,4.782654285E0,-8.535796165E0,-1.014556766E0
2.560214067E2,4.583451748E0,-8.574081421E0,-7.860422134E-1
2.565214067E2,4.659423828E0,-8.538787842E0,-6.221339107E-1
2.570214067E2,4.621138573E0,-8.577073097E0,-8.584251404E-1
2.575214067E2,4.560719967E0,-8.612366676E0,-8.913264275E-1
2.580214067E2,4.764708042E0,-8.440681458E0,-7.818548083E-1
2.585214067E2,4.797011375E0,-8.402397156E0,-6.376872063E-1
2.590214067E2,4.779663086E0,-8.566305161E0,-6.634100676E-1
2.595214067E2,4.637290478E0,-8.726025581E0,-7.573283911E-1
2.600214067E2,4.488935471E0,-8.655437469E0,-6.652047038E-1
2.605214067E2,4.828716278E0,-8.365307808E0,-6.891329288E-1
2.610214067E2,4.710869789E0,-8.615956306E0,-7.621139884E-1
2.615214067E2,4.747360229E0,-8.409575462E0,-1.062413216E0
2.620214067E2,4.417150497E0,-8.593822479E0,-7.070791125E-1
2.625214067E2,4.715056896E0,-8.591429710E0,-6.909275651E-1
2.630214067E2,4.573282242E0,-8.644669533E0,-5.952146053E-1
2.635214067E2,4.667200565E0,-8.538787842E0,-7.142575383E-1
2.640214067E2,4.737788677E0,-8.510671616E0,-6.987041831E-1
2.645214067E2,4.691727161E0,-8.591429710E0,-7.579265833E-1
2.650214067E2,4.594219685E0,-8.644669533E0,-8.697910309E-1
2.655214067E2,4.728217602E0,-8.565108299E0,-7.052844763E-1
2.660214067E2,4.640281200E0,-8.679964066E0,-8.889335990E-1
2.665214067E2,4.621737003E0,-8.517251968E0,-9.062815905E-1
2.670214067E2,4.595416069E0,-8.639286041E0,-8.775677085E-1
2.675214067E2,4.552943230E0,-8.498109818E0,-1.129412293E0
2.680214067E2,4.293920040E0,-8.550751686E0,-1.119840980E0
2.685214067E2,4.470989227E0,-8.701499939E0,-1.286142230E0
2.690214067E2,4.432703972E0,-8.608179092E0,-1.526620865E0
2.695214067E2,4.480560303E0,-8.639286041E0,-1.695314884E0
2.700214067E2,4.900500774E0,-8.057231903E0,-2.147558212E0
2.705214067E2,4.706083775E0,-8.486743927E0,-1.840678811E0
2.710214067E2,4.563711166E0,-8.541180611E0,-1.601994753E0
2.715214067E2,4.731806755E0,-8.577073097E0,-1.138983607E0
2.720214067E2,4.788636208E0,-8.596813202E0,-8.434699476E-2
2.725214067E2,4.830510616E0,-8.682356834E0,-3.194418252E-1
2.730214067E2,4.656432629E0,-8.577073097E0,-7.782655358E-1
2.735214067E2,4.609772682E0,-8.635098457E0,-4.899304509E-1
2.740214067E2,4.642076015E0,-8.608179092E0,-6.287141442E-1
2.745214067E2,4.571487427E0,-8.647661209E0,-6.448656917E-1
2.750214067E2,4.731806755E0,-8.620143890E0,-6.951149702E-1
2.755214067E2,4.638486862E0,-8.639286041E0,-6.412764788E-1
2.760214067E2,4.712664127E0,-8.518448830E0,-4.259224236E-1
2.765214067E2,4.841278553E0,-8.443673134E0,-4.803591371E-1
2.770214067E2,4.750949383E0,-8.610571861E0,-5.587241054E-1
2.775214067E2,4.744369030E0,-8.611170769E0,-5.970092416E-1
2.780214067E2,4.675575256E0,-8.535796165E0,-6.478567123E-1
2.785214067E2,4.788636208E0,-8.471788406E0,-6.664010882E-1
2.790214067E2,4.785645485E0,-8.486145973E0,-5.802595019E-1
2.795214067E2,4.807778835E0,-8.545368195E0,-6.239284873E-1
2.800214067E2,4.774877548E0,-8.434102058E0,-6.412764788E-1
2.805214067E2,4.722235680E0,-8.534002304E0,-7.369893789E-1
2.810214067E2,4.804787636E0,-8.564510345E0,-6.209374666E-1
2.815214067E2,4.820341110E0,-8.426324844E0,-8.584251404E-1
2.820214067E2,4.898705959E0,-8.449654579E0,-6.472585201E-1
2.825214067E2,4.809573650E0,-8.517251968E0,-6.317051649E-1
2.830214067E2,4.774877548E0,-8.455039024E0,-7.932206988E-1
2.835214067E2,4.052245140E0,-8.756534576E0,8.015955985E-2
2.840214067E2,4.383651257E0,-8.114660263E0,-2.151745796E0
2.845214067E2,3.906282902E0,-7.916653633E0,-8.584251404E-1
2.850214067E2,4.032504559E0,-8.543573380E0,-1.536192179E0
2.855214067E2,4.557130814E0,-8.694320679E0,-1.192822099E0
2.860214067E2,4.023531437E0,-7.942974567E0,-1.831107497E0
2.865214067E2,5.501697540E0,-8.660223007E0,-1.724626899E0
2.870214067E2,6.120840549E0,-8.452646255E0,3.577269912E-1
2.875214067E2,4.926223755E0,-8.883952141E0,-1.145563841E0
2.880214067E2,4.798207760E0,-8.535796165E0,-1.376471281E0
2.885214067E2,4.990231514E0,-7.963313580E0,-1.503889084E0
2.890214067E2,4.874777794E0,-8.205587387E0,-8.662018180E-1
2.895214067E2,5.363512039E0,-8.141578674E0,-1.191625714E0
2.900214067E2,4.930410862E0,-7.881958008E0,-1.434497118E0
2.905214067E2,4.669593334E0,-8.376075745E0,-1.824527264E0
2.910214067E2,5.291129112E0,-8.572885513E0,-1.581057549E0
2.915214067E2,4.702494621E0,-8.510073662E0,-1.968096614E0
2.920214067E2,5.333003521E0,-8.181658745E0,-1.067198873E0
2.925214067E2,4.156930923E0,-9.410373688E0,-1.460818172E0
2.930214067E2,5.192425251E0,-8.094321251E0,-1.974676847E0
2.935214067E2,5.172086239E0,-8.221738815E0,-2.008774519E0
2.940214067E2,4.967499733E0,-8.392227173E0,-1.531406522E0
2.945214067E2,5.114658356E0,-8.136793137E0,-8.775677085E-1
2.950214067E2,4.763511658E0,-8.602795601E0,-1.130608678E0
2.955214067E2,5.200799942E0,-8.452646255E0,-1.325623751E0
2.960214067E2,4.666004181E0,-8.291728973E0,-1.370489120E0
2.965214067E2,5.532206059E0,-7.960322857E0,-1.061216831E0
2.970214067E2,4.542773724E0,-8.495717049E0,-1.111466169E0
2.975214067E2,5.335994720E0,-8.145168304E0,-1.398604870E0
2.980214067E2,4.971088886E0,-8.338388443E0,-1.406979680E0
2.985214067E2,4.820939541E0,-8.440681458E0,-1.176072359E0
2.990214067E2,4.966303349E0,-8.421539307E0,-1.076770186E0
2.995214067E2,4.997410297E0,-8.295317650E0,-1.308275819E0
3.000214067E2,4.841876507E0,-8.400003433E0,-1.161715388E0
3.005214067E2,4.954339504E0,-8.350951195E0,-1.142572761E0
3.010214067E2,4.814359188E0,-8.392227173E0,-1.155135155E0
3.015214067E2,4.913063049E0,-8.350951195E0,-1.198205948E0
3.020214067E2,4.825725079E0,-8.392227173E0,-1.226321578E0
3.025214067E2,4.739583492E0,-8.469395638E0,-1.188036442E0
3.030214067E2,4.889732838E0,-8.528019905E0,-9.858429432E-1
3.035214067E2,4.557130814E0,-8.581858635E0,-1.399801224E-1
3.040214067E2,4.710271358E0,-8.871390343E0,-3.810569942E-1
3.045214067E2,5.034498692E0,-8.519644737E0,-5.838487148E-1
3.050214067E2,5.002195835E0,-8.556734085E0,-5.060819983E-1
3.055214067E2,5.253442287E0,-8.394021988E0,-5.790630579E-1
3.060214067E2,5.039284706E0,-8.405387878E0,-7.645068169E-1
3.065214067E2,4.786841869E0,-8.545368195E0,-8.099704385E-1
3.070214067E2,5.124229908E0,-8.343173981E0,-5.090730190E-1
3.075214067E2,5.769693375E0,-8.596813202E0,-9.684949517E-1
3.080214067E2,4.115654945E0,-8.210970879E0,-2.337189436E0
3.085214067E2,4.677370071E0,-8.350951195E0,-1.204187989E0
3.090214067E2,5.337789059E0,-8.280961037E0,-1.177268744E0
3.095214067E2,4.643272400E0,-8.285148621E0,-1.436890006E0
3.100214067E2,5.431707382E0,-8.338388443E0,-7.734799385E-1
3.105214067E2,4.613361835E0,-8.596813202E0,-7.944171429E-1
3.110214067E2,5.444269657E0,-8.169096947E0,-9.128618240E-1
3.115214067E2,4.966303349E0,-8.458029747E0,-8.518448472E-1
3.120214067E2,5.248656273E0,-8.344370842E0,-8.362914920E-1
3.125214067E2,4.737788677E0,-8.483752251E0,-9.427721500E-1
3.130214067E2,5.056632519E0,-8.135597229E0,-6.759724021E-1
3.135214067E2,4.627718925E0,-8.201399803E0,-4.037888348E-1
3.140214067E2,5.201996326E0,-7.892725468E0,-1.141974568E0
3.145214067E2,5.540580750E0,-7.918448448E0,-1.178465128E0
3.150214067E2,5.171487808E0,-8.545368195E0,-1.223928809E0
3.155214067E2,4.485345840E0,-8.239086151E0,-1.593619823E0
3.160214067E2,5.258227825E0,-8.170890808E0,-1.054038405E0
3.165214067E2,4.961517811E0,-8.030312538E0,-1.108475089E0
3.170214067E2,4.971088886E0,-8.188239098E0,-9.349954724E-1
3.175214067E2,5.385645390E0,-8.374878883E0,-9.876375198E-1
3.180214067E2,5.277370453E0,-8.255238533E0,-8.871390224E-1
3.185214067E2,5.432903767E0,-8.344968796E0,-1.214357466E-1
3.190214067E2,5.045266628E0,-8.334799767E0,-7.453642488E-1
3.195214067E2,4.977071285E0,-8.397012711E0,-3.505485058E-1
3.200214067E2,5.253442287E0,-8.330612183E0,-3.409772217E-1
3.205214067E2,4.753342152E0,-8.449654579E0,-1.185045362E0
3.210214067E2,4.798805714E0,-8.321041107E0,-9.822536707E-1
3.215214067E2,4.716851711E0,-8.620143890E0,-1.597209126E-1
3.220214067E2,5.705685616E0,-8.267800331E0,-3.888336718E-1
3.225214067E2,4.721637249E0,-8.537590981E0,-7.597211599E-1
3.230214067E2,5.375475883E0,-8.273183823E0,-4.271188378E-1
3.235214067E2,5.316852093E0,-8.426324844E0,-8.530412912E-1
3.240214067E2,4.808377266E0,-8.452646255E0,-9.984052777E-1
3.245214067E2,5.231906891E0,-8.263014793E0,-6.424728632E-1
3.250214067E2,5.196014404E0,-8.367102623E0,-7.238288522E-1
3.255214067E2,5.133800983E0,-8.347960472E0,-8.165507317E-1
3.260214067E2,5.149354458E0,-8.282156944E0,-7.292127013E-1
3.265214067E2,5.257629395E0,-8.304290771E0,-8.614161611E-1
3.270214067E2,5.083551884E0,-8.335397720E0,-6.831508875E-1
3.275214067E2,5.016552448E0,-8.321041107E0,-7.178468108E-1
3.280214067E2,5.196014404E0,-8.512466431E0,-7.770691514E-1
3.285214067E2,5.160720348E0,-8.204390526E0,-8.392825127E-1
3.290214067E2,5.193621635E0,-8.272585869E0,-6.664010882E-1
3.295214067E2,5.023731232E0,-8.464012146E0,-7.399803996E-1
3.300214067E2,5.119443893E0,-8.242077827E0,-5.228317380E-1
3.305214067E2,4.812564373E0,-8.571090698E0,-3.128615618E-1
3.310214067E2,5.454439163E0,-8.124829292E0,-5.485545993E-1
3.315214067E2,5.118845940E0,-8.244470596E0,-4.582255483E-1
3.320214067E2,5.203192711E0,-8.342576027E0,-5.234299302E-1
3.325214067E2,5.099703312E0,-8.432307243E0,-6.777670383E-1
3.330214067E2,5.162514687E0,-8.270791054E0,-5.868397355E-1
3.335214067E2,5.146363258E0,-8.277970314E0,-5.084748268E-1
3.340214067E2,5.331208706E0,-8.057231903E0,-7.148557901E-1
3.345214067E2,4.963910580E0,-8.666803360E0,-9.200403094E-1
3.350214067E2,5.511268616E0,-8.222934723E0,-3.523431420E-1
3.355214067E2,5.251647472E0,-8.257032394E0,-8.817551732E-1
3.360214067E2,4.886143684E0,-8.252246857E0,-1.121635556E0
3.365214067E2,5.289334297E0,-8.066802979E0,-7.417750359E-1
3.370214067E2,4.695914268E0,-8.443074226E0,-6.825526357E-1
3.375214067E2,5.645864964E0,-8.113463402E0,-5.581258535E-1
3.380214067E2,5.224728107E0,-8.362317085E0,-8.452646136E-1
3.385214067E2,5.075775146E0,-8.254041672E0,-1.140778184E0
3.390214067E2,5.189434052E0,-8.293522835E0,-8.889335990E-1
3.395214067E2,5.411368370E0,-8.175078392E0,-9.074779749E-1
3.400214067E2,5.399404526E0,-8.124829292E0,-8.165507317E-1
3.405214067E2,5.436492920E0,-8.028517723E0,-1.121635556E0
3.410214067E2,5.219942570E0,-8.154739380E0,-1.066002488E0
3.415214067E2,5.339583874E0,-8.391031265E0,-8.009973764E-1
3.420214067E2,5.581857204E0,-8.228319168E0,-1.159322619E0
3.425214067E2,5.291727066E0,-7.998009682E0,-1.257428288E0
3.430214067E2,5.400002480E0,-8.151748657E0,-9.302098155E-1
3.435214067E2,5.516652584E0,-8.196614265E0,-1.061216831E0
3.440214067E2,5.248058319E0,-8.089534760E0,-1.151545882E0
3.445214067E2,5.422136307E0,-8.099106789E0,-1.042074203E0
3.450214067E2,5.481358528E0,-7.926823139E0,-1.280758262E0
3.455214067E2,5.425725460E0,-7.883154392E0,-1.510469317E0
3.460214067E2,5.219942570E0,-8.119445801E0,-1.277767301E0
3.465214067E2,5.324628353E0,-8.220541954E0,-1.108475089E0
3.470214067E2,5.372485161E0,-7.941180229E0,-1.264606714E0
3.475214067E2,5.249852657E0,-8.116454124E0,-1.332203984E0
3.480214067E2,5.361717224E0,-8.142177582E0,-1.279561877E0
3.485214067E2,5.321637630E0,-8.237292290E0,-1.328614831E0
3.490214067E2,5.195415974E0,-8.163114548E0,-1.310070395E0
3.495214067E2,5.303691387E0,-8.167302132E0,-1.229910851E0
3.500214067E2,5.328217983E0,-8.082955360E0,-1.383051515E0
3.505214067E2,5.342574596E0,-8.173882484E0,-1.116251707E0
3.510214067E2,5.486144066E0,-8.133802414E0,-1.198205948E0
3.515214067E2,5.466403484E0,-8.003393173E0,-1.459621787E0
3.520214067E2,5.455635548E0,-7.955537319E0,-1.290927768E0
3.525214067E2,5.459224701E0,-8.114660263E0,-8.584251404E-1
3.530214067E2,5.058426857E0,-8.240880966E0,-6.921239495E-1
3.535214067E2,5.395216942E0,-8.081160545E0,-8.997012973E-1
3.540214067E2,5.186442852E0,-8.138587952E0,-9.678967595E-1
3.545214067E2,5.137988567E0,-8.210372925E0,-9.846464992E-1
3.550214067E2,5.397011280E0,-8.137392044E0,-1.011565804E0
3.555214067E2,5.508277893E0,-8.123034477E0,-7.292127013E-1
3.560214067E2,5.219942570E0,-8.296514511E0,-7.256234884E-1
3.565214067E2,5.147559643E0,-8.295317650E0,-8.793623447E-1
3.570214067E2,5.280361176E0,-8.081160545E0,-1.017547846E0
3.575214067E2,5.308476925E0,-8.096115112E0,-8.213363886E-1
3.580214067E2,5.298905849E0,-8.164310455E0,-7.579265833E-1
3.585214067E2,5.063212872E0,-8.352746010E0,-5.730810165E-1
3.590214067E2,5.286343575E0,-8.252246857E0,-7.142575383E-1
3.595214067E2,5.042275429E0,-8.333602905E0,-8.422735929E-1
3.600214067E2,5.073980331E0,-8.317451477E0,-8.518448472E-1
3.605214067E2,5.150550842E0,-8.321041107E0,-7.722834945E-1
3.610214067E2,4.937589645E0,-8.122436523E0,-6.346961856E-1
3.615214067E2,5.167300701E0,-8.113463402E0,-8.913264275E-1
3.620214067E2,4.901697159E0,-8.458029747E0,-6.526423693E-1
3.625214067E2,4.823930264E0,-8.397012711E0,-3.888336718E-1
3.630214067E2,5.012365341E0,-8.250452042E0,-1.188634634E0
3.635214067E2,5.231906891E0,-7.482954502E0,-1.039681435E0
3.640214067E2,5.496912003E0,-8.178668022E0,-1.648056626E0
3.645214067E2,4.972285271E0,-8.437092781E0,-9.080761671E-1
3.650214067E2,5.607579708E0,-8.467600822E0,-1.463211060E0
3.655214067E2,5.923432350E0,-7.880761147E0,-1.204187989E0
3.660214067E2,5.097908497E0,-8.181658745E0,-1.000199914E0
3.665214067E2,4.936991215E0,-8.371290207E0,-7.722834945E-1
3.670214067E2,5.063212872E0,-8.206185341E0,-7.944171429E-1
3.675214067E2,4.817948341E0,-8.395217896E0,-2.070389748E0
3.680214067E2,4.944767952E0,-8.447860718E0,-8.949156404E-1
3.685214067E2,4.896911621E0,-8.474181175E0,-6.089733839E-1
3.690214067E2,5.126622677E0,-8.267800331E0,-6.729813814E-1
3.695214067E2,4.490131855E0,-8.440681458E0,-7.543373108E-1
3.700214067E2,4.981856823E0,-8.459226608E0,-7.381857634E-1
3.705214067E2,5.057230473E0,-8.219944000E0,-8.392825127E-1
3.710214067E2,5.026124001E0,-8.358727455E0,-7.674978375E-1
3.715214067E2,5.076373100E0,-8.237890244E0,-9.302098155E-1
3.720214067E2,5.519045353E0,-8.119445801E0,-7.495517135E-1
3.725214067E2,5.111069202E0,-8.383254051E0,-6.921239495E-1
3.730214067E2,5.899504185E0,-7.789834023E0,-5.108676553E-1
3.735214067E2,5.605186939E0,-7.984251022E0,-4.534398913E-1
3.740214067E2,5.492125988E0,-8.143373489E0,-5.443671346E-1
3.745214067E2,4.948357105E0,-8.313861847E0,-8.009973764E-1
3.750214067E2,4.920839787E0,-8.330014229E0,-7.914260626E-1
3.755214067E2,4.597808838E0,-8.526225090E0,6.101697683E-2
3.760214067E2,5.886343479E0,-7.792226791E0,-6.412764788E-1
3.765214067E2,5.258227825E0,-8.184649467E0,-9.702895880E-1
3.770214067E2,4.944767952E0,-8.695517540E0,-1.121037364E0
3.775214067E2,5.214558601E0,-8.059026718E0,-1.671386600E0
3.780214067E2,4.689932346E0,-8.471788406E0,-1.453639746E0
3.785214067E2,4.506881237E0,-8.397012711E0,-9.367900491E-1
3.790214067E2,4.999803066E0,-8.349156380E0,-9.744769931E-1
3.795214067E2,5.176871777E0,-8.182256699E0,-9.128618240E-1
3.800214067E2,5.179862976E0,-8.286943436E0,-7.579265833E-1
3.805214067E2,4.983053207E0,-8.209176064E0,-5.467599630E-1
3.810214067E2,4.903491974E0,-8.414958954E0,-8.500502706E-1
3.815214067E2,4.942375183E0,-8.486145973E0,-5.102694035E-1
3.820214067E2,5.075775146E0,-8.344370842E0,-5.102694035E-1
3.825214067E2,4.957928658E0,-8.346165657E0,-4.576273263E-1
3.830214067E2,5.048855782E0,-8.335397720E0,-6.891329288E-1
3.835214067E2,4.871787071E0,-8.346165657E0,-8.153542876E-1
3.840214067E2,4.864010334E0,-8.156534195E0,-8.614161611E-1
3.845214067E2,5.283352375E0,-8.210372925E0,-9.559326172E-1
3.850214067E2,5.098506927E0,-8.360522270E0,-9.158528447E-1
3.855214067E2,4.430311203E0,-8.500502586E0,-5.084748194E-2
3.860214067E2,6.615556240E0,-7.831110477E0,-4.354937077E-1
3.865214067E2,5.286941528E0,-8.349156380E0,-7.884350419E-1
3.870214067E2,5.070989609E0,-8.561519623E0,-2.189432681E-1
3.875214067E2,5.195415974E0,-8.338388443E0,-4.181457460E-1
3.880214067E2,4.832305431E0,-8.487939835E0,-4.319044948E-1
3.885214067E2,4.889732838E0,-8.644071579E0,-5.742774159E-2
3.890214067E2,5.476572990E0,-8.304888725E0,-1.896311939E-1
3.895214067E2,5.664409637E0,-8.157731056E0,-1.405185103E0
3.900214067E2,5.334797859E0,-8.213961601E0,-1.213759303E0
3.905214067E2,4.756931305E0,-8.159524918E0,-2.703889608E0
3.910214067E2,4.980660439E0,-8.240880966E0,-1.946561217E0
3.915214067E2,4.704289436E0,-8.352147102E0,-1.432702541E0
3.920214067E2,5.151148796E0,-8.093722343E0,-1.381256819E0
3.925214067E2,5.286941528E0,-8.236095428E0,-1.531406522E0
3.930214067E2,5.358128071E0,-8.223533630E0,-8.458628058E-1
3.935214067E2,5.036293507E0,-8.286943436E0,-8.027920127E-1
3.940214067E2,5.211567879E0,-8.226524353E0,-9.014959335E-1
3.945214067E2,5.144568920E0,-8.289934158E0,-1.020538807E0
3.950214067E2,5.727221012E0,-7.936394691E0,-1.112064362E0
3.955214067E2,4.776073933E0,-8.403593063E0,-1.198205948E0
3.960214067E2,5.442475319E0,-8.219944000E0,-4.366901219E-1
3.965214067E2,4.170091629E0,-8.560322762E0,-6.107679605E-1
3.970214067E2,5.416153908E0,-8.283951759E0,-2.620140910E-1
3.975214067E2,5.535795212E0,-8.111668587E0,-4.881358147E-1
3.980214067E2,5.328217983E0,-8.650651932E0,-3.284149170E-1
3.985214067E2,5.653043270E0,-7.637889862E0,-6.873382926E-1
3.990214067E2,4.917848587E0,-8.146963120E0,-5.946164131E-1
3.995214067E2,5.679364681E0,-7.808976650E0,-8.727820516E-1
4.000214067E2,5.460421085E0,-8.054241180E0,-4.103690982E-1
4.005214067E2,5.878567219E0,-7.957331657E0,-1.998006850E-1
4.010214067E2,5.768496990E0,-8.363512993E0,-3.032902777E-1
4.015214067E2,6.420541286E0,-7.672585964E0,-5.294120312E-1
4.020214067E2,5.178068161E0,-8.038687706E0,-1.336989641E0
4.025214067E2,5.559723377E0,-7.980661869E0,-1.497906923E0
4.030214067E2,6.082555294E0,-7.443472862E0,-1.241276741E0
4.035214067E2,5.799005508E0,-7.671389580E0,-1.308275819E0
4.040214067E2,5.714060307E0,-8.008178711E0,-4.785645306E-1
4.045214067E2,6.157928944E0,-7.749155998E0,-5.503492355E-1
4.050214067E2,5.702694416E0,-7.878368378E0,-4.037888348E-1
4.055214067E2,5.571687698E0,-7.964509964E0,-6.616154313E-1
4.060214067E2,5.044070244E0,-8.544171333E0,-4.372883439E-1
4.065214067E2,5.313262463E0,-8.377870560E0,-2.219343036E-1
4.070214067E2,5.682355404E0,-8.099106789E0,-1.178465188E-1
4.075214067E2,5.830710411E0,-7.442874908E0,-1.223928809E0
4.080214067E2,6.063412666E0,-7.679764271E0,-6.813562512E-1
4.085214067E2,5.873183250E0,-8.057829857E0,-7.453642488E-1
4.090214067E2,5.459224701E0,-8.193024635E0,-6.239284873E-1
4.095214067E2,6.557530403E0,-7.782655716E0,4.671986103E-1
4.100214067E2,5.913262844E0,-7.754539967E0,-8.871390224E-1
4.105214067E2,5.416153908E0,-8.088936806E0,-3.332005441E-1
4.110214067E2,5.892923832E0,-7.714460373E0,-1.782652885E-1
4.115214067E2,6.093322754E0,-7.780262947E0,-4.049852192E-1
4.120214067E2,5.921638012E0,-7.805387497E0,-4.259224236E-1
4.125214067E2,5.779264927E0,-7.887939930E0,-4.486542344E-1
4.130214067E2,5.894120216E0,-7.848458290E0,-4.630111754E-1
4.135214067E2,6.400202274E0,-7.247261524E0,-3.098705411E-1
4.140214067E2,6.337988853E0,-7.727022648E0,-4.707878530E-1
4.145214067E2,5.629713535E0,-8.018946648E0,-2.793620527E-1
4.150214067E2,6.138188362E0,-7.263412952E0,-1.161117196E0
4.155214067E2,5.265406132E0,-8.186444283E0,-7.914260626E-1
4.160214067E2,5.980860233E0,-7.788039684E0,-6.143572330E-1
4.165214067E2,5.726622581E0,-7.629515171E0,-4.450650215E-1
4.170214067E2,5.932405472E0,-7.539186001E0,-3.050848842E-2
4.175214067E2,5.705685616E0,-7.357331276E0,-1.622333765E0
4.180214067E2,5.831906796E0,-7.825726509E0,-2.811566591E-1
4.185214067E2,6.446264267E0,-7.536194801E0,-1.758724600E-1
4.190214067E2,5.820540905E0,-7.740182877E0,-7.477570772E-1
4.195214067E2,5.959324837E0,-7.688737392E0,-6.795616150E-1
4.200214067E2,6.078966141E0,-7.512266636E0,-5.252245665E-1
4.205214067E2,5.857629776E0,-7.639684677E0,-7.962117195E-1
4.210214067E2,6.079564095E0,-7.302894592E0,-1.150349498E0
4.215214067E2,5.432903767E0,-8.075178146E0,-8.913264275E-1
4.220214067E2,5.795416355E0,-7.792825222E0,-9.535398483E-1
4.225214067E2,5.642275810E0,-8.047660828E0,-8.596215248E-1
4.230214067E2,5.779862881E0,-7.893323898E0,-5.551348329E-1
4.235214067E2,5.761917114E0,-7.835297585E0,-7.256234884E-1
4.240214067E2,5.860620975E0,-7.851449490E0,-3.828516304E-1
4.245214067E2,5.605186939E0,-7.935796261E0,-1.292124242E-1
4.250214067E2,5.795416355E0,-8.266604424E0,3.876372576E-1
4.255214067E2,5.765506268E0,-7.520043373E0,-9.690931439E-2
4.260214067E2,5.698507309E0,-7.845467091E0,-7.686942816E-1
4.265214067E2,6.133402824E0,-7.339983463E0,-4.247260094E-1
4.270214067E2,5.927619934E0,-7.721040249E0,-5.168496966E-1
4.275214067E2,5.849255085E0,-7.557730198E0,-4.325026870E-1
4.280214067E2,6.175277233E0,-7.642675400E0,-4.486542568E-2
4.285214067E2,5.732006550E0,-7.605587006E0,-7.908278704E-1
4.290214067E2,5.855835438E0,-7.770093441E0,-7.208378315E-1
4.295214067E2,6.087340832E0,-7.578667641E0,-7.926225066E-1
4.300214067E2,6.101697922E0,-7.683951855E0,-8.344969153E-1
4.305214067E2,6.084349632E0,-7.644470215E0,-8.069794178E-1
4.310214067E2,6.284748554E0,-7.563114166E0,-5.629115105E-1
4.315214067E2,6.151348591E0,-7.778468132E0,-6.376872063E-1
4.320214067E2,5.846263885E0,-7.706085205E0,-7.639086246E-1
4.325214067E2,5.904289722E0,-7.794021606E0,-5.946164131E-1
4.330214067E2,5.720640659E0,-7.931010723E0,-4.510470629E-1
4.335214067E2,5.792425632E0,-7.569694519E0,-1.170688510E0
4.340214067E2,5.995217323E0,-7.559525013E0,-1.255035520E0
4.345214067E2,6.482754707E0,-7.397411346E0,-8.757730722E-1
4.350214067E2,6.154339790E0,-7.623532772E0,-1.044467092E0
4.355214067E2,6.457630157E0,-7.284948349E0,-4.911268353E-1
4.360214067E2,6.156134605E0,-7.660621643E0,-4.905286431E-2
4.365214067E2,6.114858150E0,-7.562515736E0,-6.873382926E-1
4.370214067E2,5.794219971E0,-7.558328629E0,-4.414757788E-1
4.375214067E2,6.275775433E0,-7.683951855E0,-1.627119333E-1
4.380214067E2,7.170691490E0,-7.064808846E0,-1.896311939E-1
4.385214067E2,6.889534473E0,-7.146762848E0,-4.671986103E-1
4.390214067E2,6.026922226E0,-7.741379261E0,-1.010967612E0
4.395214067E2,6.856633186E0,-7.196413994E0,-4.390829504E-1
4.400214067E2,6.348756790E0,-7.523034573E0,-7.399803996E-1
4.405214067E2,6.736992359E0,-7.339983463E0,-7.034898400E-1
4.410214067E2,6.799205780E0,-7.330412388E0,-1.398604870E0
4.415214067E2,6.358926296E0,-7.090531826E0,-1.981257200E0
4.420214067E2,6.615556240E0,-7.073183537E0,-1.508674622E0
4.425214067E2,6.825526714E0,-7.287341595E0,-1.197607756E0
4.430214067E2,6.696912289E0,-7.342376232E0,-1.008574724E0
4.435214067E2,6.301498413E0,-7.393822193E0,-8.039883971E-1
4.440214067E2,6.533602238E0,-7.183253765E0,-4.785645306E-1
4.445214067E2,6.160920143E0,-7.945965767E0,-1.387837082E-1
4.450214067E2,5.924628735E0,-7.806583881E0,-3.828516304E-1
4.455214067E2,7.216753006E0,-7.095915318E0,-4.941178858E-1
4.460214067E2,6.833901405E0,-7.354340553E0,-1.868196249E0
4.465214067E2,7.023532867E0,-7.108478069E0,-1.091127157E0
4.470214067E2,6.280561447E0,-7.227520943E0,-1.250249863E0
4.475214067E2,6.461817741E0,-7.320840836E0,-1.354337573E0
4.480214067E2,6.315257072E0,-7.284948349E0,-1.355534077E0
4.485214067E2,6.547959328E0,-7.253243446E0,-1.362712502E0
4.490214067E2,6.031109333E0,-7.405188084E0,-5.503492355E-1
4.495214067E2,6.446264267E0,-7.428517818E0,-2.596212626E-1
4.500214067E2,6.748956203E0,-8.111668587E0,-2.033899166E-2
4.505214067E2,5.950351715E0,-7.797610760E0,-5.742774606E-1
4.510214067E2,6.086144447E0,-7.921439171E0,-2.392822690E-2
4.515214067E2,5.820540905E0,-7.690532207E0,-3.672982752E-1
4.520214067E2,5.916851997E0,-7.861618996E0,-2.093719840E-1
4.525214067E2,6.266204357E0,-7.789236069E0,2.632105052E-1
4.530214067E2,6.056832314E0,-7.783253670E0,5.144568533E-2
4.535214067E2,6.217749596E0,-8.089534760E0,3.960121572E-1
4.540214067E2,6.088537216E0,-7.744968891E0,3.876372576E-1
4.545214067E2,6.253043652E0,-7.816753387E0,5.916253924E-1
4.550214067E2,6.216553211E0,-7.669594765E0,1.800599098E-1
4.555214067E2,5.980261803E0,-7.622336388E0,-5.395814776E-1
4.560214067E2,6.370890141E0,-7.669594765E0,-2.518445849E-1
4.565214067E2,5.978467464E0,-7.569694519E0,-4.127619043E-2
4.570214067E2,6.157330990E0,-7.639684677E0,-1.531406492E-1
4.575214067E2,6.087340832E0,-7.719245911E0,-3.637090325E-1
4.580214067E2,5.809773445E0,-7.971688747E0,-5.282155871E-1
4.585214067E2,6.842276573E0,-6.956533432E0,-6.699903607E-1
4.590214067E2,6.066403389E0,-7.418946743E0,-5.539384484E-1
4.595214067E2,6.001199245E0,-7.336394310E0,-4.366901219E-1
4.600214067E2,6.203392506E0,-7.487740040E0,-1.008574724E0
4.605214067E2,6.200999737E0,-7.534400463E0,-5.204389095E-1
4.610214067E2,6.108277798E0,-7.786244869E0,-5.347958803E-1
4.615214067E2,6.056832314E0,-7.551748276E0,-6.987041831E-1
4.620214067E2,6.025127411E0,-7.604390144E0,-5.617151260E-1
4.625214067E2,6.191428661E0,-7.296912670E0,-5.611169338E-1
4.630214067E2,6.396613121E0,-7.511668682E0,-4.384847581E-1
4.635214067E2,6.411568165E0,-7.625327587E0,-3.475574851E-1
4.640214067E2,5.871986866E0,-7.622336388E0,-9.762716293E-1
4.645214067E2,6.206982136E0,-7.342376232E0,-8.410771489E-1
4.650214067E2,6.452844620E0,-7.530810833E0,-8.195417523E-1
4.655214067E2,6.208178520E0,-7.663612843E0,-9.589236975E-1
4.660214067E2,5.956932068E0,-7.535596848E0,-7.704889178E-1
4.665214067E2,6.198606968E0,-7.643871784E0,-1.123430252E0
4.670214067E2,6.286543369E0,-7.651050568E0,-6.616154313E-1
4.675214067E2,6.270989895E0,-7.338188648E0,-5.276173949E-1
4.680214067E2,6.586244106E0,-7.224529743E0,-1.140778184E0
4.685214067E2,6.325426579E0,-7.419544697E0,-7.956135273E-1
4.690214067E2,6.237490654E0,-7.605587006E0,-8.913264275E-1
4.695214067E2,6.086144447E0,-7.684549809E0,-7.226324677E-1
4.700214067E2,6.233901024E0,-7.529614449E0,-7.830511928E-1
4.705214067E2,6.366104603E0,-7.385447025E0,-6.592226624E-1
4.710214067E2,6.181857109E0,-7.395018578E0,-8.632107973E-1
4.715214067E2,6.294320107E0,-7.435098171E0,-8.105686903E-1
4.720214067E2,6.283552170E0,-7.512266636E0,-9.170492887E-1
4.725214067E2,6.211767673E0,-7.588238716E0,-9.924231768E-1
4.730214067E2,6.256632805E0,-7.400402069E0,-1.148554921E0
4.735214067E2,6.258427620E0,-7.516454220E0,-1.046261668E0
4.740214067E2,6.064609051E0,-7.733603001E0,-6.113662124E-1
4.745214067E2,6.138786316E0,-7.542177200E0,-8.452646136E-1
4.750214067E2,6.189633846E0,-7.667799950E0,-5.324030519E-1
4.755214067E2,6.410970211E0,-7.630113125E0,-4.229314029E-1
4.760214067E2,6.165107727E0,-7.704888821E0,-3.954139352E-1
4.765214067E2,5.918048382E0,-7.548757076E0,-7.483552694E-1
4.770214067E2,6.233901024E0,-7.601399422E0,-5.024927258E-1
4.775214067E2,5.951548100E0,-7.683951855E0,-5.264210105E-1
4.780214067E2,6.270391941E0,-7.581658363E0,-1.232303679E-1
4.785214067E2,5.831906796E0,-7.804191113E0,-5.228317380E-1
4.790214067E2,6.113063812E0,-7.596015453E0,-9.158528447E-1
4.795214067E2,6.284748554E0,-7.473383427E0,-1.661815286E0
4.800214067E2,6.211767673E0,-7.408178806E0,-1.644467354E0
4.805214067E2,6.172286034E0,-7.562515736E0,-1.657029629E0
4.810214067E2,6.332605362E0,-7.392027378E0,-1.155135155E0
4.815214067E2,5.938985825E0,-7.956733704E0,7.477571070E-2
4.820214067E2,6.195616245E0,-7.765905857E0,2.763710022E-1
4.825214067E2,5.693123341E0,-7.822735310E0,6.580262631E-2
4.830214067E2,5.361119270E0,-8.268398285E0,2.380858511E-1
4.835214067E2,5.469992638E0,-8.163114548E0,1.244267747E-1
4.840214067E2,5.296513081E0,-8.239086151E0,-1.513460279E-1
4.845214067E2,5.045864582E0,-8.190033913E0,-2.404786795E-1
4.850214067E2,5.340780258E0,-8.237292290E0,3.649054468E-2
4.855214067E2,5.169693470E0,-8.109873772E0,1.148554832E-1
4.860214067E2,5.586642742E0,-8.164310455E0,-2.949153781E-1
4.865214067E2,5.892325878E0,-8.358727455E0,-1.406979680E0
4.870214067E2,4.101297855E0,-8.781659126E0,-9.631111026E-1
4.875214067E2,4.986642361E0,-9.529416084E0,-2.773879766E0
4.880214067E2,5.472983360E0,-7.902296543E0,-5.150550604E-1
4.885214067E2,5.544768333E0,-7.855038643E0,-2.057827413E-1
4.890214067E2,4.996213913E0,-8.295317650E0,4.127619043E-2
4.895214067E2,5.117051125E0,-8.341380119E0,-3.990031779E-1
4.900214067E2,5.051846981E0,-8.465806961E0,-1.148554832E-1
4.905214067E2,4.938786030E0,-8.557929993E0,-1.304088384E-1
4.910214067E2,5.112864017E0,-8.300103188E0,-4.085744619E-1
4.915214067E2,5.326423168E0,-8.233104706E0,1.196411322E-3
4.920214067E2,5.053641319E0,-8.274380684E0,-1.208375469E-1
4.925214067E2,5.073980331E0,-8.384450912E0,-4.785645381E-2
4.930214067E2,5.264209747E0,-8.269595146E0,-3.349951804E-1
4.935214067E2,5.267200947E0,-8.285148621E0,-3.188436031E-1
4.940214067E2,5.174479008E0,-8.349156380E0,-1.692921966E-1
4.945214067E2,5.318048477E0,-8.177471161E0,-3.762713671E-1
4.950214067E2,5.200201988E0,-8.270791054E0,-9.870393574E-2
4.955214067E2,5.155336380E0,-8.245666504E0,-2.105683982E-1
4.960214067E2,5.289932728E0,-8.267800331E0,-2.333002090E-1
4.965214067E2,5.361119270E0,-8.119445801E0,-3.505485058E-1
4.970214067E2,5.369493961E0,-8.225327492E0,-2.165504545E-1
4.975214067E2,5.310271740E0,-8.170292854E0,-2.392822653E-1
4.980214067E2,5.306084156E0,-8.190033913E0,-2.362912297E-1
4.985214067E2,5.329414368E0,-8.208578110E0,-2.231307179E-1
4.990214067E2,5.362913609E0,-8.185248375E0,-2.171486616E-1
4.995214067E2,5.315057278E0,-8.209176064E0,-1.932204217E-1
5.000214067E2,5.341976643E0,-8.197810173E0,-1.944168359E-1
5.005214067E2,5.315057278E0,-8.177471161E0,-1.292124242E-1
5.010214067E2,5.370690346E0,-8.177471161E0,-2.745763958E-1
5.015214067E2,5.430510998E0,-8.170292854E0,-1.417747438E-1
5.020214067E2,5.441278458E0,-8.208578110E0,-1.549352705E-1
5.025214067E2,5.391627789E0,-8.146963120E0,-3.146561682E-1
5.030214067E2,5.350351334E0,-8.183453560E0,-2.620140910E-1
5.035214067E2,5.369493961E0,-8.169096947E0,-3.637090325E-1
5.040214067E2,5.435296535E0,-8.091329575E0,-2.213360965E-1
5.045214067E2,5.402993679E0,-8.105687141E0,-1.351944804E-1
5.050214067E2,4.903491974E0,-8.432307243E0,1.269990563E0
5.055214067E2,5.584847927E0,-8.209176064E0,2.165504545E-1
5.060214067E2,5.441278458E0,-8.237292290E0,8.973085135E-2
5.065214067E2,5.232504845E0,-8.636893272E0,4.654040039E-1
5.070214067E2,5.840281963E0,-8.029116631E0,2.344966233E-1
5.075214067E2,5.341976643E0,-8.333602905E0,-8.255238086E-2
5.080214067E2,5.538187981E0,-8.282156944E0,1.262213886E-1
5.085214067E2,5.231906891E0,-8.306683540E0,-6.329016089E-1
5.090214067E2,5.569294930E0,-7.964509964E0,-6.412764788E-1
5.095214067E2,4.833501816E0,-8.615956306E0,-1.854437590E-1
5.100214067E2,5.810969830E0,-7.854440212E0,-4.229314029E-1
5.105214067E2,4.994419098E0,-8.921639442E0,-1.232303679E-1
5.110214067E2,6.802196503E0,-7.025327206E0,2.650051117E-1
5.115214067E2,5.745765209E0,-8.922237396E0,-1.980060786E-1
5.120214067E2,4.590630054E0,-8.008178711E0,-8.213363886E-1
5.125214067E2,5.799005508E0,-8.325826645E0,7.591229677E-1
5.130214067E2,5.023731232E0,-8.687741280E0,6.777670383E-1
5.135214067E2,5.884549141E0,-8.398807526E0,5.521438122E-1
5.140214067E2,5.115854740E0,-8.548358917E0,1.896311939E-1
5.145214067E2,5.210371494E0,-8.389236450E0,8.135596663E-2
5.150214067E2,4.957928658E0,-7.607381344E0,4.947160780E-1
5.155214067E2,5.184648514E0,-8.488538742E0,2.214557409E0
5.160214067E2,4.541577339E0,-8.553742409E0,9.080761671E-1
5.165214067E2,8.743373871E0,-6.719046116E0,4.432703853E-1
5.170214067E2,6.095117569E0,-7.325626373E0,-1.681556106E0
5.175214067E2,5.794219971E0,-8.435297966E0,1.735394597E0
5.180214067E2,6.423532486E0,-7.865806103E0,7.226324677E-1
5.185214067E2,6.492326260E0,-7.782655716E0,-2.536391914E-1
5.190214067E2,5.176273346E0,-8.574680328E0,-6.580262631E-2
5.195214067E2,5.291129112E0,-7.992027760E0,1.101894855E0
5.200214067E2,5.899504185E0,-8.252246857E0,2.536391914E-1
5.205214067E2,5.720042706E0,-8.129614830E0,-1.482353687E0
5.210214067E2,5.763711452E0,-7.816154957E0,-3.912265003E-1
5.215214067E2,5.318646431E0,-8.277970314E0,-5.922235921E-2
5.220214067E2,5.509474277E0,-8.261219978E0,5.371887088E-1
5.225214067E2,5.112864017E0,-8.121239662E0,-6.460621357E-1
5.230214067E2,6.015556335E0,-7.918448448E0,-8.973085135E-2
5.235214067E2,5.256433010E0,-8.328219414E0,3.242274821E-1
5.240214067E2,5.331208706E0,-8.149953842E0,4.199403822E-1
5.245214067E2,5.050052166E0,-8.334799767E0,-4.558327198E-1
5.250214067E2,5.201996326E0,-8.141578674E0,1.902294010E-1
5.255214067E2,5.307280540E0,-8.344968796E0,2.907279432E-1
5.260214067E2,5.919843197E0,-7.870592117E0,-3.433700502E-1
5.265214067E2,5.506483078E0,-8.544171333E0,1.609173268E-1
5.270214067E2,5.186442852E0,-8.366504669E0,-9.571290761E-2
5.275214067E2,6.018547058E0,-7.496115208E0,-2.153540403E-1
5.280214067E2,5.245067120E0,-8.049455643E0,-4.959124923E-1
5.285214067E2,5.810969830E0,-7.789236069E0,-2.285145670E-1
5.290214067E2,5.492724419E0,-8.129016876E0,-4.660021961E-1
5.295214067E2,5.776273727E0,-7.893323898E0,-7.477571070E-2
5.300214067E2,6.387639999E0,-8.063812256E0,-1.061216831E0
5.305214067E2,6.240481377E0,-7.846663475E0,9.571290761E-2
5.310214067E2,5.688337803E0,-8.122436523E0,-1.070788130E-1
5.315214067E2,6.272784710E0,-7.898109436E0,2.859423161E-1
5.320214067E2,5.516652584E0,-8.074580193E0,-3.649054468E-2
5.325214067E2,5.410770416E0,-7.904091358E0,-1.722832322E-1
5.330214067E2,5.480760098E0,-8.089534760E0,-1.914258115E-2
5.335214067E2,5.758327484E0,-7.783253670E0,-1.064806059E-1
5.340214067E2,5.715256691E0,-7.945367813E0,-6.640082598E-1
5.345214067E2,5.717649937E0,-8.185248375E0,-1.471585929E-1
5.350214067E2,5.878567219E0,-8.356932640E0,-2.315055877E-1
5.355214067E2,5.682355404E0,-7.738388538E0,-4.420739710E-1
5.360214067E2,5.937789440E0,-7.735397339E0,-3.218346536E-1
5.365214067E2,5.717649937E0,-8.103892326E0,-2.745763958E-1
5.370214067E2,5.640480995E0,-8.176873207E0,-4.414757788E-1
5.375214067E2,5.868995667E0,-7.938189030E0,-8.015955985E-2
5.380214067E2,5.541777134E0,-7.942376614E0,-5.808576941E-1
5.385214067E2,5.606981754E0,-7.827520847E0,-1.226321608E-1
5.390214067E2,5.414359570E0,-7.919046402E0,5.599204898E-1
5.395214067E2,5.629713535E0,-7.998009682E0,-2.183450609E-1
5.400214067E2,5.851647854E0,-7.889734268E0,-9.750752151E-2
5.405214067E2,5.621936798E0,-7.722237110E0,-4.277170599E-1
5.410214067E2,6.072983742E0,-7.720442295E0,-2.374876440E-1
5.415214067E2,6.240481377E0,-7.652246952E0,-3.505485058E-1
5.420214067E2,6.146563053E0,-7.677969456E0,-4.055834413E-1
5.425214067E2,6.029912949E0,-7.630113125E0,-4.528416991E-1
5.430214067E2,5.868397713E0,-7.948956966E0,-8.452646136E-1
5.435214067E2,5.855835438E0,-7.852047443E0,9.391828626E-2
5.440214067E2,5.672784328E0,-7.808976650E0,-1.926222295E-1
5.445214067E2,6.196214199E0,-7.649255753E0,-3.463610709E-1
5.450214067E2,5.991627693E0,-7.627122402E0,-2.811566591E-1
5.455214067E2,5.941977024E0,-7.758727551E0,-4.277170599E-1
5.460214067E2,5.174479008E0,-8.246863365E0,-5.084748268E-1
5.465214067E2,6.133402824E0,-7.555337429E0,-7.322037220E-1
5.470214067E2,5.825326920E0,-7.680960655E0,-1.185643673E0
5.475214067E2,5.624927998E0,-7.698906898E0,-7.573283911E-1
5.480214067E2,6.033502102E0,-7.849654675E0,-3.780659735E-1
5.485214067E2,5.849853039E0,-7.896314621E0,-5.186443329E-1
5.490214067E2,5.845067501E0,-8.177471161E0,-1.244267747E-1
5.495214067E2,5.932405472E0,-7.794619560E0,-1.483550072E-1
5.500214067E2,5.931209087E0,-7.478767395E0,2.512463741E-2
5.505214067E2,5.844469070E0,-7.988438606E0,-5.084748194E-2
5.510214067E2,5.867201328E0,-7.926225185E0,1.034895778E-1
5.515214067E2,5.787041664E0,-7.896314621E0,-2.572284266E-2
5.520214067E2,5.824130535E0,-7.878368378E0,-7.058826834E-2
5.525214067E2,5.626722336E0,-7.959724426E0,-3.559323549E-1
5.530214067E2,5.417350292E0,-7.947760582E0,-2.309073806E-1
5.535214067E2,5.944967747E0,-7.824530125E0,-1.884347796E-1
5.540214067E2,6.022136211E0,-7.749155998E0,-4.606183618E-2
5.545214067E2,5.729613781E0,-7.874181271E0,-7.058826834E-2
5.550214067E2,6.009573936E0,-7.712665558E0,-4.486542568E-2
5.555214067E2,5.277370453E0,-8.033902168E0,-4.558327198E-1
5.560214067E2,5.994618893E0,-7.575676441E0,7.118647099E-1
5.565214067E2,5.658427238E0,-7.566105366E0,-1.067198873E0
5.570214067E2,6.273981094E0,-7.570890903E0,3.655036688E-1
5.575214067E2,5.661418438E0,-7.727620602E0,-4.175475538E-1
5.580214067E2,5.734997749E0,-7.861020565E0,-1.166501045E-1
5.585214067E2,5.767899036E0,-7.902296543E0,-1.591227055E-1
5.590214067E2,5.827719688E0,-8.009973526E0,1.214357466E-1
5.595214067E2,4.383651257E0,-8.962317467E0,-3.732803464E-1
5.600214067E2,4.414159775E0,-8.663812637E0,-6.448656917E-1
5.605214067E2,4.949553490E0,-8.623732567E0,1.531406492E-1
5.610214067E2,5.145765305E0,-8.306085587E0,2.093719877E-2
5.615214067E2,4.956732273E0,-8.272585869E0,2.105683982E-1
5.620214067E2,5.210371494E0,-8.215756416E0,4.785645287E-3
5.625214067E2,4.884349346E0,-8.069794655E0,-6.777670383E-1
5.630214067E2,5.322834015E0,-8.620741844E0,-8.279166222E-1
5.635214067E2,4.906482697E0,-8.386244774E0,-3.002992272E-1
5.640214067E2,5.396413326E0,-8.000402451E0,-2.584248483E-1
5.645214067E2,5.032704353E0,-8.309076309E0,1.423729509E-1
5.650214067E2,4.497310162E0,-7.875975609E0,-5.377869010E-1
5.655214067E2,5.539982796E0,-8.273183823E0,-2.093719840E-1
5.660214067E2,5.320441246E0,-8.231309891E0,1.549352705E-1
5.665214067E2,5.179862976E0,-8.395217896E0,6.221338734E-2
5.670214067E2,5.050052166E0,-8.134400368E0,6.041877344E-2
5.675214067E2,5.141577721E0,-8.052446365E0,-7.094719410E-1
5.680214067E2,5.614758492E0,-7.714460373E0,-9.224331379E-1
5.685214067E2,5.294718266E0,-8.108677864E0,-7.477570772E-1
5.690214067E2,5.356931686E0,-8.056035995E0,-3.798605800E-1
5.695214067E2,5.524429321E0,-8.186444283E0,-6.161518097E-1
5.700214067E2,5.580062389E0,-8.084151268E0,-3.589234054E-1
5.705214067E2,5.065007210E0,-8.116454124E0,-6.161518097E-1
5.710214067E2,5.857629776E0,-7.801798344E0,-1.154536963E0
5.715214067E2,5.624329567E0,-7.764111042E0,-9.475577474E-1
5.720214067E2,5.932405472E0,-7.799405575E0,-9.445667267E-1
5.725214067E2,5.496912003E0,-7.972885132E0,-6.478567123E-1
5.730214067E2,5.545366287E0,-7.886743546E0,-3.409772217E-1
5.735214067E2,5.739783287E0,-7.905886173E0,-4.307080805E-1
5.740214067E2,5.428716183E0,-8.110472679E0,-5.324030519E-1
5.745214067E2,5.669793129E0,-8.009973526E0,-3.768695593E-1
5.750214067E2,5.568696499E0,-8.044670105E0,-2.033899166E-2
5.755214067E2,5.466403484E0,-8.029116631E0,6.580262445E-3
5.760214067E2,5.363512039E0,-8.194221497E0,-7.591229677E-1
5.765214067E2,5.696712494E0,-7.957331657E0,-9.332008362E-1
5.770214067E2,5.753541946E0,-7.963313580E0,-5.730810165E-1
5.775214067E2,5.667400360E0,-8.062616348E0,-4.486542344E-1
5.780214067E2,5.902495384E0,-7.842476368E0,-5.551348329E-1
5.785214067E2,5.839683533E0,-8.000402451E0,-7.621139884E-1
5.790214067E2,5.647061348E0,-7.975875854E0,-2.422732860E-1
5.795214067E2,5.729613781E0,-8.072187424E0,-4.175475538E-1
5.800214067E2,5.685346603E0,-7.995018482E0,-4.510470629E-1
5.805214067E2,5.656632900E0,-7.895118237E0,-3.122633696E-1
5.810214067E2,5.617151260E0,-7.878966808E0,-7.160521746E-1
5.815214067E2,5.425725460E0,-8.159524918E0,-6.975077987E-1
5.820214067E2,5.634499073E0,-7.956733704E0,-9.601200819E-1
5.825214067E2,5.523830891E0,-8.003393173E0,-8.602197170E-1
5.830214067E2,5.711069584E0,-8.021938324E0,-1.066002488E0
5.835214067E2,5.854638577E0,-7.783253670E0,-8.650053740E-1
5.840214067E2,5.490929604E0,-7.972885132E0,-9.170492887E-1
5.845214067E2,5.629115105E0,-7.939385414E0,-1.022931695E0
5.850214067E2,5.370690346E0,-8.134400368E0,-1.022333503E0
5.855214067E2,5.809773445E0,-7.870592117E0,7.178468257E-2
5.860214067E2,5.370690346E0,-8.157731056E0,-5.730810165E-1
5.865214067E2,5.326423168E0,-8.215158463E0,-2.602194548E-1
5.870214067E2,5.521438122E0,-8.129614830E0,-2.572284266E-2
5.875214067E2,5.467001438E0,-8.178668022E0,-1.848455518E-1
5.880214067E2,5.521438122E0,-8.055437088E0,-2.219343036E-1
5.885214067E2,5.385047436E0,-8.102097511E0,-2.123630047E-1
5.890214067E2,5.876772404E0,-7.968099594E0,-3.140579760E-1
5.895214067E2,5.739185333E0,-8.041080475E0,-2.775674164E-1
5.900214067E2,5.610570908E0,-8.041678429E0,-3.481557071E-1
5.905214067E2,5.493920803E0,-8.038089752E0,-4.612165689E-1
5.910214067E2,5.559723377E0,-8.062616348E0,-3.672982752E-1
5.915214067E2,5.527420521E0,-8.033304214E0,-4.007977843E-1
5.920214067E2,5.699703693E0,-7.964509964E0,-3.888336718E-1
5.925214067E2,5.636293888E0,-8.029116631E0,-4.660021961E-1
5.930214067E2,5.519045353E0,-8.079963684E0,-3.906283081E-1
5.935214067E2,5.511867046E0,-8.060821533E0,-4.007977843E-1
5.940214067E2,5.552545071E0,-8.031509399E0,-3.702892959E-1
5.945214067E2,5.567500114E0,-8.015955925E0,-4.516452849E-1
5.950214067E2,5.616552830E0,-8.002795219E0,-3.924229145E-1
5.955214067E2,5.533402443E0,-8.007580757E0,-3.511467278E-1
5.960214067E2,5.499902725E0,-8.005187988E0,-4.271188378E-1
5.965214067E2,5.602196217E0,-8.086544037E0,-5.072783828E-1
5.970214067E2,5.669195175E0,-7.819744587E0,-5.760720372E-1
5.975214067E2,5.586642742E0,-7.998608112E0,-5.934200287E-1
5.980214067E2,5.608776093E0,-8.009973526E0,-4.947160780E-1
5.985214067E2,5.654838085E0,-7.953742504E0,-4.001995921E-1
5.990214067E2,5.672784328E0,-7.969295979E0,-4.941178858E-1
5.995214067E2,5.637490273E0,-8.017151833E0,-3.744767308E-1
6.000214067E2,5.664409637E0,-7.961519241E0,-4.001995921E-1
6.005214067E2,5.567500114E0,-8.023732185E0,-4.145565331E-1
6.010214067E2,5.684150219E0,-8.018946648E0,-4.498506486E-1
6.015214067E2,5.614758492E0,-7.977670670E0,-4.989035130E-1
6.020214067E2,5.617151260E0,-7.992027760E0,-4.899304509E-1
6.025214067E2,5.714060307E0,-7.981259823E0,-4.989035130E-1
6.030214067E2,5.658427238E0,-7.933403492E0,-4.642075896E-1
6.035214067E2,5.614758492E0,-7.987242222E0,-5.371887088E-1
6.040214067E2,5.654838085E0,-7.955537319E0,-4.719842672E-1
6.045214067E2,5.643472195E0,-7.995018482E0,-5.264210105E-1
6.050214067E2,5.586642742E0,-8.033304214E0,-5.132604837E-1
6.055214067E2,5.674578667E0,-7.971688747E0,-5.294120312E-1
6.060214067E2,5.641079426E0,-7.962117195E0,-4.630111754E-1
6.065214067E2,5.767899036E0,-7.939385414E0,-5.922235847E-1
6.070214067E2,5.861218929E0,-7.831110477E0,-4.767699242E-1
6.075214067E2,5.534000397E0,-7.940581799E0,-5.012963414E-1
6.080214067E2,5.895915031E0,-7.806583881E0,-2.410768867E-1
6.085214067E2,5.851049423E0,-7.697112083E0,-3.601198196E-1
6.090214067E2,5.979065418E0,-7.789834023E0,-5.102694035E-1
6.095214067E2,5.924628735E0,-7.545167923E0,-2.189432681E-1
6.100214067E2,5.255835056E0,-7.983652592E0,1.794616925E-3
6.105214067E2,5.873781204E0,-7.848458290E0,6.951149702E-1
6.110214067E2,6.411568165E0,-7.517052174E0,5.808576941E-1
6.115214067E2,6.064609051E0,-8.094321251E0,5.012963414E-1
6.120214067E2,5.463412285E0,-8.089534760E0,-4.851447940E-1
6.125214067E2,5.430510998E0,-8.036294937E0,-1.914258152E-1
6.130214067E2,5.583053589E0,-7.567899704E0,-7.836494446E-1
6.135214067E2,5.496912003E0,-7.934599876E0,-1.250249863E0
6.140214067E2,4.682155609E0,-9.808777809E0,4.833501875E-1
6.145214067E2,4.025924206E0,-9.229715347E0,3.428316593E0
6.150214067E2,3.370290756E0,-8.973084450E0,5.820540786E-1
6.155214067E2,1.953739643E0,-9.884152412E0,5.107480049E0
6.160214067E2,2.357528448E0,-9.955338478E0,1.866401732E-1
6.165214067E2,2.679961443E0,-9.390632629E0,1.068395257E0
6.170214067E2,2.244467735E0,-9.430712700E0,1.140179992E0
6.175214067E2,2.645265341E0,-9.025727272E0,1.577468276E0
6.180214067E2,2.555534601E0,-9.209376335E0,1.491326690E0
6.185214067E2,2.398804665E0,-9.355937004E0,1.871187329E0
6.190214067E2,2.128415823E0,-9.260223389E0,2.094916344E0
6.195214067E2,2.389831543E0,-8.879166603E0,2.775674343E0
6.200214067E2,2.050050735E0,-8.922237396E0,2.483749866E0
6.205214067E2,1.643270969E0,-9.421739578E0,2.331805706E0
6.210214067E2,1.343569875E0,-9.573084831E0,2.682952404E0
6.215214067E2,1.387837172E0,-9.381061554E0,2.528017044E0
6.220214067E2,1.503889084E0,-9.411569595E0,2.572882652E0
6.225214067E2,1.823330879E0,-9.177671432E0,2.727817774E0
6.230214067E2,1.752742529E0,-9.330213547E0,2.887538671E0
6.235214067E2,1.645065546E0,-9.413364410E0,3.045464993E0
6.240214067E2,1.814955950E0,-9.108279228E0,2.946761131E0
6.245214067E2,1.957328916E0,-9.123234749E0,2.603390932E0
6.250214067E2,1.306481123E0,-9.472586632E0,2.429911375E0
6.255214067E2,1.877767563E0,-9.238089561E0,2.054836512E0
6.260214067E2,1.536192179E0,-9.426525116E0,2.185843468E0
6.265214067E2,1.865205288E0,-9.266803741E0,1.989632010E0
6.270214067E2,1.765903115E0,-9.277571678E0,1.970489502E0
6.275214067E2,1.073180914E0,-9.574879646E0,2.049452543E0
6.280214067E2,1.036690354E0,-9.499505997E0,1.741974831E0
6.285214067E2,1.191625714E0,-9.384650230E0,2.039881229E0
6.290214067E2,1.127617717E0,-9.519845009E0,1.713261008E0
6.295214067E2,2.036890268E0,-1.012343407E1,8.530412912E-1
6.300214067E2,5.109274387E0,-1.100100231E1,-2.751746029E-2
6.305214067E2,9.646664619E0,-4.043870449E0,7.830511928E-1
6.310214067E2,1.063490009E1,-1.106680512E0,2.563909531E0
6.315214067E2,5.999404430E0,3.446861029E0,7.033103943E0
6.320214067E2,7.104888439E0,2.045265198E0,7.513463020E0
6.325214067E2,6.440282345E0,8.727820516E-1,7.214958668E0
6.330214067E2,5.118845940E0,6.526423693E-1,8.273183823E0
6.335214067E2,7.443472862E0,-6.927221417E-1,6.803991318E0
6.340214067E2,7.564310551E0,-1.271187067E0,6.334998131E0
6.345214067E2,7.269395351E0,-1.239482164E0,6.181857109E0
6.350214067E2,8.507680893E0,-2.630310297E0,4.666004181E0
6.355214067E2,8.930013657E0,-4.415356159E0,4.887340069E0
6.360214067E2,9.639486313E0,-6.131608009E0,-4.654040039E-1
6.365214067E2,1.467398453E1,-4.916652203E0,1.582253933E0
6.370214067E2,8.903095245E0,-4.566701889E0,-7.094719410E-1
6.375214067E2,7.208378315E0,5.138586760E-1,4.633700848E0
6.380214067E2,9.793225288E0,-3.914657831E0,6.909275651E-1
6.385214067E2,8.639286041E0,-5.042873859E0,1.652842283E0
6.390214067E2,8.892925262E0,-4.200600147E0,1.725823283E0
6.395214067E2,8.839086533E0,-4.216153622E0,2.104487419E0
6.400214067E2,9.347561836E0,-3.712464333E0,3.694518089E0
6.405214067E2,8.072187424E0,-3.178864956E0,3.963710785E0
6.410214067E2,7.954938889E0,-1.975275040E0,3.132802963E0
6.415214067E2,9.593423843E0,-1.788036704E0,3.798605919E0
6.420214067E2,9.253643036E0,-1.222134113E0,3.534797192E0
6.425214067E2,8.069794655E0,1.692921966E-1,4.085146427E0
6.430214067E2,9.483354568E0,-2.834298372E0,5.008776188E0
6.435214067E2,7.548757076E0,9.589236975E-1,3.549154282E0
6.440214067E2,9.914062500E0,-9.601200819E-1,4.887938499E0
6.445214067E2,8.816953659E0,-1.094716311E0,3.375076294E0
6.450214067E2,8.651249886E0,-1.414756417E0,3.989433527E0
6.455214067E2,9.526425362E0,-1.134197950E0,2.094916344E0
6.460214067E2,9.570094109E0,-4.143172264E0,3.180659533E0
6.465214067E2,7.366304398E0,-3.796213150E0,3.600599766E0
6.470214067E2,7.242475986E0,-3.201596737E0,2.955734253E0
6.475214067E2,9.067601204E0,-4.124029636E0,1.027717352E0
6.480214067E2,7.524230957E0,-4.745565414E0,1.487139225E0
6.485214067E2,9.504291534E0,-7.672585964E0,7.381857634E-1
6.490214067E2,8.618947029E0,-6.522834301E0,-5.808576941E-1
6.495214067E2,7.889734268E0,-6.145965099E0,1.127617717E0
6.500214067E2,7.384250641E0,-6.112465382E0,2.901297510E-1
6.505214067E2,7.658827305E0,-5.898906231E0,1.191625714E0
6.510214067E2,7.805387497E0,-5.675775528E0,1.137787223E0
6.515214067E2,7.443472862E0,-6.132206440E0,1.033699393E0
6.520214067E2,6.025127411E0,-6.387042046E0,9.667003751E-1
6.525214067E2,3.276372433E0,-8.274380684E0,9.379864931E-1
6.530214067E2,4.674378872E0,-7.904091358E0,2.426322222E0
6.535214067E2,8.665607452E0,-5.230710506E0,3.702294827E0
6.540214067E2,9.751350403E0,-4.198207378E0,2.255833626E0
6.545214067E2,9.084949493E0,-4.078566074E0,4.534398913E-1
6.550214067E2,9.623932838E0,-2.999403238E0,-7.932206988E-1
6.555214067E2,7.573882103E0,-6.216553211E0,-1.130608678E0
6.560214067E2,7.050451756E0,-6.309275150E0,-1.156929731E0
6.565214067E2,7.173682213E0,-6.900900364E0,2.183450609E-1
6.570214067E2,8.248658180E0,-5.956333637E0,5.425725579E-1
6.575214067E2,7.784450054E0,-6.473183632E0,-3.649054468E-2
6.580214067E2,7.730611801E0,-6.334399700E0,4.881358147E-1
6.585214067E2,7.907680511E0,-6.571887493E0,-1.704886109E-1
6.590214067E2,7.043273449E0,-6.477969170E0,-4.911268353E-1
6.595214067E2,6.538387775E0,-6.449853420E0,-9.774680734E-1
6.600214067E2,7.287341595E0,-6.414559364E0,-4.737788737E-1
6.605214067E2,7.328617573E0,-6.873383045E0,-8.297112584E-1
6.610214067E2,7.439883709E0,-6.741777897E0,2.715853751E-1
6.615214067E2,6.719046116E0,-6.460621357E0,-3.206382394E-1
6.620214067E2,7.146762848E0,-6.988238335E0,1.052841991E-1
6.625214067E2,7.395616531E0,-6.413960934E0,1.782652885E-1
6.630214067E2,7.274180889E0,-6.557530403E0,1.292124242E-1
6.635214067E2,6.134000778E0,-7.383054256E0,-2.027917206E-1
6.640214067E2,6.333203316E0,-7.585247993E0,-1.034895778E-1
6.645214067E2,6.415755749E0,-7.231110096E0,-7.058826834E-2
6.650214067E2,6.330212116E0,-7.363313675E0,-2.614158690E-1
6.655214067E2,6.318248272E0,-7.274180889E0,-3.553341627E-1
6.660214067E2,6.320641041E0,-7.262814999E0,-2.859423161E-1
6.665214067E2,6.671189308E0,-7.076174736E0,-2.273181453E-2
6.670214067E2,6.419344902E0,-7.262814999E0,9.272187948E-2
6.675214067E2,6.597609997E0,-6.863811970E0,-3.080759048E-1
6.680214067E2,5.923432350E0,-7.993822098E0,-5.156532526E-1
6.685214067E2,5.955137253E0,-7.782655716E0,-7.908278704E-1
6.690214067E2,5.737988472E0,-7.982456207E0,-1.009771109E0
6.695214067E2,5.808577061E0,-7.811967850E0,-1.245464206E0
6.700214067E2,5.564508915E0,-7.926225185E0,-1.252642632E0
6.705214067E2,5.586642742E0,-7.804191113E0,-1.611566067E0
6.710214067E2,5.103292465E0,-8.114660263E0,-1.239482164E0
6.715214067E2,5.132006168E0,-8.103892326E0,-1.625923038E0
6.720214067E2,5.069194794E0,-8.324031830E0,-1.233500123E0
6.725214067E2,5.166702271E0,-8.208578110E0,-7.914260626E-1
6.730214067E2,5.411368370E0,-7.899305820E0,-1.133001566E0
6.735214067E2,5.699703693E0,-8.215756416E0,-5.868397355E-1
6.740214067E2,5.665007591E0,-7.966304779E0,-5.467599630E-1
6.745214067E2,6.038288116E0,-7.958528042E0,-4.660021961E-1
6.750214067E2,5.787639618E0,-7.976474285E0,-5.712863803E-1
6.755214067E2,5.446064472E0,-8.169096947E0,-8.003991842E-1
6.760214067E2,5.473581791E0,-8.145168304E0,-9.343972206E-1
6.765214067E2,5.476572990E0,-8.053044319E0,-8.374879360E-1
6.770214067E2,5.519643784E0,-8.102097511E0,-8.482556343E-1
6.775214067E2,5.510072231E0,-7.920242786E0,-9.284151793E-1
6.780214067E2,5.621338367E0,-8.081160545E0,-9.828519225E-1
6.785214067E2,5.433502197E0,-8.046463966E0,-1.049252748E0
6.790214067E2,5.344369411E0,-8.243872643E0,-1.324427366E0
6.795214067E2,4.589433670E0,-8.341380119E0,-1.432702541E0
6.800214067E2,4.963910580E0,-7.886743546E0,-8.087740541E-1
6.805214067E2,5.074578762E0,-8.374878883E0,-6.843472719E-1
6.810214067E2,4.814359188E0,-8.519644737E0,-1.178465128E0
6.815214067E2,4.999204636E0,-8.522037506E0,-7.549355626E-1
6.820214067E2,4.710271358E0,-8.617152214E0,-6.891329288E-1
6.825214067E2,4.063013077E0,-9.175278664E0,-3.332005441E-1
6.830214067E2,4.770092010E0,-8.903095245E0,-8.374879137E-3
6.835214067E2,4.798207760E0,-8.822935104E0,-3.912265003E-1
6.840214067E2,4.401597023E0,-9.625128746E0,-6.125625968E-1
6.845214067E2,5.097908497E0,-7.211967468E0,-9.427721500E-1
6.850214067E2,7.704888821E0,-5.711069584E0,-2.477767944E0
6.855214067E2,6.306283951E0,-5.825326920E0,6.053841114E0
6.860214067E2,1.853241086E0,2.981456995E0,8.912666321E0
6.865214067E2,1.719243050E0,4.332803726E0,9.218349457E0
