"Time (s)","Gyroscope x (rad/s)","Gyroscope y (rad/s)","Gyroscope z (rad/s)"
2.683787530E-1,-6.137663722E-1,3.026835024E-1,3.750709891E-1
7.724831800E-1,-3.747655451E-1,2.519817278E-2,1.394298822E-1
1.276587295E0,-1.740506530E0,-1.196531415E0,-1.882990748E-1
1.780691149E0,-4.268417656E-1,-1.035110354E0,-1.536324978E0
2.284794847E0,4.810560048E-1,-7.067705393E-1,8.078686893E-2
2.788898232E0,5.044215918E-1,-5.009090900E-1,4.653262496E-1
3.293001305E0,1.774562150E-1,-9.178243577E-2,5.389354229E-1
3.797104014E0,3.619373739E-1,-6.530144215E-1,-8.933897316E-2
4.301206357E0,-9.773836471E-3,1.084284950E-2,-6.612611562E-2
4.805308389E0,-1.336266696E-1,6.246092543E-2,3.451386094E-2
5.309410159E0,6.856957078E-2,-1.104138121E-1,8.429934084E-2
5.813511305E0,7.101303339E-2,-7.544180006E-2,1.786779426E-2
6.317611878E0,-2.229656465E-2,-5.390881747E-2,4.825831577E-2
6.821711774E0,1.527161949E-4,2.504545636E-2,-1.328630932E-2
7.325811097E0,5.574141070E-2,-1.221729536E-2,-3.207040206E-2
7.829909899E0,-6.734783947E-2,3.451386094E-2,-1.924224012E-2
8.334008232E0,1.679878123E-2,1.908952370E-2,5.009091273E-2
8.838106149E0,-2.092211880E-2,3.802633286E-2,-4.489856213E-2
9.342203649E0,4.642572254E-2,-3.268126398E-2,1.069013402E-2
9.846300784E0,-4.810560122E-2,4.123337194E-2,-2.428187430E-2
1.035039745E1,-3.588830680E-2,5.467239767E-2,4.718930274E-2
1.085449354E1,5.650499370E-3,-1.374445762E-2,-8.552107029E-3
1.135858907E1,5.467239767E-2,3.176496923E-2,-3.390299529E-2
1.186268417E1,8.597921580E-2,-1.415679157E-1,-1.017089859E-1
1.236677870E1,2.484692484E-1,-3.970620930E-1,-1.756236330E-2
1.287087266E1,-1.156061590E-1,1.886045039E-1,-3.741546720E-2
1.337496620E1,-9.437860548E-2,2.173151523E-1,2.122755162E-2
1.387905959E1,2.138026757E-3,-1.313359290E-2,6.261364091E-3
1.438315297E1,-1.618791744E-2,-9.117157012E-2,3.970621154E-2
1.488724631E1,2.046396956E-2,2.040288299E-1,-2.632827163E-1
1.539133948E1,-1.331685185E-1,-5.528326333E-2,2.822195292E-1
1.589543245E1,-2.596175298E-3,8.063415438E-2,-1.033888608E-1
1.639952506E1,-7.971785218E-2,2.260199748E-2,3.497200832E-2
1.690361761E1,-6.719512492E-2,1.864664704E-1,1.649334840E-2
1.740771058E1,-5.390881747E-2,-5.115992576E-2,6.444623321E-2
1.791180469E1,1.450803876E-2,-4.337139800E-2,-9.636391699E-2
1.841590011E1,1.595884264E-1,-1.049160287E-1,2.565632015E-2
1.891999688E1,-4.367683083E-2,-1.072067693E-1,1.947131455E-1
1.942409443E1,9.865466505E-2,4.428769462E-3,6.108647678E-3
1.992819240E1,-1.131627038E-1,1.554650813E-1,7.406735420E-2
2.043229047E1,7.467821985E-2,-1.069013327E-1,-1.001818255E-1
2.093638865E1,-6.185005978E-2,2.458730713E-2,1.939495653E-2
2.144048667E1,2.733619884E-2,3.344484791E-2,-1.786779426E-2
2.194458448E1,-5.910116807E-2,3.054323979E-2,6.322450191E-2
2.244868193E1,1.041524485E-1,-4.291325063E-2,-8.170316368E-2
2.295277886E1,-4.963276163E-2,7.055488229E-2,-9.162971750E-3
2.345687516E1,-4.581485689E-2,9.987638891E-2,-4.734202102E-2
2.396097084E1,-2.748891478E-3,1.374445739E-3,5.772672221E-2
2.446506589E1,1.041524485E-1,-3.831649423E-1,-6.597339362E-2
2.496916047E1,7.925970852E-2,-1.941022873E-1,-3.130681813E-2
2.547325485E1,-3.359756200E-3,5.436696485E-2,-3.817904973E-3
2.597734912E1,-1.817322709E-2,8.414662629E-2,3.512472380E-3
2.648144318E1,4.123337101E-3,-5.039634649E-3,-8.246674202E-3
2.698553688E1,4.382954910E-2,-7.422006875E-2,-9.621120058E-3
2.748963011E1,-3.695731983E-2,8.536835015E-2,-2.901607752E-2
2.799372282E1,-3.955349326E-2,5.528326333E-2,5.070177838E-2
2.849781511E1,-2.809977904E-2,3.909534588E-2,3.466657549E-2
2.900190714E1,-3.863719851E-2,3.298669681E-2,1.786779426E-2
2.950599870E1,5.192350596E-3,-2.351829410E-2,2.275471389E-2
3.001008985E1,2.794706449E-2,-6.979130208E-2,7.834340632E-2
3.051418078E1,-5.787943676E-2,1.204930767E-1,-7.009673119E-2
3.101827136E1,-7.376192510E-2,3.633118272E-1,3.848448023E-2
3.152236146E1,-1.041524485E-1,-2.596175298E-2,1.111773923E-1
3.202645115E1,1.128572673E-1,-7.941242307E-3,-5.742128938E-2
3.253054032E1,4.734202102E-2,-8.216131479E-2,1.679878100E-3
3.303462912E1,2.060141414E-1,-1.191186346E-2,-1.385135949E-1
3.353871766E1,-4.886918236E-3,-1.679878100E-3,4.520399496E-2
3.404280604E1,-2.107483521E-2,6.108647678E-3,-2.397644334E-2
3.454689412E1,-1.007926930E-2,-8.552107029E-3,6.566796452E-3
3.505098198E1,7.330377586E-3,-7.376192510E-2,4.214967042E-2
3.555506953E1,-7.391463965E-2,-3.588830680E-2,9.376774728E-2
3.605915693E1,2.168569900E-2,1.832594350E-2,-1.195767820E-1
3.656324396E1,-1.027780026E-1,9.529490769E-2,8.384118974E-2
3.706733078E1,6.108647678E-3,-4.428769648E-2,-1.069013379E-3
3.757141730E1,1.374445762E-2,2.641990222E-2,-1.771507785E-2
3.807550360E1,-5.390881747E-2,1.372918636E-1,-1.771507785E-2
3.857958980E1,-6.566796452E-3,-1.435532235E-2,-9.315688163E-3
3.908367584E1,-5.299251899E-2,1.603520103E-2,9.407317638E-2
3.958776177E1,5.100720748E-2,9.346231073E-2,-1.029307172E-1
4.009184756E1,-7.635809481E-2,7.452550530E-2,8.399390429E-2
4.059593313E1,2.748891525E-2,1.282816008E-2,5.955931731E-3
4.110001865E1,-7.284562290E-2,8.292489499E-2,7.987056673E-2
4.160410412E1,-1.111773923E-1,2.759581506E-1,-2.904661894E-1
4.210818964E1,-3.848448023E-2,-8.414662629E-2,5.314523578E-1
4.261227516E1,5.986474827E-2,7.070759684E-2,-3.501782417E-1
4.311636089E1,-1.748600453E-1,2.501491308E-1,1.899789423E-1
4.362044667E1,-1.435532235E-2,1.663079411E-1,-9.086613357E-2
4.412453245E1,-9.880737960E-2,6.750056148E-2,4.505127668E-2
4.462861813E1,-1.366809905E-1,2.521344423E-1,1.035415828E-1
4.513270355E1,-1.131627038E-1,2.675587833E-1,-1.267544460E-2
4.563678865E1,-1.379027218E-1,2.643517256E-1,-2.076940238E-2
4.614087381E1,-1.676823795E-1,3.698786199E-1,7.880155742E-2
4.664495886E1,-6.872228533E-2,1.044578776E-1,-3.176496923E-2
4.714904386E1,-1.007926911E-1,2.179260105E-1,-4.077522457E-2
4.765312875E1,-9.422589093E-2,1.826485693E-1,1.485928595E-1
4.815721360E1,1.808159798E-1,-4.224129915E-1,-6.785180569E-1
4.866129839E1,-2.477056682E-1,4.543306828E-1,4.550942481E-1
4.916538323E1,8.200860023E-2,-4.662425518E-1,-1.455385387E-1
4.966946802E1,2.208276242E-1,1.383608729E-1,-2.037234008E-1
5.017355245E1,-1.678351015E-1,-1.797469556E-1,2.333503515E-1
5.067763662E1,3.486510813E-1,1.094975099E-1,-1.307250559E-1
5.118172063E1,-1.288924664E-1,1.792888194E-1,1.534797698E-1
5.168580453E1,-5.574141070E-2,-6.444623321E-2,2.095266134E-1
5.218988849E1,-8.826996386E-2,3.756818548E-2,-9.926552325E-2
5.269397256E1,-4.398226365E-2,5.910116807E-2,-6.719512399E-3
5.319805651E1,-3.573558852E-2,1.519526094E-1,-1.233946830E-1
5.370214011E1,-1.374445739E-3,-4.382954910E-2,-5.925388262E-2
5.420622305E1,6.093376130E-2,-5.360338464E-2,1.542433538E-2
5.471030633E1,-1.117882580E-1,-8.093958721E-3,1.003345400E-1
5.521438951E1,2.443459071E-2,1.453858167E-1,-3.237583488E-2
5.571847264E1,-9.468403645E-3,-1.353065521E-1,-7.651081681E-2
5.622255571E1,-3.940077871E-2,7.452550530E-2,8.964440972E-2
5.672663873E1,4.505127668E-2,3.069595434E-2,-1.015562713E-1
5.723072165E1,2.977965772E-2,-6.643154472E-2,1.664606482E-2
5.773480441E1,2.138026804E-2,-2.947422490E-2,4.581485991E-4
5.823888706E1,-7.223475724E-2,5.803215504E-2,3.741546720E-2
5.874296962E1,-5.513054505E-2,1.327103674E-1,-2.535088919E-2
5.924705196E1,-2.260199748E-2,-1.985310577E-3,-1.832594350E-2
5.975113415E1,1.038470119E-2,-4.948004708E-2,2.550360374E-2
6.025521623E1,-2.290742937E-3,5.757400393E-2,-7.544180006E-2
6.075929831E1,-7.147117704E-2,6.811141968E-2,6.918043643E-2
6.126338040E1,-3.817904973E-3,-8.826996386E-2,1.148425788E-1
6.176746243E1,1.679878086E-1,-2.021962404E-1,-2.110537887E-1
6.227154430E1,-3.069595434E-2,8.888082206E-2,3.649916872E-2
6.277562607E1,-1.423314959E-1,5.024362728E-2,7.208204269E-2
6.327970774E1,-4.153880477E-2,5.222893879E-2,-4.413498193E-2
6.378378925E1,2.703076601E-2,-6.368265301E-2,-1.175914705E-2
6.428787076E1,-2.290742844E-2,1.527161989E-2,3.588830680E-2
6.479195227E1,3.390299529E-2,3.985892609E-2,-5.115992576E-2
6.529603394E1,-1.069013379E-3,-1.038470119E-2,3.161225095E-2
6.580011576E1,5.222893879E-2,-8.200860023E-2,-2.321286127E-2
6.630419774E1,4.581485991E-4,-1.496618707E-2,-8.399390616E-3
6.680827993E1,-2.260199748E-2,4.230238497E-2,-4.734201822E-3
6.731236222E1,-3.848448023E-2,3.588830680E-2,3.833176568E-2
6.781644456E1,7.467821985E-2,-1.032361463E-1,-3.604102135E-2
6.832052686E1,6.108647794E-4,-1.527161989E-2,3.207040206E-2
6.882460894E1,-1.298087649E-2,6.429351866E-2,-5.238165334E-2
6.932869081E1,-7.192932814E-2,7.513637096E-2,5.940660089E-2
6.983277248E1,7.635809947E-3,-3.955349326E-2,-1.435532235E-2
7.033685383E1,8.704823442E-3,-2.932151034E-2,-2.535088919E-2
7.084093503E1,-3.756818548E-2,1.557705179E-2,6.902772188E-2
7.134501597E1,3.420842811E-2,-2.641990222E-2,-3.970621154E-2
7.184909675E1,2.840521187E-2,-1.649334840E-2,-1.069013402E-2
7.235317743E1,-1.069013402E-2,3.833176568E-2,3.359756200E-3
7.285725795E1,3.695731983E-2,-2.580903657E-2,-1.832594350E-2
7.336133842E1,-2.886336111E-2,1.282816008E-2,1.664606482E-2
7.386541889E1,-1.786779426E-2,3.466657549E-2,3.817904973E-3
7.436949936E1,7.024944760E-3,-1.145371422E-2,-1.557705179E-2
7.487357998E1,9.773836471E-3,-4.428769462E-3,-3.817904973E-3
7.537766066E1,-2.565632015E-2,3.313941509E-2,3.054323839E-3
7.588174159E1,3.817904973E-3,-1.374445739E-3,-4.581485875E-3
7.638582269E1,3.054323897E-4,1.557705179E-2,-1.038470119E-2
7.688990368E1,-6.017018110E-2,7.727439702E-2,1.710421406E-2
7.739398425E1,-1.007926930E-2,1.252272818E-2,-1.740964688E-2
7.789806451E1,-1.511890348E-2,4.581485875E-3,-1.679878100E-3
7.840214446E1,1.740964688E-2,-2.412915789E-2,4.581485875E-3
7.890622404E1,2.596175298E-2,-3.649916872E-2,-8.704823442E-3
7.941030316E1,-1.802051067E-2,1.343902480E-2,4.886918236E-3
7.991438196E1,2.199113183E-2,-2.916879393E-2,-1.649334840E-2
8.041846060E1,-7.635809598E-4,1.282816008E-2,-2.290742937E-3
8.092253946E1,2.138026757E-3,4.276053514E-3,-3.054323897E-4
8.142661904E1,-3.665188793E-3,-4.886918236E-3,5.192350596E-3
8.193069962E1,2.092211880E-2,-1.802051067E-2,4.428769462E-3
8.243478097E1,-4.382954910E-2,4.978547990E-2,4.581485875E-3
8.293886316E1,7.024944760E-3,-2.932151034E-2,-2.138026757E-3
8.344294602E1,3.008509055E-2,-2.168569900E-2,-8.093958721E-3
8.394702946E1,-8.857538924E-3,8.399390616E-3,5.650499370E-3
8.445111337E1,4.276053514E-3,-8.552107029E-3,3.665188793E-3
8.495519743E1,3.237583488E-2,-4.718930274E-2,-1.130099874E-2
8.545928186E1,-4.886918236E-3,-7.635809598E-4,1.374445762E-2
8.596336659E1,3.054323839E-3,4.123337101E-3,8.704823442E-3
8.646745222E1,-4.276053514E-3,3.039052337E-2,-7.788525894E-3
8.697153899E1,-3.451386094E-2,4.627300799E-2,-1.359174121E-2
8.747562696E1,-4.948004708E-2,1.557705179E-2,-6.490438432E-2
8.797971628E1,2.718348242E-2,-1.072067693E-1,4.810560122E-2
8.848380675E1,4.321868345E-2,1.053741761E-2,-4.184423760E-2
8.898789816E1,1.081230640E-1,4.825831577E-2,3.527744114E-2
8.949199045E1,-1.175914705E-2,-3.471239209E-1,1.096502244E-1
8.999608284E1,1.441640854E-1,1.345429718E-1,-2.067777216E-1
9.050017519E1,-2.469420880E-1,1.325576603E-1,2.924515009E-1
9.100426732E1,-1.046105921E-1,2.272416949E-1,-3.584249020E-1
9.150835904E1,-3.006981909E-1,3.460549116E-1,3.355174661E-1
9.201245019E1,3.252854943E-2,-1.481347084E-1,-6.688969582E-2
9.251654055E1,1.241582632E-1,-2.246455252E-1,-3.375028074E-2
9.302063029E1,1.798996776E-1,-2.000582218E-1,-2.886336111E-2
9.352471915E1,4.505127668E-2,-1.091920808E-1,-1.221729536E-2
9.402880706E1,3.207040019E-3,1.649334840E-2,-1.527161920E-3
9.453289415E1,-0.000000000E0,2.443459071E-2,-2.748891478E-3
9.503698040E1,-1.740964688E-2,1.878409274E-2,1.588248461E-2
9.554106581E1,-4.886918236E-3,1.817322709E-2,3.054323897E-4
9.604515045E1,1.069013379E-3,7.941242307E-3,-5.650499370E-3
9.654923441E1,1.053741761E-2,-3.375028074E-2,7.177661173E-3
9.705331784E1,7.342594862E-1,-1.821904182E-1,-7.680097222E-1
9.755740076E1,-4.625773430E-1,-4.465421438E-1,-4.489856213E-2
9.806148321E1,-1.046105921E-1,-6.459894776E-2,1.330158114E-1
9.856556514E1,5.085449293E-2,-1.250745654E-1,2.151771188E-1
9.906964649E1,1.380554438E-1,6.414080411E-2,-1.789833754E-1
9.957372727E1,3.327685893E-1,3.869828284E-1,3.969093859E-1
1.000778076E2,-2.283107042E-1,5.986474827E-2,5.441278219E-1
1.005818876E2,2.458730713E-2,7.544180006E-2,4.245510325E-2
1.010859675E2,-4.367683083E-2,5.650499370E-3,-5.192350596E-2
1.015900473E2,-3.970621154E-3,9.162971750E-3,-3.161225095E-2
1.020941268E2,-1.298087649E-2,2.214384824E-2,-2.901607752E-2
1.025982060E2,-4.276053514E-3,9.162971983E-4,-3.054323839E-3
1.031022848E2,-1.985310577E-3,-1.527161920E-3,-1.878409274E-2
1.036063634E2,-5.192350596E-3,3.054323839E-3,-1.450803876E-2
1.041104415E2,4.734201822E-3,-1.404988952E-2,-9.468403645E-3
1.046145193E2,-2.535088919E-2,3.970621154E-3,-1.481347065E-2
1.051185968E2,-1.466075517E-2,-6.108647794E-4,-2.626718581E-2
1.056226740E2,-6.261364091E-3,1.527161949E-4,-2.748891478E-3
1.061267511E2,1.679878100E-3,-5.955931731E-3,-1.099556591E-2
1.066308279E2,-3.970621154E-3,2.748891478E-3,-1.130099874E-2
1.071349044E2,-6.872228812E-3,2.290742844E-2,-1.970038936E-2
1.076389807E2,-4.382954910E-2,4.657844082E-2,1.404988952E-2
1.081430565E2,-1.634063199E-2,2.031125315E-2,-1.404988952E-2
1.086471321E2,-2.260199748E-2,-5.497782957E-3,1.466075517E-2
1.091512074E2,9.773836471E-3,-1.069013379E-3,-2.153298259E-2
1.096552823E2,-0.000000000E0,-6.566796452E-3,-1.145371422E-2
1.101593568E2,-1.175914705E-2,1.679878100E-3,6.108647794E-4
1.106634309E2,1.374445762E-2,-1.053741761E-2,-6.566796452E-3
1.111675047E2,-2.290742937E-3,6.566796452E-3,6.719512399E-3
1.116715783E2,1.572976820E-2,-8.093958721E-3,1.527161949E-4
1.121756515E2,7.788525894E-3,-1.252272818E-2,2.901607659E-3
1.126797245E2,2.550360374E-2,-3.588830680E-2,7.177661173E-3
1.131837971E2,1.221729559E-3,-1.221729559E-3,-6.566796452E-3
1.136878694E2,-1.160643063E-2,2.748891478E-3,-3.115410358E-2
1.141919415E2,-1.282816008E-2,1.634063199E-2,-1.832594397E-3
1.146960132E2,3.512472380E-3,4.123337101E-3,-4.581485991E-4
1.152000846E2,9.162971750E-3,-1.832594397E-3,1.527161989E-2
1.157041557E2,2.214384824E-2,-5.039634649E-3,3.512472380E-3
1.162082266E2,-3.970621154E-3,2.153298259E-2,-2.031125315E-2
1.167122971E2,-2.138026757E-3,-1.404988952E-2,1.481347065E-2
1.172163674E2,6.994401664E-2,-1.243109852E-1,3.359756246E-2
1.177204373E2,-1.458439678E-1,-4.993819445E-2,-9.621120058E-3
1.182245071E2,-2.023489624E-1,3.451386094E-1,9.071341902E-2
1.187285767E2,3.124573231E-1,-4.670061171E-1,-1.055268943E-1
1.192326462E2,3.265072107E-1,-3.782780170E-1,-1.634063199E-2
1.197367156E2,-2.519817278E-2,-9.056070447E-2,-2.977965772E-2
1.202407849E2,3.741546720E-2,-9.728021920E-2,8.643736690E-2
1.207448540E2,-1.258381456E-1,2.261726856E-1,2.762635946E-1
1.212489230E2,-2.626718581E-2,3.878991306E-2,4.917461425E-2
1.217529918E2,-8.643736690E-2,1.632536054E-1,1.186604798E-1
1.222570605E2,-2.550360374E-2,2.814559340E-1,3.359756200E-3
1.227611291E2,-1.971566081E-1,3.397935331E-1,5.467239767E-2
1.232651977E2,-5.109884143E-1,4.893026948E-1,-5.277871490E-1
1.237692662E2,-6.154462695E-2,2.228129357E-1,3.932442069E-1
1.242733347E2,1.788306683E-1,-1.973093301E-1,-2.357937992E-1
1.247774039E2,2.521344423E-1,-2.295324355E-1,1.502727419E-1
1.252814743E2,3.054323792E-1,-7.018836141E-1,-2.211330533E-1
1.257855462E2,4.474584386E-2,-5.665770918E-2,1.084284950E-2
1.262896196E2,2.550360374E-2,5.009091273E-2,-1.847865991E-2
1.267936947E2,7.330377586E-3,2.290742844E-2,-3.543015569E-2
1.272977711E2,-3.741546720E-2,3.940077871E-2,1.847865991E-2
1.278018483E2,-2.229656465E-2,5.192350596E-3,-2.397644334E-2
1.283059258E2,-2.061668597E-2,-1.389717404E-2,1.527161949E-4
1.288100036E2,-9.162971983E-4,1.237001177E-2,3.817904973E-3
1.293140811E2,3.359756200E-3,1.252272818E-2,-9.621120058E-3
1.298181582E2,3.084867075E-2,-7.574722916E-2,6.337722391E-2
1.303222350E2,-8.093958721E-3,4.428769462E-3,7.147117704E-2
1.308263111E2,-1.226311028E-1,4.657844082E-2,-2.748891525E-2
1.313303866E2,-1.469129771E-1,1.713475734E-1,8.399390616E-3
1.318344614E2,8.399390616E-3,4.428769462E-3,6.505709887E-2
1.323385354E2,-8.399390616E-3,1.075121984E-1,-7.101303339E-2
1.328426086E2,1.328630932E-2,-2.153298259E-2,4.795288667E-2
1.333466811E2,1.528689116E-1,-4.428769648E-2,-1.094975099E-1
1.338507529E2,2.412915789E-2,1.435532235E-2,-5.803215317E-3
1.343548241E2,-7.635809598E-4,-4.016435891E-2,-3.344484791E-2
1.348588949E2,-5.039634649E-3,-2.840521187E-2,1.084284950E-2
1.353629653E2,5.314523727E-2,-1.664606482E-2,1.527161949E-4
1.358670353E2,8.048143238E-2,-4.963276163E-2,-3.069595434E-2
1.363711049E2,4.031707719E-2,-6.215549260E-2,1.282816008E-2
1.368751742E2,-1.237001177E-2,-5.345067009E-3,2.611446939E-2
1.373792432E2,-1.802051067E-2,2.382372692E-2,2.748891478E-3
1.378833118E2,1.634063199E-2,2.932151034E-2,-1.771507785E-2
1.383873802E2,-4.033234715E-1,2.443459183E-1,-2.428187430E-2
1.388914482E2,-5.141954422E-1,7.948877811E-1,1.024725661E-1
1.393955158E2,-1.846338809E-1,3.329212964E-1,6.307178736E-2
1.398995832E2,-4.080576599E-1,5.076286197E-1,3.894263133E-2
1.404036501E2,-1.345429718E-1,1.892153621E-1,6.230820715E-2
1.409077166E2,-1.296560466E-1,-9.376774728E-2,-5.421425030E-2
1.414117828E2,-7.864884287E-2,5.054906011E-2,5.803215504E-2
1.419158488E2,-1.623373181E-1,2.820668221E-1,-7.376192510E-2
1.424199147E2,-3.318522871E-1,5.106829405E-1,3.924806044E-2
1.429239805E2,1.543960720E-1,-2.816086709E-1,7.192932814E-2
1.434280462E2,7.403681278E-1,-1.251051068E0,-2.997818887E-1
1.439321117E2,1.824958473E-1,1.282816008E-2,-5.131264031E-2
1.444361771E2,-1.933387071E-1,3.860665262E-1,1.656970680E-1
1.449402424E2,3.353647590E-1,-5.532907844E-1,-8.720094711E-2
1.454443076E2,2.551887631E-1,-2.654207349E-1,-2.015853859E-2
1.459483727E2,-4.382954910E-2,1.571449637E-1,1.114828214E-1
1.464524376E2,2.922987938E-1,-6.239983439E-1,-1.882990748E-1
1.469565024E2,2.596175373E-1,-1.679878086E-1,1.343902480E-2
1.474605672E2,-2.547306120E-1,1.621845961E-1,1.724165827E-1
1.479646318E2,-1.985310577E-3,2.871064469E-2,-9.040798992E-2
1.484686963E2,8.872810751E-2,-1.116355360E-1,2.199113183E-2
1.489727607E2,1.835648715E-1,-3.646862805E-1,-5.451968312E-2
1.494768251E2,-3.665188793E-3,4.612028971E-2,2.046396956E-2
1.499808893E2,2.535088919E-2,7.284562290E-2,-7.605266571E-2
1.504849533E2,-7.040216774E-2,1.608101577E-1,1.003345400E-1
1.509890171E2,-1.206457894E-2,-1.038470119E-2,-3.497200832E-2
1.514930806E2,5.039634649E-3,-2.275471389E-2,-4.886918236E-3
1.519971437E2,2.794706449E-2,-7.330377586E-3,-6.719512399E-3
1.525012066E2,-3.039052337E-2,3.115410358E-2,4.077522457E-2
1.530052692E2,5.421425030E-2,-6.078104675E-2,-1.878409274E-2
1.535093315E2,-5.818486959E-2,7.360920310E-2,1.160643063E-2
1.540133934E2,6.108647678E-3,-4.276053514E-3,-1.572976820E-2
1.545174551E2,-2.565632015E-2,3.191768378E-2,-6.414080039E-3
1.550215165E2,-1.175914705E-2,1.878409274E-2,9.468403645E-3
1.555255777E2,-1.664606482E-2,2.672533318E-2,3.512472380E-3
1.560296388E2,3.726275265E-2,-3.054323979E-2,-2.748891478E-3
1.565336996E2,-2.504545636E-2,2.641990222E-2,-2.779434808E-2
1.570377601E2,-4.428769648E-2,-1.863137633E-2,4.993819445E-2
1.575418206E2,-1.450803876E-2,-1.618791744E-2,-3.665188793E-3
1.580458811E2,2.107483521E-2,-1.466075517E-2,3.970621154E-3
1.585499415E2,-1.679878123E-2,1.817322709E-2,1.832594350E-2
1.590540017E2,1.527161949E-4,-1.985310577E-2,-9.162971750E-3
1.595580617E2,-8.552107029E-3,8.093958721E-3,-2.580903657E-2
1.600621216E2,-1.970038936E-2,2.183841541E-2,9.315688163E-3
1.605661815E2,2.443459118E-3,-4.444041103E-2,2.764163166E-2
1.610702415E2,1.044578776E-1,-2.678641975E-1,-5.619955808E-2
1.615743018E2,2.871064469E-2,-2.029598206E-1,3.695731983E-2
1.620783631E2,-7.223475724E-2,1.003345400E-1,-2.657261863E-2
1.625824257E2,-6.536252797E-2,6.001746282E-2,4.108065739E-2
1.630864897E2,-3.191768378E-2,4.092793912E-2,-9.315688163E-3
1.635905551E2,4.581485875E-3,-2.183841541E-2,-5.604684353E-2
1.640946213E2,-1.527161920E-3,2.932151034E-2,3.619373962E-2
1.645986883E2,6.979130208E-2,-7.254019380E-2,-7.360920310E-2
1.651027560E2,1.014035568E-1,-1.478292793E-1,-1.899789423E-1
1.656068244E2,-1.191186346E-2,-1.658497900E-1,1.715002805E-1
1.661108931E2,1.939495653E-1,-2.263254076E-1,-3.683514595E-1
1.666149621E2,2.932151034E-2,-6.200277433E-2,2.021962404E-1
1.671190313E2,2.551887631E-1,-3.706422150E-1,-2.362519503E-1
1.676231004E2,1.000291109E-1,-4.123337194E-2,-5.497783050E-2
1.681271696E2,1.145371497E-1,8.857538924E-3,-1.744018942E-1
1.686312390E2,1.516471803E-1,-2.623664141E-1,1.030834317E-1
1.691353087E2,1.727220118E-1,-1.517999023E-1,-6.154462695E-2
1.696393789E2,2.122755051E-1,-2.950477004E-1,-3.695731983E-2
1.701434498E2,1.666133702E-1,-1.769980639E-1,-6.093376130E-2
1.706475214E2,1.424842030E-1,-4.105011225E-1,7.620538026E-2
1.711515943E2,1.886045039E-1,-2.541197538E-1,-1.382081509E-1
1.716556686E2,-2.722929716E-1,4.517345130E-1,2.541197538E-1
1.721597442E2,1.345429718E-1,-1.514944583E-1,-1.156061590E-1
1.726638207E2,-4.886918142E-2,7.666353136E-2,2.365573794E-1
1.731678976E2,4.703658819E-2,-3.619373962E-2,-1.165224537E-1
1.736719747E2,-3.344484791E-2,-3.512472380E-3,-7.819069177E-2
1.741760519E2,-1.262962967E-1,2.806923687E-1,8.659008145E-2
1.746801291E2,3.588830680E-2,2.565632015E-2,-6.597339362E-2
1.751842062E2,3.436114267E-2,-8.032871783E-2,1.939495653E-2
1.756882832E2,1.072067693E-1,-1.536324918E-1,-1.020144150E-1
1.761923600E2,-9.636391699E-2,6.734783947E-2,1.140789986E-1
1.766964365E2,7.757982612E-2,-1.099556591E-2,-9.544762224E-2
1.772005129E2,-2.046396956E-2,1.466075517E-2,4.245510325E-2
1.777045887E2,7.162389904E-2,-4.688387364E-2,-4.581485689E-2
1.782086643E2,-2.657261863E-2,4.459312931E-2,2.321286127E-2
1.787127395E2,-7.024945319E-2,1.739437431E-1,-2.947422490E-2
1.792168145E2,3.970621154E-3,1.664606482E-2,2.596175298E-2
1.797208890E2,-9.376774728E-2,6.078104675E-2,2.626718581E-2
1.802249634E2,6.261364091E-3,-2.138026757E-3,-6.337722391E-2
1.807290375E2,8.399390429E-2,-1.279761642E-1,-9.926552884E-3
1.812331116E2,3.833176568E-2,-7.238747925E-2,1.343902480E-2
1.817371858E2,-3.970621154E-2,1.149952933E-1,-5.513054505E-2
1.822412599E2,-4.337139800E-2,7.681624591E-2,6.582067907E-2
1.827453342E2,1.171333194E-1,-8.628465235E-2,-2.351829410E-2
1.832494085E2,9.453132749E-2,-1.133154184E-1,-8.552107029E-3
1.837534830E2,5.314523727E-2,-7.574722916E-2,-3.268126398E-2
1.842575575E2,-1.084284950E-2,3.970621154E-2,9.315688163E-3
1.847616322E2,1.389717404E-2,-1.521053314E-1,1.463021189E-1
1.852657071E2,-2.138026804E-2,2.254091054E-1,-7.299833745E-2
1.857697819E2,-6.337722391E-2,-2.147189677E-1,2.138026804E-2
1.862738565E2,-1.267544460E-2,-1.685986817E-1,4.795288667E-2
1.867779309E2,-8.826996386E-2,3.249800503E-1,-1.145371422E-2
1.872820050E2,-1.102610901E-1,-2.199113183E-2,7.406735420E-2
1.877860788E2,9.392046183E-2,1.487455666E-1,-1.763872057E-1
1.882901522E2,-2.672533318E-2,-3.023780696E-2,7.620538026E-2
1.887942255E2,6.307178736E-2,-7.116574794E-2,-1.328630932E-2
1.892982984E2,2.916879393E-2,-5.543597788E-2,-6.719512399E-3
1.898023710E2,6.948586553E-2,4.321868345E-2,6.047561392E-2
1.903064434E2,-7.925970852E-2,1.437059343E-1,8.628465235E-2
1.908105157E2,7.131846249E-2,-1.067486182E-1,-7.757982612E-2
1.913145876E2,6.918043643E-2,-9.758564830E-2,-2.596175298E-3
1.918186595E2,-2.993237413E-2,4.016435891E-2,-2.214384824E-2
1.923227310E2,1.527161920E-3,-9.315688163E-3,-2.748891478E-3
1.928268024E2,5.253437161E-2,-6.429351866E-2,-1.939495653E-2
1.933308737E2,-3.497200832E-2,4.016435891E-2,-1.313359290E-2
1.938349447E2,7.635809598E-4,-1.099556591E-2,-3.176496923E-2
1.943390155E2,-2.687804960E-2,2.519817278E-2,1.527161989E-2
1.948430861E2,9.162971750E-3,1.069013402E-2,2.535088919E-2
1.953471566E2,5.192350596E-3,-1.359174121E-2,2.306014486E-2
1.958512271E2,2.871064469E-2,1.740964688E-2,1.282816008E-2
1.963552976E2,-1.165224537E-1,1.120936871E-1,6.108647794E-4
1.968593682E2,-8.552107215E-2,9.605848789E-2,2.718348242E-2
1.973634387E2,-6.612611562E-2,8.078686893E-2,-1.832594397E-3
1.978675092E2,-5.940660089E-2,8.429934084E-2,8.093958721E-3
1.983715796E2,-7.024944760E-3,-2.000582218E-2,9.468403645E-3
1.988756498E2,-2.290742844E-2,-2.138026757E-3,-1.603520103E-2
1.993797198E2,5.803215317E-3,3.985892609E-2,9.162971983E-4
1.998837897E2,-2.901607659E-3,-1.817322709E-2,-2.138026804E-2
2.003878596E2,-1.389717404E-2,-4.581485875E-3,3.817904741E-2
2.008919293E2,1.287397593E-1,-2.194531709E-1,2.489273995E-2
2.013959990E2,3.390299529E-2,-7.727439702E-2,-1.145371422E-2
2.019000687E2,3.100138716E-2,-1.832594397E-3,1.603520103E-2
2.024041385E2,3.680460155E-2,-6.261363626E-2,-3.711003438E-2
2.029082082E2,3.878991306E-2,-4.306596518E-2,1.603520103E-2
2.034122780E2,-1.099556591E-2,2.596175298E-2,-3.817904973E-3
2.039163477E2,-6.872228812E-3,8.552107029E-3,9.926552884E-3
2.044204174E2,9.315688163E-3,1.374445739E-3,-5.650499370E-3
2.049244871E2,-8.552107029E-3,8.704823442E-3,7.024944760E-3
2.054285567E2,6.872228812E-3,3.817904973E-3,9.162971983E-4
2.059326262E2,-5.192350596E-3,4.734201822E-3,8.093958721E-3
2.064366957E2,-1.527161949E-4,1.069013379E-3,6.719512399E-3
2.069407650E2,3.970621154E-3,-2.748891478E-3,-9.162971750E-3
2.074448343E2,8.093958721E-3,1.374445762E-2,1.206457894E-2
2.079489035E2,9.162971983E-4,-1.130099874E-2,1.679878100E-3
2.084529725E2,-8.399390616E-3,7.788525894E-3,4.428769462E-3
2.089570415E2,1.282816008E-2,-1.466075517E-2,-1.359174121E-2
2.094611104E2,2.290742937E-3,1.740964688E-2,1.786779426E-2
2.099651792E2,-1.267544460E-2,3.512472380E-3,-1.527161989E-2
2.104692478E2,-4.581485875E-3,8.857538924E-3,3.665188793E-3
2.109733165E2,6.414080039E-3,3.054323897E-4,3.207040019E-3
2.114773851E2,-6.414080039E-3,2.596175298E-3,4.734201822E-3
2.119814538E2,6.566796452E-3,-3.665188793E-3,1.527161949E-4
2.124855224E2,7.024944760E-3,8.399390616E-3,-1.527161920E-3
2.129895908E2,-9.315688163E-3,2.901607659E-3,6.108647794E-4
2.134936592E2,-1.527161920E-3,1.069013379E-3,-1.099556591E-2
2.139977274E2,2.748891478E-3,1.985310577E-3,1.466075517E-2
2.145017955E2,-2.443459118E-3,3.054323897E-4,4.276053514E-3
2.150058635E2,-1.832594397E-3,9.315688163E-3,4.581485991E-4
2.155099314E2,-5.039634649E-3,-1.221729559E-3,-0.000000000E0
2.160139992E2,-2.275471389E-2,-7.635809947E-3,-1.970038936E-2
2.165180668E2,8.307760954E-2,-1.081230640E-1,-3.695731983E-2
2.170221342E2,-8.567378670E-2,7.925970852E-2,2.015853859E-2
2.175262015E2,1.802051067E-2,-7.910698652E-2,3.833176568E-2
2.180302687E2,-1.143844277E-1,5.421425030E-2,-6.673697382E-2
2.185343357E2,-2.397644334E-2,-1.463021189E-1,1.689041108E-1
2.190384026E2,-1.069013379E-3,1.727220118E-1,-7.452550530E-2
2.195424693E2,-9.666935354E-2,9.254601598E-2,4.932733253E-2
2.200465359E2,2.183841541E-2,-7.299833745E-2,1.679878123E-2
2.205506025E2,2.351829410E-2,3.084867075E-2,-8.903354406E-2
2.210546690E2,-4.092793912E-2,-1.481347065E-2,4.001164436E-2
2.215587356E2,-2.275471389E-2,1.023198478E-2,2.015853859E-2
2.220628023E2,8.949168772E-2,-3.252854943E-2,-1.096502244E-1
2.225668692E2,-8.536835015E-2,-4.062250629E-2,9.010255337E-2
2.230709361E2,-1.725693047E-2,2.547306120E-1,-5.360338464E-2
2.235750032E2,-4.367683083E-2,4.978547990E-2,2.733619884E-2
2.240790704E2,1.507308781E-1,-1.472184062E-1,-3.863719851E-2
2.245831376E2,8.750637621E-2,-9.590577334E-2,-2.748891478E-3
2.250872048E2,9.162971983E-4,-1.954767294E-2,6.719512399E-3
2.255912720E2,-2.229656465E-2,-9.636391699E-2,5.421425030E-2
2.260953392E2,1.603520103E-2,5.787943676E-2,-4.795288667E-2
2.265994063E2,-3.420842811E-2,-7.635809598E-4,3.359756246E-2
2.271034734E2,8.857538924E-3,-2.076940238E-2,1.374445739E-3
2.276075405E2,-5.039634649E-3,1.710421406E-2,-1.649334840E-2
2.281116074E2,-2.351829410E-2,4.016435891E-2,2.764163166E-2
2.286156743E2,-3.008509055E-2,3.145953640E-2,-1.435532235E-2
2.291197410E2,4.963276163E-2,2.611446939E-2,-1.802051067E-2
2.296238077E2,-5.039634649E-3,-2.626718581E-2,-2.214384824E-2
2.301278743E2,-4.138609022E-2,7.009673119E-2,4.917461425E-2
2.306319408E2,6.520981342E-2,-1.076649204E-1,-1.130099874E-2
2.311360072E2,-1.466075517E-2,7.330377586E-3,-4.718930274E-2
2.316400735E2,-7.635809598E-4,6.291907281E-2,1.374445739E-3
2.321441397E2,6.261364091E-3,-2.076940238E-2,-9.773836471E-3
2.326482058E2,-3.558287397E-2,1.108719558E-1,1.084284950E-2
2.331522718E2,9.162971983E-4,3.573558852E-2,2.000582218E-2
2.336563378E2,4.566214234E-2,-6.444623321E-2,-2.596175298E-3
2.341604040E2,7.101303339E-2,-1.174387559E-1,-1.481347065E-2
2.346644698E2,9.315688163E-3,4.016435891E-2,-2.687804960E-2
2.351685355E2,3.420842811E-2,-4.948004708E-2,-1.740964688E-2
2.356726008E2,6.108647794E-4,6.872228812E-3,2.275471389E-2
2.361766660E2,5.177079141E-2,-9.101885557E-2,-3.405570984E-2
2.366807310E2,-8.552107029E-3,5.665770918E-2,3.207040019E-3
2.371847960E2,-9.162971983E-4,2.596175298E-3,1.069013379E-3
2.376888609E2,3.084867075E-2,-3.848448023E-2,1.221729559E-3
2.381929260E2,3.924806044E-2,-8.063415438E-2,-1.175914705E-2
2.386969911E2,-7.941242307E-3,-1.939495653E-2,-1.527161920E-3
2.392010564E2,-7.162389904E-2,1.249218509E-1,2.092211880E-2
2.397051217E2,2.382372692E-2,-3.329212964E-2,1.069013402E-2
2.402091867E2,2.321286127E-2,-2.168569900E-2,-3.787361458E-2
2.407132517E2,-3.512472380E-3,-8.933897316E-2,2.046396956E-2
2.412173167E2,5.345067009E-3,-3.985892609E-2,-2.641990222E-2
2.417213818E2,-1.039997265E-1,9.636391699E-2,4.046979174E-2
2.422254472E2,2.947422490E-2,-3.878991306E-2,9.468403645E-3
2.427295127E2,-3.802633286E-2,-3.970621154E-3,-3.390299529E-2
2.432335780E2,-7.131846249E-2,6.872228533E-2,7.467821985E-2
2.437376432E2,-1.475238502E-1,2.171624303E-1,9.422589093E-2
2.442417083E2,-7.666353136E-2,1.459966749E-1,2.855792828E-2
2.447457732E2,-1.206457894E-2,-3.207040019E-3,-2.000582218E-2
2.452498381E2,1.275180280E-1,-2.260199748E-2,-1.484401375E-1
2.457539031E2,-3.335321844E-1,3.443750143E-1,2.209803313E-1
2.462579682E2,1.953240186E-1,-1.530216336E-1,-1.637117565E-1
2.467620338E2,2.382372692E-2,-2.519817278E-2,-2.306014486E-2
2.472661000E2,1.861610413E-1,-4.010327160E-1,-8.414662629E-2
2.477701668E2,-1.516471803E-1,3.065013885E-1,1.644753367E-1
2.482742343E2,1.342375278E-1,-5.375609919E-2,-1.754709035E-1
2.487783025E2,-1.191186346E-2,2.886336111E-2,4.963276163E-2
2.492823711E2,-7.147117704E-2,-1.389717404E-2,1.992946416E-1
2.497864399E2,3.008509055E-2,-1.715002805E-1,5.115992576E-2
2.502905089E2,-1.237001177E-2,2.244928107E-2,-1.342375278E-1
2.507945780E2,7.895427197E-2,2.611446939E-2,1.756236330E-2
2.512986470E2,-1.527161920E-3,-7.635809598E-4,3.390299529E-2
2.518027157E2,7.483093534E-3,1.527161949E-4,-1.679878123E-2
2.523067843E2,3.268126398E-2,-3.390299529E-2,-1.588248461E-2
2.528108532E2,2.641990222E-2,2.046396956E-2,-2.641990222E-2
2.533149228E2,-4.306596518E-2,8.353576064E-2,-2.641990222E-2
2.538189929E2,1.404988952E-2,-1.496618707E-2,-1.649334840E-2
2.543230633E2,-5.207622424E-2,8.475748450E-2,-5.497782957E-3
2.548271338E2,1.359174121E-2,3.207040206E-2,3.145953640E-2
2.553312047E2,6.719512399E-3,-1.252272818E-2,2.336557768E-2
2.558352757E2,3.069595434E-2,-2.825249545E-2,-1.114828233E-2
2.563393466E2,-2.703076601E-2,3.497200832E-2,1.832594350E-2
2.568434172E2,4.535670951E-2,-5.879573524E-2,1.282816008E-2
2.573474873E2,1.404988952E-2,-2.000582218E-2,-3.268126398E-2
2.578515570E2,-2.672533318E-2,3.955349326E-2,-5.650499370E-3
2.583556263E2,3.145953640E-2,-3.344484791E-2,8.246674202E-3
2.588596952E2,-3.084867075E-2,6.047561392E-2,1.954767294E-2
2.593637635E2,2.703076601E-2,-1.527161989E-2,1.069013402E-2
2.598678311E2,1.435532235E-2,-4.871646687E-2,-3.237583488E-2
2.603718981E2,-4.214967042E-2,6.322450191E-2,9.010255337E-3
2.608759648E2,1.374445739E-3,2.779434808E-2,7.177661173E-3
2.613800310E2,-1.221729559E-3,1.160643063E-2,9.162971750E-3
2.618840967E2,1.404988952E-2,-6.872228812E-3,-7.024944760E-3
2.623881620E2,-1.557705179E-2,3.084867075E-2,-7.024944760E-3
2.628922268E2,9.315688163E-3,-8.857538924E-3,-1.252272818E-2
2.633962911E2,-3.084867075E-2,3.604102135E-2,8.399390616E-3
2.639003549E2,7.483093534E-3,7.635809598E-4,7.635809598E-4
2.644044184E2,-1.374445739E-3,1.007926930E-2,1.985310577E-3
2.649084816E2,1.114828233E-2,-1.160643063E-2,-3.665188793E-3
2.654125447E2,-1.069013379E-3,1.130099874E-2,-2.901607659E-3
2.659166077E2,3.665188793E-3,6.872228812E-3,-7.177661173E-3
2.664206704E2,-2.687804960E-2,3.726275265E-2,1.618791744E-2
2.669247329E2,2.733619884E-2,-2.183841541E-2,-5.192350596E-3
2.674287950E2,-5.009091273E-2,7.651081681E-2,2.321286127E-2
2.679328567E2,1.572976820E-2,-2.214384824E-2,-1.924224012E-2
2.684369185E2,-3.940077871E-2,6.261363626E-2,1.572976820E-2
2.689409811E2,-4.306596518E-2,2.825249545E-2,4.428769462E-3
2.694450449E2,-4.016435891E-2,-1.634063199E-2,-2.061668597E-2
2.699491095E2,-5.650499370E-3,-1.924224012E-2,-6.032289565E-2
2.704531747E2,4.214967042E-2,1.055268943E-1,1.227838174E-1
2.709572404E2,3.588830680E-2,-2.809977904E-2,-6.688969582E-2
2.714613064E2,-3.985892609E-2,-3.955349326E-2,1.221729536E-2
2.719653725E2,3.619373962E-2,-7.834340632E-2,4.123337101E-3
2.724694387E2,6.719512399E-3,8.307760954E-2,2.321286127E-2
2.729735050E2,6.337722391E-2,-1.424842030E-1,8.552107029E-3
2.734775713E2,3.390299529E-2,-8.552107215E-2,-1.130099874E-2
2.739816375E2,1.985310577E-3,3.481929377E-2,-8.704823442E-3
2.744857037E2,1.985310577E-3,2.443459118E-3,3.207040019E-3
2.749897697E2,1.374445739E-3,-4.276053514E-3,-9.926552884E-3
2.754938357E2,4.581485991E-4,1.328630932E-2,-8.399390616E-3
2.759979016E2,1.450803876E-2,1.618791744E-2,-1.695149764E-2
2.765019677E2,-7.177661173E-3,3.512472380E-3,1.237001177E-2
2.770060343E2,3.207040019E-3,-1.374445739E-3,-5.345067009E-3
2.775101017E2,-1.527161920E-3,9.773836471E-3,1.069013379E-3
2.780141697E2,-1.237001177E-2,1.298087649E-2,1.221729559E-3
2.785182380E2,3.207040019E-3,3.207040019E-3,-6.719512399E-3
2.790223066E2,-1.527161920E-3,8.857538924E-3,-4.428769462E-3
2.795263755E2,-3.665188793E-3,6.261364091E-3,4.581485991E-4
2.800304447E2,5.345067009E-3,4.276053514E-3,1.679878100E-3
2.805345141E2,-1.527161920E-3,6.414080039E-3,-2.901607659E-3
2.810385838E2,-7.788525894E-3,7.177661173E-3,-6.108647794E-4
2.815426536E2,3.665188793E-3,7.788525894E-3,-6.414080039E-3
2.820467236E2,4.428769462E-3,7.483093534E-3,-7.788525894E-3
2.825507937E2,-2.290742937E-3,1.007926930E-2,-2.138026757E-3
2.830548638E2,-1.511890348E-2,4.734201822E-3,3.817904973E-3
2.835589339E2,-3.349066079E-1,4.573850036E-1,1.663079411E-1
2.840630039E2,-2.357937992E-1,4.456258714E-1,9.529490769E-2
2.845670738E2,-5.815432668E-1,1.059850335E0,1.769980639E-1
2.850711436E2,-4.005745649E-1,8.872811198E-1,1.094975099E-1
2.855752133E2,1.939495653E-2,1.655443609E-1,-6.505709887E-2
2.860792828E2,-8.811724186E-2,4.718930274E-2,9.560033679E-2
2.865833520E2,3.078758419E-1,-5.968148708E-1,-2.170097083E-1
2.870874212E2,-2.483165264E-1,3.208567202E-1,8.093958348E-2
2.875914900E2,8.231402934E-2,3.573558852E-2,1.023198478E-2
2.880955585E2,-3.268126398E-2,-8.796452731E-2,2.214384824E-2
2.885996269E2,-6.979130208E-2,2.043342739E-1,-3.069595434E-2
2.891036953E2,-1.389717404E-2,-4.428769462E-3,1.377500147E-1
2.896077636E2,3.161225095E-2,-4.169152305E-2,-1.443168074E-1
2.901118320E2,1.238528341E-1,-1.840230078E-1,5.406153202E-2
2.906159010E2,3.118464649E-1,-6.217076182E-1,-1.548542231E-1
2.911199704E2,2.501491308E-1,-5.195404887E-1,-1.075121984E-1
2.916240401E2,1.458439678E-1,-1.744018942E-1,-7.666353136E-2
2.921281098E2,2.214384824E-2,-5.085449293E-2,1.058323234E-1
2.926321793E2,2.138026804E-2,-1.316413581E-1,1.924224012E-2
2.931362487E2,1.505781710E-1,-3.434587121E-1,-2.005163580E-1
2.936403179E2,1.999054998E-1,-1.145371497E-1,6.246092543E-2
2.941443867E2,3.558287397E-2,-1.252272818E-2,-5.299251899E-2
2.946484560E2,2.611446939E-2,-9.346231073E-2,-3.680460155E-2
2.951525253E2,-1.339320987E-1,2.755000293E-1,4.596757516E-2
2.956565945E2,-1.705839932E-1,2.480110973E-1,2.244928107E-2
2.961606635E2,-1.351538301E-1,2.260199636E-1,1.230892539E-1
2.966647325E2,1.814268380E-1,-1.256854236E-1,-9.117157012E-2
2.971688013E2,-4.123337101E-3,-1.542433538E-2,1.878409274E-2
2.976728700E2,-7.635809598E-4,1.695149764E-2,-1.695149764E-2
2.981769387E2,-2.932151034E-2,-1.618791744E-2,-1.832594397E-3
2.986810073E2,9.162971983E-4,2.244928107E-2,6.566796452E-3
2.991850758E2,1.160643063E-2,6.719512399E-3,-1.679878100E-3
2.996891441E2,-4.581485991E-4,4.276053514E-3,-4.581485991E-4
3.001932123E2,2.138026757E-3,1.985310577E-3,2.901607659E-3
3.006972804E2,6.261364091E-3,-7.941242307E-3,-3.817904973E-3
3.012013482E2,1.802051067E-2,-6.261364091E-3,1.756236330E-2
3.017054157E2,5.192350596E-3,6.108647794E-4,-9.621120058E-3
3.022094831E2,1.542433538E-2,-1.221729536E-2,1.603520103E-2
3.027135502E2,4.841103405E-2,-3.436114267E-2,2.183841541E-2
3.032176171E2,3.176496923E-2,-2.217439115E-1,-3.115410358E-2
3.037216836E2,5.650499370E-3,-2.852738500E-1,-4.917461425E-2
3.042257498E2,-6.887500733E-2,1.395826042E-1,-4.489856213E-2
3.047298156E2,-5.849030241E-2,1.369864196E-1,7.101303339E-2
3.052338811E2,-2.840521187E-2,5.345066637E-2,-4.581485875E-3
3.057379467E2,3.054323897E-4,1.511890348E-2,7.788525894E-3
3.062420122E2,4.444041103E-2,-2.871064469E-2,-4.260781780E-2
3.067460775E2,-1.603520103E-2,1.649334840E-2,3.726275265E-2
3.072501428E2,-4.917461425E-2,2.130390853E-1,2.611446939E-2
3.077542078E2,9.590577334E-2,1.954767294E-2,-9.269873053E-2
3.082582725E2,7.391463965E-2,-3.393353820E-1,3.665188700E-2
3.087623372E2,2.336557768E-2,1.664606482E-2,-7.941242307E-3
3.092664017E2,1.078176349E-1,-2.809977904E-2,-1.116355360E-1
3.097704662E2,-1.398880333E-1,1.282816008E-2,1.791360974E-1
3.102745306E2,6.643154472E-2,-3.054323839E-3,-1.886045039E-1
3.107785949E2,-4.657844082E-2,1.828012913E-1,1.814268380E-1
3.112826591E2,-2.596175298E-3,1.542433538E-2,-8.674279600E-2
3.117867232E2,-1.511890348E-2,-6.261364091E-3,5.497783050E-2
3.122907872E2,1.206457894E-2,2.015853859E-2,-1.679878123E-2
3.127948511E2,1.114828233E-2,-6.414080411E-2,-1.099556591E-2
3.132989151E2,3.878991306E-2,-4.001164436E-2,-1.036942974E-1
3.138029792E2,-1.478292793E-1,2.988655865E-1,9.117157012E-2
3.143070433E2,-1.464548260E-1,1.264490038E-1,8.155044913E-2
3.148111072E2,6.139190868E-2,-4.795288667E-2,-9.300415963E-2
3.153151710E2,7.620538026E-2,-5.375609919E-2,-4.474584386E-2
3.158192344E2,2.351829410E-2,-3.726275265E-2,5.375609919E-2
3.163232976E2,1.466075517E-2,-4.413498193E-2,-7.024944760E-3
3.168273607E2,5.238165334E-2,-1.233946830E-1,-1.878409274E-2
3.173314235E2,4.550942779E-2,-1.075121984E-1,1.252272818E-2
3.178354861E2,7.055488229E-2,-8.918625861E-2,-5.681042373E-2
3.183395487E2,-2.764163166E-2,-1.175914705E-1,2.764163166E-2
3.188436112E2,5.803215317E-3,1.696676910E-1,-1.679878123E-2
3.193476736E2,-6.383536756E-2,5.879573524E-2,5.161807314E-2
3.198517361E2,-5.161807314E-2,7.498364896E-2,3.359756246E-2
3.203557983E2,2.306014486E-2,5.833758786E-2,-1.130099874E-2
3.208598605E2,-1.145371422E-2,-5.299251899E-2,1.374445739E-3
3.213639225E2,6.230820715E-2,-1.840230078E-1,-1.569922417E-1
3.218679846E2,-1.140789986E-1,1.450803876E-1,2.446513474E-1
3.223720466E2,7.971785218E-2,-3.313941509E-2,-1.398880333E-1
3.228761085E2,-2.275471389E-2,5.650499370E-3,4.352411628E-2
3.233801706E2,-2.321286127E-2,8.826996386E-2,3.436114267E-2
3.238842330E2,6.719512399E-3,-2.504545636E-2,-5.054906011E-2
3.243882960E2,-2.916879393E-2,7.483093534E-3,1.114828233E-2
3.248923597E2,3.970621154E-3,-1.527161949E-4,9.773836471E-3
3.253964240E2,8.552107029E-3,-3.512472380E-3,-1.695149764E-2
3.259004888E2,-8.704823442E-3,1.160643063E-2,-5.039634649E-3
3.264045540E2,-2.901607659E-3,2.672533318E-2,-6.108647794E-4
3.269086192E2,-9.773836471E-3,-8.399390616E-3,1.191186346E-2
3.274126916E2,6.566796452E-3,-1.771507785E-2,9.162971750E-3
3.279167497E2,3.359756246E-2,-4.001164436E-2,-1.404988952E-2
3.284208149E2,-5.955931731E-3,6.719512399E-3,-3.145953640E-2
3.289248804E2,-1.069013402E-2,1.908952370E-2,1.954767294E-2
3.294289468E2,1.893680729E-2,-2.015853859E-2,-2.443459118E-3
3.299330139E2,2.458730713E-2,-9.682206810E-2,1.160643063E-2
3.304370816E2,1.450803876E-2,-2.260199748E-2,-7.544180006E-2
3.309411494E2,-5.879573524E-2,9.010255337E-2,7.803797722E-2
3.314452173E2,3.420842811E-2,-6.246092543E-2,-1.175914705E-2
3.319492853E2,9.315688163E-3,8.399390616E-3,1.679878100E-3
3.324533534E2,-3.787361458E-2,5.207622424E-2,-4.520399496E-2
3.329574218E2,-3.924806044E-2,5.513054505E-2,6.704241037E-2
3.334614902E2,1.466075517E-2,6.215549260E-2,-2.718348242E-2
3.339655585E2,-6.246092543E-2,5.818486959E-2,2.244928107E-2
3.344696267E2,4.169152305E-2,2.718348242E-2,-5.222893879E-2
3.349736948E2,-2.779434808E-2,2.596175298E-3,3.145953640E-2
3.354777626E2,2.199113183E-2,-1.603520066E-1,2.993237413E-2
3.359818304E2,7.162389904E-2,2.641990222E-2,-1.140789986E-1
3.364858980E2,-1.459966749E-1,1.175914705E-1,2.012799382E-1
3.369899655E2,1.881463528E-1,-1.488982886E-1,-2.713766694E-1
3.374940328E2,-1.111773923E-1,5.390881747E-2,1.534797698E-1
3.379980999E2,1.527161989E-2,3.665188793E-3,-2.932151034E-2
3.385021667E2,-3.619373962E-2,3.863719851E-2,3.008509055E-2
3.390062332E2,2.626718581E-2,-2.809977904E-2,-3.726275265E-2
3.395102995E2,2.397644334E-2,-5.222893879E-2,-2.535088919E-2
3.400143657E2,6.261364091E-3,-4.123337101E-3,-3.512472380E-3
3.405184318E2,-2.458730713E-2,6.352993846E-2,3.649916872E-2
3.410224976E2,1.970038936E-2,-7.483093534E-3,7.483093534E-3
3.415265633E2,1.007926930E-2,-1.786779426E-2,-2.031125315E-2
3.420306289E2,-1.740964688E-2,3.497200832E-2,6.872228812E-3
3.425346942E2,1.954767294E-2,-2.000582218E-2,-1.756236330E-2
3.430387593E2,-2.443459118E-3,1.481347065E-2,1.954767294E-2
3.435428243E2,-5.375609919E-2,3.237583488E-2,1.466075517E-2
3.440468892E2,5.192350596E-2,-6.551524997E-2,-1.542433538E-2
3.445509538E2,2.901607752E-2,-4.153880477E-2,-4.169152305E-2
3.450550182E2,-1.649334840E-2,2.397644334E-2,-1.954767294E-2
3.455590824E2,6.872228812E-3,1.527161949E-4,1.557705179E-2
3.460631463E2,7.330377586E-3,7.024944760E-3,2.809977904E-2
3.465672100E2,2.901607659E-3,-4.123337101E-3,2.596175298E-2
3.470712736E2,3.741546720E-2,-4.260781780E-2,-1.160643063E-2
3.475753371E2,-3.283398226E-2,3.344484791E-2,-1.527161920E-3
3.480794004E2,4.734201822E-3,4.581485991E-4,-1.527161949E-4
3.485834636E2,4.123337101E-3,-1.634063199E-2,-3.207040019E-3
3.490875267E2,3.665188793E-3,2.290742937E-3,-1.527161920E-3
3.495915895E2,-2.748891478E-3,3.359756200E-3,-3.512472380E-3
3.500956523E2,-1.221729536E-2,1.160643063E-2,-2.138026757E-3
3.505997148E2,-5.497782957E-3,1.221729536E-2,-3.359756200E-3
3.511037772E2,-9.468403645E-3,7.635809598E-4,-5.039634649E-3
3.516078394E2,1.679878100E-3,3.054323897E-4,-1.832594397E-3
3.521119016E2,-4.581485991E-4,-5.497782957E-3,1.649334840E-2
3.526159636E2,1.012508348E-1,-2.127336562E-1,-5.849030241E-2
3.531200256E2,-6.444623321E-2,6.994401664E-2,9.728021920E-2
3.536240872E2,1.771507785E-2,-1.649334840E-2,-3.481929377E-2
3.541281490E2,-6.108647794E-4,-4.092793912E-2,-2.535088919E-2
3.546322103E2,6.108647678E-3,-1.374445739E-3,3.665188793E-3
3.551362715E2,2.901607659E-3,-4.581485991E-4,-5.039634649E-3
3.556403327E2,3.283398226E-2,-2.825249545E-2,-6.108647678E-3
3.561443939E2,-4.581485991E-4,-1.985310577E-3,3.054323897E-4
3.566484551E2,-9.315688163E-3,1.374445762E-2,3.665188793E-3
3.571525163E2,-3.054323839E-3,-2.260199748E-2,-5.803215317E-3
3.576565776E2,9.773836471E-3,4.856374860E-2,6.627883017E-2
3.581606389E2,9.926552884E-3,-9.162971750E-3,-1.618791744E-2
3.586647002E2,-1.420260593E-2,1.618791744E-2,1.359174121E-2
3.591687616E2,-3.207040019E-3,1.221729559E-3,9.773836471E-3
3.596728229E2,-4.276053514E-3,1.832594397E-3,-1.191186346E-2
3.601768842E2,-2.901607659E-3,-4.123337101E-3,4.276053514E-3
3.606809454E2,2.443459118E-3,-1.267544460E-2,3.512472380E-3
3.611850065E2,-1.076649204E-1,1.670715213E-1,-5.650499370E-3
3.616890676E2,-9.712749720E-2,2.307541668E-1,1.139262840E-1
3.621931287E2,5.650499370E-3,-4.657844082E-2,-2.260199748E-2
3.626971900E2,-6.108647678E-3,8.093958348E-2,-2.550360374E-2
3.632012513E2,-4.963276163E-2,3.604102135E-2,2.611446939E-2
3.637053128E2,6.719512399E-3,1.740964688E-2,-3.802633286E-2
3.642093743E2,-6.017018110E-2,9.804379940E-2,9.162971750E-3
3.647134360E2,-6.704241037E-2,1.197294965E-1,3.451386094E-2
3.652174976E2,6.856957078E-2,-1.394298822E-1,8.552107029E-3
3.657215592E2,3.726275265E-2,9.773836471E-3,-9.162971377E-2
3.662256208E2,-1.924224012E-2,5.543597788E-2,4.367683083E-2
3.667296825E2,-1.771507785E-2,-1.450803876E-2,1.221729559E-3
3.672337444E2,6.062832847E-2,-3.726275265E-2,2.993237413E-2
3.677378064E2,9.040798992E-2,-2.532034516E-1,-9.682206810E-2
3.682418684E2,-9.315688163E-3,3.772090003E-2,1.847865991E-2
3.687459304E2,2.748891478E-3,2.458730713E-2,2.474002354E-2
3.692499924E2,1.985310577E-2,-2.779434808E-2,-5.787943676E-2
3.697540543E2,1.084284950E-2,1.191186346E-2,5.283980444E-2
3.702581160E2,1.267544460E-2,-1.237001177E-2,-8.552107029E-3
3.707621776E2,5.650499370E-3,-1.053741761E-2,-6.566796452E-3
3.712662390E2,2.015853859E-2,-2.840521187E-2,-2.122755162E-2
3.717703003E2,-6.475166976E-2,3.420842811E-2,2.748891525E-2
3.722743614E2,1.386663020E-1,-2.273944169E-1,-1.403461844E-1
3.727784226E2,-6.108647678E-3,-2.886336111E-2,8.964440972E-2
3.732824837E2,-2.748891478E-3,1.443168074E-1,-9.468403645E-3
3.737865448E2,-7.177661173E-3,1.817322709E-2,3.436114267E-2
3.742906058E2,5.940660089E-2,-1.178968996E-1,-2.076940238E-2
3.747946666E2,5.803215504E-2,-1.162170246E-1,3.023780696E-2
3.752987275E2,-3.207040019E-3,-2.379318327E-1,-9.056070447E-2
3.758027884E2,-8.826996386E-2,2.461785078E-1,1.070540547E-1
3.763068494E2,-7.360920310E-2,1.356119812E-1,3.970621154E-3
3.768109104E2,-2.306014486E-2,1.513417512E-1,-5.299251899E-2
3.773149716E2,-1.058323234E-1,1.372918636E-1,1.116355360E-1
3.778190328E2,1.623373181E-1,-1.769980639E-1,-4.825831577E-2
3.783230940E2,9.773836285E-2,-1.751654744E-1,-4.841103405E-2
3.788271552E2,5.711585656E-2,3.924806044E-2,7.024944760E-3
3.793312163E2,-4.138609022E-2,3.848448023E-2,1.359174121E-2
3.798352774E2,-8.552107029E-3,3.833176568E-2,7.941242307E-3
3.803393383E2,9.010255337E-3,-1.000291109E-1,-1.710421406E-2
3.808433991E2,-0.000000000E0,8.445205539E-2,-1.160643063E-2
3.813474599E2,-5.436696485E-2,9.789107740E-2,2.886336111E-2
3.818515206E2,-4.734201822E-3,-3.588830680E-2,1.970038936E-2
3.823555812E2,9.468403645E-3,-3.970621154E-3,-1.649334840E-2
3.828596417E2,-2.443459118E-3,2.611446939E-2,1.420260593E-2
3.833637024E2,7.483093534E-3,-9.315688163E-3,-3.451386094E-2
3.838677631E2,9.315688163E-3,-1.137735620E-1,1.313359290E-2
3.843718240E2,-1.832594397E-3,3.848448023E-2,-2.611446939E-2
3.848758850E2,1.252272818E-2,8.704823442E-3,8.552107029E-3
3.853799461E2,-1.313359290E-1,-1.485928595E-1,-1.027780026E-1
3.858840074E2,5.742128938E-2,-8.597921580E-2,1.475238502E-1
3.863880689E2,-9.636391699E-2,2.368628234E-1,1.030834317E-1
3.868921305E2,-1.374445739E-3,2.275471389E-2,-1.362228394E-1
3.873961925E2,-9.193515033E-2,8.231402934E-2,9.514218569E-2
3.879002545E2,4.474584386E-2,-5.955931731E-3,-5.803215504E-2
3.884043166E2,1.725693047E-2,-3.955349326E-2,-2.962694131E-2
3.889083788E2,-5.039634556E-2,4.444041103E-2,2.748891525E-2
3.894124411E2,-5.329795182E-2,2.564104795E-1,3.878991306E-2
3.899165033E2,-1.887572110E-1,1.626427472E-1,1.571449637E-1
3.904205653E2,4.535670951E-2,5.879573524E-2,-5.619955808E-2
3.909246272E2,6.780599058E-2,-7.635809481E-2,-8.429934084E-2
3.914286891E2,7.620538026E-2,-1.282816008E-2,1.114828233E-2
3.919327510E2,8.964440972E-2,-1.904370934E-1,-5.421425030E-2
3.924368129E2,9.162971983E-4,1.001818255E-1,1.466075517E-2
3.929408747E2,-1.023198478E-2,2.611446939E-2,-3.145953640E-2
3.934449363E2,-3.054323979E-2,4.260781780E-2,3.390299529E-2
3.939489976E2,-2.229656465E-2,-5.345067009E-3,-1.252272818E-2
3.944530588E2,-2.138026804E-2,1.004872546E-1,-2.809977904E-2
3.949571198E2,-6.414080411E-2,-2.916879393E-2,8.323032409E-2
3.954611806E2,4.841103405E-2,3.665188700E-2,-1.085812151E-1
3.959652413E2,-5.436696485E-2,-9.697478265E-2,1.366809905E-1
3.964693021E2,-4.505127668E-2,-1.722638607E-1,-7.483093441E-2
3.969733628E2,-4.978547990E-2,1.858556122E-1,-5.711585656E-2
3.974774233E2,-1.081230640E-1,1.310304999E-1,1.409570426E-1
3.979814835E2,-1.710421406E-2,2.171624303E-1,-1.262962967E-1
3.984855434E2,-1.580612659E-1,1.904370934E-1,1.146898642E-1
3.989896032E2,3.878991306E-2,-1.313359290E-2,-5.268708616E-2
3.994936628E2,-1.679878123E-2,9.529490769E-2,4.734201822E-3
3.999977222E2,1.130099874E-2,2.596175298E-3,-5.421425030E-2
4.005017814E2,7.483093534E-3,-9.957095981E-2,6.795870513E-2
4.010058404E2,-2.703076601E-2,2.411388755E-1,-9.697478265E-2
4.015098992E2,-6.337722391E-2,-3.115410358E-2,5.650499370E-3
4.020139578E2,2.748891478E-3,8.170316368E-2,4.428769462E-3
4.025180164E2,-2.138026804E-2,-2.748891478E-3,-4.734202102E-2
4.030220749E2,4.337139800E-2,1.084284950E-2,1.313359290E-2
4.035261335E2,8.582650125E-2,-9.269873053E-2,4.428769648E-2
4.040301935E2,6.093376130E-2,-2.672533318E-2,-4.306596518E-2
4.045342510E2,3.512472659E-2,-5.787943676E-2,2.183841541E-2
4.050383103E2,1.069013402E-2,2.367101051E-2,1.130099874E-2
4.055423699E2,2.733619884E-2,-1.346956789E-1,6.795870513E-2
4.060464296E2,6.429351866E-2,-2.794706225E-1,-8.292489499E-2
4.065504894E2,-2.092211880E-2,1.679878123E-2,-2.748891478E-3
4.070545493E2,-2.484692484E-1,4.155407548E-1,1.985310577E-2
4.075586092E2,-9.224057943E-2,2.903134823E-1,8.200860023E-2
4.080626693E2,-5.345067009E-3,1.252272818E-2,-3.069595434E-2
4.085667297E2,3.848448023E-2,-9.514218569E-2,1.374445762E-2
4.090707902E2,5.482511222E-2,-9.926552884E-3,-3.894263133E-2
4.095748509E2,-2.886336111E-2,2.244928032E-1,-2.122755162E-2
4.100789116E2,-5.742128938E-2,-5.803215317E-3,3.191768378E-2
4.105829723E2,7.376192510E-2,-3.558287397E-2,-2.687804960E-2
4.110870331E2,1.267544460E-2,1.832594397E-3,-3.207040019E-3
4.115910941E2,-7.941242307E-3,-6.108647678E-3,-2.748891478E-3
4.120951551E2,5.681042373E-2,-6.185005978E-2,-7.330377586E-3
4.125992165E2,1.069013402E-2,-2.687804960E-2,-1.679878100E-3
4.131032784E2,1.221729559E-3,-7.177661173E-3,4.153880477E-2
4.136073406E2,-9.468403645E-3,-9.239330143E-2,-1.003345400E-1
4.141114031E2,-6.994401664E-2,1.337793916E-1,1.514944583E-1
4.146154656E2,2.153298259E-2,3.466657549E-2,-7.086031139E-2
4.151195276E2,-2.321286127E-2,-5.986474827E-2,1.985310577E-2
4.156235897E2,9.498947114E-2,-9.758564830E-2,-4.673115537E-2
4.161276517E2,-3.237583488E-2,1.142317131E-1,3.558287397E-2
4.166317137E2,2.809977904E-2,-7.941242307E-2,-1.450803876E-2
4.171357758E2,1.527161989E-2,8.399390429E-2,-9.132428467E-2
4.176398381E2,-8.506292105E-2,-7.208204269E-2,1.748600453E-1
4.181439003E2,9.880737960E-2,-4.214967042E-2,-1.699731201E-1
4.186479624E2,-3.100138716E-2,7.880155742E-2,4.382954910E-2
4.191520244E2,-2.748891478E-3,-6.902772188E-2,1.313359290E-2
4.196560864E2,1.511890348E-2,1.863137633E-2,-6.536252797E-2
4.201601483E2,-5.054906011E-2,6.918043643E-2,8.216131479E-2
4.206642176E2,9.773836471E-3,5.665770918E-2,-2.397644334E-2
4.211682718E2,9.483675659E-2,-1.485928595E-1,-8.659008145E-2
4.216723334E2,9.468404204E-2,-1.287397593E-1,-3.390299529E-2
4.221763949E2,-1.206457894E-2,1.023198478E-2,6.414080411E-2
4.226804565E2,1.481347065E-2,-1.634063199E-2,9.162971983E-4
4.231845181E2,7.177661359E-2,-7.544180006E-2,-1.145371422E-2
4.236885796E2,3.145953640E-2,-3.359756246E-2,7.483093534E-3
4.241926410E2,6.902772188E-2,-6.688969582E-2,-3.207040019E-3
4.246967021E2,8.063415438E-2,-2.868010104E-1,-7.437278330E-2
4.252007629E2,-1.237001177E-2,1.148425788E-1,1.233946830E-1
4.257048234E2,3.069595434E-2,-3.741546720E-2,-9.957095981E-2
4.262088837E2,-1.774562150E-1,1.548542231E-1,1.653916389E-1
4.267129439E2,6.200277433E-2,4.123337101E-3,-1.316413581E-1
4.272170039E2,-6.429351866E-2,4.337139800E-2,2.138026804E-2
4.277210639E2,-3.665188793E-3,3.023780696E-2,3.268126398E-2
4.282251237E2,1.817322709E-2,8.078686893E-2,-5.589412898E-2
4.287291834E2,9.162971750E-3,-1.572976820E-2,2.535088919E-2
4.292332430E2,2.901607659E-3,2.886336111E-2,9.010255337E-3
4.297373026E2,1.954767294E-2,1.939495653E-2,-3.237583488E-2
4.302413621E2,-3.359756246E-2,2.641990222E-2,3.588830680E-2
4.307454216E2,4.642572254E-2,-2.947422490E-2,-1.389717404E-2
4.312494810E2,4.459312931E-2,-1.450803876E-2,-2.596175298E-3
4.317535401E2,1.985310577E-3,4.382954910E-2,1.878409274E-2
4.322575990E2,7.177661173E-3,-2.733619884E-2,4.230238497E-2
4.327616576E2,1.985310577E-2,5.955931731E-3,-1.069013402E-2
4.332657160E2,-4.902189970E-2,9.498947114E-2,-1.298087649E-2
4.337697742E2,-2.886336111E-2,5.207622424E-2,-6.108647794E-4
4.342738323E2,-1.119409725E-1,7.773254067E-2,2.244928107E-2
4.347778903E2,8.536835015E-2,-8.674279600E-2,-3.451386094E-2
4.352819479E2,1.009454057E-1,-1.501200199E-1,-7.024944760E-3
4.357860053E2,1.174387559E-1,-1.301141977E-1,-7.437278330E-2
4.362900626E2,-2.641990222E-2,5.619955808E-2,1.527161989E-2
4.367941196E2,-6.047561392E-2,2.703076601E-2,1.527161949E-4
4.372981766E2,-1.484401375E-1,1.120936871E-1,7.727439702E-2
4.378022334E2,-2.704603672E-1,2.338084877E-1,1.414151937E-1
4.383062902E2,-7.040216774E-2,1.934914142E-1,-4.184423760E-2
4.388103467E2,-4.993819445E-2,1.327103674E-1,-1.324049383E-1
4.393144029E2,-1.577558219E-1,8.231402934E-2,1.476765573E-1
4.398184590E2,-8.918625861E-2,1.837175786E-1,-1.084284950E-2
4.403225148E2,4.856374860E-2,-1.130099818E-1,-1.145371422E-2
4.408265706E2,-9.437860548E-2,2.189950198E-1,-4.138609022E-2
4.413306263E2,-3.020726442E-1,3.778198659E-1,8.506292105E-2
4.418346821E2,-2.611446939E-2,8.368847519E-2,-8.246674202E-3
4.423387379E2,1.139262840E-1,-6.597339362E-2,-2.107483521E-2
4.428427937E2,6.429351866E-2,-4.046979174E-2,-3.161225095E-2
4.433468498E2,1.517999023E-1,-2.107483447E-1,-1.543960720E-1
4.438509064E2,4.428769648E-2,-1.281288862E-1,1.299614757E-1
4.443549633E2,-1.832594397E-3,-6.261363626E-2,1.771507785E-2
4.448590205E2,-6.765327603E-2,1.682932526E-1,-1.319467872E-1
4.453630778E2,-1.682932526E-1,1.354592592E-1,1.808159798E-1
4.458671352E2,1.007926911E-1,1.017089859E-1,-2.046397030E-1
4.463711925E2,-1.748600453E-1,1.178968996E-1,1.359174103E-1
4.468752498E2,-7.895427197E-2,1.180496216E-1,1.863137633E-2
4.473793072E2,1.740964688E-2,1.084284950E-2,-3.100138716E-2
4.478833643E2,4.108065739E-2,-3.833176568E-2,-4.428769462E-3
4.483874213E2,2.443459118E-3,1.145371422E-2,1.527161949E-4
4.488914781E2,1.085812151E-1,-1.757763475E-1,1.084284950E-2
4.493955347E2,1.165224537E-1,-1.583666950E-1,-3.466657549E-2
4.498995911E2,-3.634645417E-2,-2.608392537E-1,7.254019380E-2
4.504036474E2,-3.680460155E-2,8.048143238E-2,2.672533318E-2
4.509077037E2,-1.032361463E-1,2.104429156E-1,-3.649916872E-2
4.514117599E2,-6.505709887E-2,1.389717311E-1,1.033888608E-1
4.519158159E2,7.131846249E-2,3.130681813E-2,-6.643154472E-2
4.524198717E2,9.010255337E-3,-9.040798992E-2,2.458730713E-2
4.529239273E2,7.330377586E-3,-3.344484791E-2,-1.420260593E-2
4.534279829E2,-2.397644334E-2,1.675296724E-1,-7.177661173E-3
4.539320382E2,-8.674279600E-2,-2.901607659E-3,4.902189970E-2
4.544360935E2,1.679878100E-3,1.237001177E-2,-7.941242307E-2
4.549401487E2,-7.635809481E-2,-1.160643063E-2,7.757982612E-2
4.554442039E2,9.162971750E-3,7.315105945E-2,-3.634645417E-2
4.559482589E2,-4.581485875E-3,2.718348242E-2,-1.007926930E-2
4.564523137E2,7.788525894E-3,-5.955931731E-3,2.626718581E-2
4.569563684E2,3.863719851E-2,-3.054323979E-2,-3.802633286E-2
4.574604230E2,2.840521187E-2,-1.404988952E-2,8.491020650E-2
4.579644776E2,1.006399691E-1,5.192350596E-2,-1.641699076E-1
4.584685321E2,-1.537852138E-1,1.540906429E-1,1.023198515E-1
4.589725866E2,1.311832070E-1,-1.426369250E-1,-5.390881747E-2
4.594766409E2,2.367101051E-2,-2.122755162E-2,2.229656465E-2
4.599806951E2,-3.054323839E-3,-2.199113183E-2,1.710421406E-2
4.604847492E2,-3.359756200E-3,3.237583488E-2,9.926552884E-3
4.609888034E2,9.010255337E-3,-6.108647678E-3,-1.038470119E-2
4.614928577E2,9.621120058E-3,9.010255337E-3,7.635809947E-3
4.619969121E2,1.206457894E-2,-1.802051067E-2,-1.618791744E-2
4.625009666E2,-6.566796452E-3,3.451386094E-2,1.527161949E-4
4.630050212E2,1.114828233E-2,-5.192350596E-3,-1.878409274E-2
4.635090762E2,-1.069013402E-2,3.405570984E-2,1.893680729E-2
4.640131314E2,-1.078176349E-1,1.389717311E-1,1.237001177E-2
4.645171862E2,6.108647678E-3,-1.679878123E-2,-3.298669681E-2
4.650212408E2,8.811724186E-2,-7.834340632E-2,-2.504545636E-2
4.655252954E2,2.733619884E-2,-1.160643063E-2,1.710421406E-2
4.660293499E2,-1.420260593E-2,5.497782957E-3,7.452550530E-2
4.665334043E2,2.000582218E-2,-4.276053607E-2,-3.451386094E-2
4.670374584E2,6.734783947E-2,-8.399390616E-3,-3.237583488E-2
4.675415121E2,-6.963858753E-2,5.742128938E-2,-4.428769462E-3
4.680455655E2,-2.076940238E-2,2.000582218E-2,1.557705179E-2
4.685496185E2,3.787361458E-2,-1.924224012E-2,2.641990222E-2
4.690536712E2,5.650499370E-3,6.261364091E-3,4.276053514E-3
4.695577236E2,-1.527161949E-4,1.099556591E-2,-1.878409274E-2
4.700617756E2,-1.527161949E-4,1.023198478E-2,-9.162971750E-3
4.705658273E2,3.359756200E-3,-1.252272818E-2,-2.901607659E-3
4.710698791E2,1.084284950E-2,-9.468403645E-3,-6.108647794E-4
4.715739310E2,7.635809947E-3,9.315688163E-3,1.374445739E-3
4.720779827E2,-1.756236330E-2,2.703076601E-2,1.832594397E-3
4.725820340E2,-7.315105945E-2,6.826414168E-2,1.954767294E-2
4.730860849E2,5.955931731E-3,4.581485991E-4,2.443459118E-3
4.735901354E2,5.482511222E-2,-4.428769648E-2,1.832594397E-3
4.740941851E2,-9.926552884E-3,1.970038936E-2,1.649334840E-2
4.745982350E2,3.008509055E-2,-2.535088919E-2,-6.108647678E-3
4.751022845E2,7.299833745E-2,-3.741546720E-2,-3.283398226E-2
4.756063337E2,-2.321286127E-2,1.802051067E-2,3.390299529E-2
4.761103827E2,4.581485991E-4,-8.246674202E-3,1.588248461E-2
4.766144315E2,1.466075517E-2,-2.993237413E-2,-1.099556591E-2
4.771184800E2,5.268708616E-2,-7.101303339E-2,-2.504545636E-2
4.776225282E2,-5.955931731E-3,4.688387364E-2,6.108647678E-3
4.781265760E2,1.267544460E-2,-4.612028971E-2,-2.901607659E-3
4.786306234E2,-4.749473557E-2,8.567378670E-2,2.138026757E-3
4.791346707E2,-2.168570012E-1,2.002109289E-1,4.978547990E-2
4.796387178E2,-7.467821985E-2,2.031125315E-2,-6.566796452E-3
4.801427647E2,2.809977904E-2,1.191186346E-2,-1.603520103E-2
4.806468114E2,-6.872228812E-3,2.535088919E-2,-6.872228812E-3
4.811508580E2,1.345429718E-1,-2.357937992E-1,-2.504545636E-2
4.816549046E2,1.437059343E-1,-3.634645417E-2,-4.581485991E-4
4.821589516E2,-5.329795182E-2,3.451386094E-2,1.087339297E-1
4.826629996E2,1.808159798E-1,-5.115992576E-2,6.154462695E-2
4.831670479E2,6.414080411E-2,-1.096502244E-1,2.489273995E-2
4.836710965E2,-7.941242307E-3,-4.932733253E-2,2.901607752E-2
4.841751451E2,3.787361458E-2,-4.856374860E-2,-2.428187430E-2
4.846791936E2,7.880155742E-2,-4.505127668E-2,2.504545636E-2
4.851832419E2,-3.145953640E-2,1.450803876E-2,-7.009673119E-2
4.856872900E2,-3.891208768E-1,3.744601011E-1,-8.491020650E-2
4.861913383E2,-4.292852283E-1,6.585122347E-1,6.459894776E-2
4.866953865E2,3.069595434E-2,-8.017600328E-2,1.678351015E-1
4.871994348E2,2.886336111E-2,-3.999637067E-1,-9.926552325E-2
4.877034831E2,3.040579557E-1,-3.058905303E-1,4.642572254E-2
4.882075319E2,2.814559340E-1,-2.266308367E-1,-3.863719851E-2
4.887115809E2,6.643154472E-2,2.535088919E-2,2.275471389E-2
4.892156299E2,6.093376130E-2,-8.460476995E-2,-4.841103405E-2
4.897196787E2,-2.657261863E-2,-3.878991306E-2,6.383536756E-2
4.902237271E2,1.171333194E-1,-2.144135386E-1,5.345067009E-3
4.907277752E2,-9.010255337E-3,1.679878123E-2,-4.505127668E-2
4.912318231E2,-6.001746282E-2,8.063415438E-2,1.298087649E-2
4.917358708E2,-6.719512399E-3,2.840521187E-2,-4.505127668E-2
4.922399182E2,-1.145371422E-2,2.901607659E-3,1.282816008E-2
4.927439650E2,-1.542433538E-2,5.818486959E-2,-2.596175298E-3
4.932480115E2,-2.596175298E-3,4.123337101E-3,-1.130099874E-2
4.937520576E2,-5.192350596E-3,1.527161949E-4,-9.010255337E-3
4.942561034E2,3.359756200E-3,2.153298259E-2,5.955931731E-3
4.947601488E2,-5.497782957E-3,5.039634649E-3,-5.497782957E-3
4.952641939E2,1.099556591E-2,1.985310577E-3,-4.428769462E-3
4.957682388E2,3.665188793E-3,6.108647794E-4,-1.053741761E-2
4.962722834E2,-8.246674202E-3,7.483093534E-3,4.581485991E-4
4.967763276E2,-1.221729536E-2,2.000582218E-2,-4.581485875E-3
4.972803715E2,2.596175298E-3,1.832594397E-3,-8.399390616E-3
4.977844151E2,3.512472380E-3,6.566796452E-3,-5.345067009E-3
4.982884584E2,6.872228812E-3,3.665188793E-3,4.581485875E-3
4.987925015E2,2.290742937E-3,8.857538924E-3,1.527161920E-3
4.992965444E2,4.123337101E-3,2.138026757E-3,4.123337101E-3
4.998005870E2,6.719512399E-3,-4.123337101E-3,3.207040019E-3
5.003046294E2,-1.069013379E-3,4.123337101E-3,-7.177661173E-3
5.008086717E2,-1.145371422E-2,2.061668597E-2,-1.572976820E-2
5.013127140E2,-1.893680729E-2,1.817322709E-2,7.024944760E-3
5.018167562E2,8.093958721E-3,3.970621154E-3,-5.345067009E-3
5.023207984E2,-8.704823442E-3,1.664606482E-2,-8.093958721E-3
5.028248405E2,-1.771507785E-2,3.207040206E-2,7.941242307E-3
5.033288826E2,-1.450803876E-2,2.855792828E-2,1.069013379E-3
5.038329246E2,-1.221729536E-2,9.621120058E-3,-2.443459118E-3
5.043369667E2,-4.276053514E-3,7.483093534E-3,4.123337101E-3
5.048410092E2,-1.565341055E-1,-7.009673119E-2,3.344484791E-2
5.053450523E2,5.406153202E-2,-2.901607659E-3,8.567378670E-2
5.058490956E2,2.076940238E-2,2.550360374E-2,3.970621154E-3
5.063531389E2,9.269873053E-2,-1.391244531E-1,-1.041524485E-1
5.068571821E2,-5.085449293E-2,3.375028074E-2,1.362228394E-1
5.073612252E2,3.909534588E-2,-1.908952370E-2,-6.612611562E-2
5.078652681E2,6.719512399E-3,-3.390299529E-2,1.130099874E-2
5.083693108E2,-5.192350596E-2,2.067777216E-1,-3.772090003E-2
5.088733531E2,2.703076601E-2,-1.281288862E-1,2.703076601E-2
5.093773952E2,1.417206228E-1,-2.342666388E-1,-1.476765573E-1
5.098814372E2,-1.293506175E-1,2.580903769E-1,1.543960720E-1
5.103854791E2,6.780599058E-2,-2.113592178E-1,-3.669770062E-1
5.108895212E2,-1.282816008E-2,2.825249545E-2,1.136208475E-1
5.113935633E2,1.794415265E-1,-2.431241870E-1,-1.463021189E-1
5.118976053E2,1.521053314E-1,4.031707719E-2,-1.469129771E-1
5.124016474E2,-4.428769648E-2,1.588248461E-2,1.111773923E-1
5.129056899E2,2.704603672E-1,-3.139844835E-1,-1.302669197E-1
5.134097326E2,4.673115537E-2,-1.574503928E-1,2.362519503E-1
5.139137752E2,3.274235129E-1,-2.600756884E-1,-3.045161068E-1
5.144178176E2,3.359756246E-2,-1.342375278E-1,1.617264450E-1
5.149218598E2,2.968802750E-1,-2.457203567E-1,-2.788597643E-1
5.154259016E2,2.264781147E-1,-1.699731201E-1,1.846338809E-1
5.159299434E2,-1.371391416E-1,2.496909797E-1,1.142317131E-1
5.164339850E2,-2.015853822E-1,8.353576064E-2,1.829539984E-1
5.169380266E2,1.655443609E-1,5.207622424E-2,-1.093447953E-1
5.174420683E2,1.246164143E-1,-1.424842030E-1,-1.291978955E-1
5.179461101E2,-2.107483447E-1,2.770271897E-1,1.632536054E-1
5.184501522E2,-1.663079411E-1,2.054032832E-1,-1.817322709E-2
5.189541945E2,2.061668634E-1,-2.484692484E-1,1.473711282E-1
5.194582367E2,1.340848207E-1,-1.360701323E-1,-1.165224537E-1
5.199622788E2,-3.527744114E-2,1.679878100E-3,8.078686893E-2
5.204663210E2,1.466075517E-2,8.796452731E-2,-5.894844979E-2
5.209703633E2,3.711003438E-2,-4.276053607E-2,1.649334840E-2
5.214744055E2,3.359756200E-3,-1.618791744E-2,3.100138716E-2
5.219784479E2,7.941242307E-3,-9.498947114E-2,-5.192350596E-3
5.224824907E2,5.681042373E-2,1.055268943E-1,-1.073594838E-1
5.229865338E2,-2.046396956E-2,-7.284562290E-2,1.432477981E-1
5.234905775E2,1.221729559E-3,-7.177661173E-3,-4.092793912E-2
5.239946215E2,-5.329795182E-2,-1.012508348E-1,5.329795182E-2
5.244986659E2,3.283398226E-2,1.328630894E-1,-1.206457894E-2
5.250027108E2,-3.237583488E-2,5.497782957E-3,-4.535670951E-2
5.255067560E2,-3.817904741E-2,7.024945319E-2,1.527161949E-4
5.260108016E2,-7.757982612E-2,1.346956789E-1,4.398226365E-2
5.265148475E2,1.307250559E-1,-2.012799382E-1,-7.131846249E-2
5.270188938E2,-1.084284950E-2,-0.000000000E0,7.483093534E-3
5.275229405E2,-3.436114267E-2,7.880155742E-2,7.483093534E-3
5.280269874E2,-1.053741761E-2,2.596175298E-3,-1.679878100E-3
5.285310346E2,6.246092543E-2,-2.825249545E-2,-4.001164436E-2
5.290350821E2,2.794706449E-2,-6.230820715E-2,5.314523727E-2
5.295391299E2,-1.298087649E-2,-7.880155742E-2,-6.001746282E-2
5.300431778E2,-1.154534444E-1,2.480110973E-1,1.328630932E-2
5.305472258E2,9.147699922E-2,-1.062904745E-1,-2.901607752E-2
5.310512736E2,-1.634063199E-2,4.810560122E-2,7.483093534E-3
5.315553213E2,-2.290742844E-2,4.948004708E-2,6.169734150E-2
5.320593687E2,1.362228394E-1,-1.608101577E-1,-6.658425927E-2
5.325634160E2,2.748891478E-3,-2.229656465E-2,4.917461425E-2
5.330674629E2,-3.252854943E-2,4.046979174E-2,-2.886336111E-2
5.335715097E2,-4.489856213E-2,5.604684353E-2,-1.374445762E-2
5.340755563E2,-5.222893879E-2,4.474584386E-2,3.436114267E-2
5.345796026E2,7.483093441E-2,-6.322450191E-2,-3.588830680E-2
5.350836488E2,-1.069013379E-3,-1.282816008E-2,-1.481347065E-2
5.355876949E2,-5.803215317E-3,2.641990222E-2,-1.802051067E-2
5.360917410E2,-2.641990222E-2,4.016435891E-2,1.404988952E-2
5.365957872E2,-4.718930274E-2,5.497782957E-3,6.093376130E-2
5.370998337E2,6.719512492E-2,-6.597339362E-2,-4.062250629E-2
5.376038804E2,5.345066637E-2,-2.000582218E-2,-3.069595434E-2
5.381079272E2,-5.971203372E-2,-4.291325063E-2,6.566796452E-3
5.386119742E2,-9.346231073E-2,2.477056682E-1,-1.160643063E-2
5.391160213E2,3.207040019E-3,3.161225095E-2,2.809977904E-2
5.396200685E2,3.176496923E-2,-3.283398226E-2,3.817904973E-3
5.401241161E2,2.748891478E-3,-4.413498193E-2,-1.282816008E-2
5.406281642E2,2.107483521E-2,-7.024944760E-3,-1.939495653E-2
5.411322132E2,-3.039052337E-2,8.353576064E-2,-3.588830680E-2
5.416362631E2,-3.145953640E-2,2.122755162E-2,1.420260593E-2
5.421403139E2,1.466075517E-2,-2.275471389E-2,3.115410358E-2
5.426443655E2,7.544180006E-2,-3.359756246E-2,7.483093534E-3
5.431484181E2,-7.330377400E-2,1.572976820E-2,4.963276163E-2
5.436524717E2,6.795870513E-2,2.336557768E-2,-5.955931544E-2
5.441565262E2,-3.375028074E-2,-4.581485875E-3,-1.786779426E-2
5.446605814E2,-4.520399496E-2,5.360338464E-2,-1.038470119E-2
5.451646375E2,1.970038936E-2,-2.183841541E-2,3.054323839E-3
5.456686941E2,8.857539296E-2,-1.452330947E-1,-4.306596518E-2
5.461727513E2,1.189659163E-1,-5.574141070E-2,-2.031125315E-2
5.466768096E2,-1.853974611E-1,2.345720828E-1,4.978547990E-2
5.471808693E2,4.474584386E-2,-1.114828214E-1,2.321286127E-2
5.476849303E2,1.035415828E-1,-3.207040206E-2,-4.856374860E-2
5.481889927E2,-6.673697382E-2,6.001746282E-2,2.168569900E-2
5.486930563E2,-1.221729536E-2,8.536835015E-2,1.371391416E-1
5.491971208E2,1.359174121E-2,-3.313941509E-2,-6.490438432E-2
5.497011860E2,3.756818548E-2,-6.230820715E-2,-7.635809947E-3
5.502052523E2,9.666935354E-2,-3.283398226E-2,-6.582067907E-2
5.507093195E2,-4.276053607E-2,-1.771507785E-2,5.299251899E-2
5.512133876E2,-1.620318890E-1,1.279761642E-1,3.543015569E-2
5.517174568E2,-5.192350596E-3,5.833758786E-2,3.207040206E-2
5.522215268E2,8.292489499E-2,-5.314523727E-2,-2.641990222E-2
5.527255975E2,6.414080039E-3,-4.016435891E-2,-2.962694131E-2
5.532296684E2,-7.238747925E-2,8.109229803E-2,3.680460155E-2
5.537337395E2,2.076940238E-2,-4.978547990E-2,-9.269873053E-2
5.542378105E2,7.467821985E-2,-5.513054505E-2,1.404988952E-2
5.547418815E2,-3.329212964E-2,3.222311661E-2,8.399390616E-3
5.552459523E2,1.817322709E-2,6.688969582E-2,-3.711003438E-2
5.557500231E2,-1.279761642E-1,-4.352411628E-2,1.113301069E-1
5.562540938E2,9.544762224E-2,1.377500147E-1,-7.925970852E-2
5.567581642E2,-3.498727977E-1,1.508836001E-1,1.269071549E-1
5.572622344E2,1.982256174E-1,-2.443459071E-2,-1.737910360E-1
5.577663044E2,-1.863137633E-2,-3.833176568E-2,5.528326333E-2
5.582703741E2,1.893680729E-2,-1.175914705E-2,-1.252272818E-2
5.587744437E2,6.566796452E-3,-2.138026804E-2,7.498364896E-2
5.592785130E2,1.046105921E-1,-3.420842811E-2,1.247691289E-1
5.597825823E2,-9.880737960E-2,1.154534444E-1,1.204930767E-1
5.602866515E2,1.243109852E-1,-7.024944760E-3,-1.482874304E-1
5.607907210E2,-1.091920808E-1,4.581485689E-2,1.154534444E-1
5.612947908E2,-8.903354406E-2,7.055488229E-2,-7.941242307E-2
5.617988611E2,-9.254601598E-2,6.337722391E-2,2.962694131E-2
5.623029319E2,1.452330947E-1,-8.048143238E-2,-1.073594838E-1
5.628070035E2,-7.467821985E-2,1.786779426E-2,7.910698652E-2
5.633110759E2,7.024945319E-2,-4.886918142E-2,-5.681042373E-2
5.638151488E2,-1.954767294E-2,3.237583488E-2,3.359756200E-3
5.643192218E2,5.986474827E-2,-1.864664704E-1,4.520399496E-2
5.648232952E2,1.165224537E-1,-8.170316368E-2,-9.392046183E-2
5.653273687E2,2.794706449E-2,-5.268708616E-2,1.298087649E-2
5.658314423E2,-5.787943676E-2,1.175914705E-2,3.894263133E-2
5.663355162E2,-9.834922850E-2,1.430950761E-1,3.054323897E-4
5.668395904E2,9.468403645E-3,1.069013379E-3,-3.222311661E-2
5.673436647E2,1.511890348E-2,8.643736690E-2,-4.169152305E-2
5.678477392E2,-1.884517819E-1,1.716530025E-1,5.070177838E-2
5.683518140E2,1.293506175E-1,-1.119409725E-1,-1.145371497E-1
5.688558889E2,3.665188700E-2,-1.189659163E-1,6.627883017E-2
5.693599638E2,7.635809481E-2,-6.230820715E-2,-1.802051067E-2
5.698640390E2,7.040216774E-2,-9.361502528E-2,1.069013402E-2
5.703681143E2,1.542433538E-2,2.306014486E-2,-1.563813835E-1
5.708721902E2,-1.872300506E-1,2.090684772E-1,1.160643101E-1
5.713762667E2,-5.833758786E-2,5.314523727E-2,-1.023198478E-2
5.718803434E2,2.825249545E-2,-4.581485991E-4,1.252272818E-2
5.723844201E2,1.131627038E-1,-1.281288862E-1,-3.512472380E-3
5.728884965E2,1.777616441E-1,-1.950185746E-1,-3.237583488E-2
5.733925725E2,2.474002354E-2,-3.527744114E-2,6.169734150E-2
5.738966480E2,7.941242307E-3,6.566796452E-3,-1.481347065E-2
5.744007230E2,-1.099556591E-2,1.679878123E-2,1.420260593E-2
5.749047977E2,-5.650499370E-3,3.420842811E-2,-1.023198478E-2
5.754088721E2,-4.734201822E-3,5.192350596E-3,-1.099556591E-2
5.759129464E2,-5.665770918E-2,9.621120244E-2,8.552107029E-3
5.764170203E2,-1.114828233E-2,1.985310577E-3,-1.970038936E-2
5.769210940E2,-5.650499370E-3,2.733619884E-2,-2.901607659E-3
5.774251681E2,-1.343902480E-2,4.214967042E-2,-7.177661173E-3
5.779292423E2,-1.802051067E-2,-2.138026757E-3,3.665188793E-3
5.784333163E2,-4.276053514E-3,-5.345067009E-3,4.734201822E-3
5.789373899E2,4.169152305E-2,-9.926552884E-3,-1.206457894E-2
5.794414634E2,4.123337101E-3,1.298087649E-2,-6.108647794E-4
5.799455368E2,-5.803215317E-3,2.412915789E-2,3.054323897E-4
5.804496102E2,-2.916879393E-2,2.306014486E-2,1.206457894E-2
5.809536833E2,-2.092211880E-2,1.817322709E-2,1.404988952E-2
5.814577561E2,2.351829410E-2,-2.199113183E-2,-1.435532235E-2
5.819618287E2,-2.076940238E-2,3.817904741E-2,-9.315688163E-3
5.824659011E2,-7.635809947E-3,3.940077871E-2,-4.581485991E-4
5.829699735E2,-5.451968312E-2,5.375609919E-2,-3.359756200E-3
5.834740459E2,2.809977904E-2,-3.512472659E-2,1.634063199E-2
5.839781182E2,2.550360374E-2,-2.260199748E-2,-6.719512399E-3
5.844821903E2,-6.414080039E-3,1.237001177E-2,-4.581485875E-3
5.849862621E2,-3.252854943E-2,2.244928107E-2,2.351829410E-2
5.854903340E2,8.216131479E-2,-1.298087686E-1,2.855792828E-2
5.859944058E2,4.230238497E-2,-2.122755162E-2,9.162971750E-3
5.864984776E2,5.131264031E-2,-2.871064469E-2,-2.199113183E-2
5.870025494E2,2.046396956E-2,-3.558287397E-2,1.893680729E-2
5.875066213E2,-3.054323979E-2,2.855792828E-2,-1.679878123E-2
5.880106931E2,-2.748891525E-2,4.321868345E-2,7.483093534E-3
5.885147647E2,-7.437278330E-2,8.109229803E-2,-4.566214234E-2
5.890188359E2,-5.146535859E-2,8.261945844E-2,2.962694131E-2
5.895229069E2,-2.321286127E-2,3.940077871E-2,5.192350596E-3
5.900269776E2,-1.603520103E-2,2.321286127E-2,2.290742937E-3
5.905310481E2,-7.941242307E-3,4.734201822E-3,-1.221729559E-3
5.910351188E2,6.108647794E-4,-1.221729536E-2,-1.679878123E-2
5.915391898E2,7.788525894E-3,-7.177661173E-3,6.414080039E-3
5.920432615E2,2.138026757E-3,-1.527161920E-3,-3.054323897E-4
5.925473334E2,-1.603520103E-2,1.466075517E-2,9.162971983E-4
5.930514054E2,5.039634649E-3,4.123337101E-3,3.817904973E-3
5.935554773E2,4.581485991E-4,1.435532235E-2,-2.596175298E-3
5.940595489E2,-3.054323839E-3,1.175914705E-2,1.221729559E-3
5.945636206E2,2.290742937E-3,8.704823442E-3,-1.007926930E-2
5.950676924E2,-9.926552884E-3,2.855792828E-2,-1.908952370E-2
5.955717640E2,-2.672533318E-2,1.878409274E-2,1.420260593E-2
5.960758356E2,9.162971750E-3,8.552107029E-3,1.114828233E-2
5.965799068E2,-9.162971750E-3,-5.192350596E-3,-1.771507785E-2
5.970839775E2,1.237001177E-2,-1.924224012E-2,1.511890348E-2
5.975880479E2,1.771507785E-2,-5.192350596E-3,-1.374445739E-3
5.980921180E2,1.985310577E-2,3.817904973E-3,-1.023198478E-2
5.985961877E2,3.054323897E-4,-9.773836471E-3,9.162971983E-4
5.991002571E2,3.665188793E-3,4.428769462E-3,-2.443459118E-3
5.996043261E2,3.054323897E-4,7.483093534E-3,-6.108647794E-4
6.001083946E2,-9.162971750E-3,9.162971750E-3,-1.069013379E-3
6.006124627E2,6.108647794E-4,9.926552884E-3,0.000000000E0
6.011165305E2,-3.054323897E-4,4.886918236E-3,3.512472380E-3
6.016205982E2,-6.108647794E-4,6.261364091E-3,-1.221729559E-3
6.021246656E2,-6.108647678E-3,9.773836471E-3,-5.039634649E-3
6.026287329E2,-1.985310577E-3,2.901607659E-3,2.290742937E-3
6.031328000E2,6.719512399E-3,2.748891478E-3,2.748891478E-3
6.036368670E2,-5.803215317E-3,8.552107029E-3,-4.581485991E-4
6.041409336E2,1.527161949E-4,1.007926930E-2,-4.581485991E-4
6.046450000E2,2.443459118E-3,4.886918236E-3,1.527161949E-4
6.051490662E2,-1.404988952E-2,2.504545636E-2,-3.207040019E-3
6.056531321E2,-1.695149764E-2,5.803215317E-3,-2.596175298E-3
6.061571976E2,1.023198478E-2,-1.511890348E-2,-8.399390616E-3
6.066612631E2,1.756236330E-2,-7.483093534E-3,-6.261364091E-3
6.071653283E2,-2.199113183E-2,6.322450191E-2,-1.282816008E-2
6.076693931E2,-7.238747925E-2,1.070540547E-1,-5.345067009E-3
6.081734575E2,-1.511890348E-2,6.414080039E-3,-4.886918236E-3
6.086775216E2,-2.138026804E-2,2.565632015E-2,-1.206457894E-2
6.091815855E2,-2.428187430E-2,4.780016840E-2,5.650499370E-3
6.096856491E2,2.904661894E-1,-2.521344423E-1,1.710421406E-2
6.101897126E2,1.896735132E-1,-1.256854236E-1,-4.489856213E-2
6.106937760E2,-4.291325063E-2,6.841685623E-2,7.330377586E-3
6.111978393E2,-2.244928107E-2,-6.123919412E-2,2.886336111E-2
6.117019028E2,1.088866442E-1,-2.018908113E-1,6.780599058E-2
6.122059671E2,-8.246674389E-2,2.565632015E-2,-7.788525894E-3
6.127100325E2,-6.322450191E-2,-4.581485991E-4,3.176496923E-2
6.132140987E2,-9.483675659E-2,-1.881463528E-1,-1.878409274E-2
6.137181655E2,3.077231348E-1,-1.574503928E-1,1.519526094E-1
6.142222326E2,5.829176903E-1,-4.969384968E-1,4.990765154E-1
6.147262997E2,-7.864884287E-2,1.815795600E-1,-7.559451461E-2
6.152303666E2,-1.595884264E-1,1.511890348E-2,-4.138609022E-2
6.157344335E2,2.809977904E-2,2.168569900E-2,4.123337194E-2
6.162385003E2,1.046105921E-1,-1.133154184E-1,1.018617004E-1
6.167425669E2,3.390299529E-2,3.359756246E-2,1.985310577E-3
6.172466333E2,1.985310577E-2,-5.436696485E-2,7.956513762E-2
6.177506995E2,2.886336111E-2,1.359174121E-2,1.970038936E-2
6.182547657E2,2.122755162E-2,-3.054323979E-2,5.955931731E-3
6.187588323E2,1.084284950E-2,1.985310577E-2,-4.734201822E-3
6.192628993E2,4.505127668E-2,-1.053741761E-2,6.643154472E-2
6.197669666E2,-1.527161920E-3,1.343902480E-2,1.424842030E-1
6.202710346E2,-2.336557768E-2,-4.108065739E-2,5.604684353E-2
6.207751029E2,9.010255337E-3,-1.120936871E-1,4.978547990E-2
6.212791716E2,1.069013379E-3,1.114828233E-2,-1.832594397E-3
6.217832407E2,-4.581485875E-3,-1.695149764E-2,-3.665188793E-3
6.222873099E2,-2.290742937E-3,-3.252854943E-2,-2.596175298E-3
6.227913794E2,7.788525894E-3,3.665188700E-2,6.261364091E-3
6.232954491E2,3.207040019E-3,1.878409274E-2,6.108647794E-4
6.237995188E2,4.276053514E-3,2.840521187E-2,-1.511890348E-2
6.243035885E2,-2.031125315E-2,2.153298259E-2,-1.084284950E-2
6.248076586E2,-6.963858753E-2,-3.176496923E-2,-3.420842811E-2
6.253117295E2,-8.552107029E-3,-6.108647678E-3,-1.023198478E-2
6.258158013E2,8.246674202E-3,5.085449293E-2,2.321286127E-2
6.263198741E2,1.389717404E-2,-2.443459118E-3,-1.481347065E-2
6.268239481E2,1.160643063E-2,8.093958721E-3,1.786779426E-2
6.273280228E2,-4.428769462E-3,-1.237001177E-2,-1.404988952E-2
6.278320983E2,-9.162971983E-4,1.343902480E-2,5.345067009E-3
6.283361741E2,-1.710421406E-2,8.689551800E-2,-2.214384824E-2
6.288402501E2,-1.970038936E-2,-1.679878100E-3,-9.010255337E-3
6.293443258E2,-4.825831577E-2,7.849612087E-2,-1.508836001E-1
6.298484015E2,-4.195113778E-1,6.093376130E-2,-5.465712547E-1
6.303524775E2,3.480401933E-1,-7.483093441E-2,-1.512806654E0
6.308565539E2,1.084590435E0,4.254673123E-1,-9.224058390E-1
6.313606308E2,-7.446441650E-1,1.161406636E0,-9.798271060E-1
6.318647077E2,-3.066541255E-1,-4.360047281E-1,1.331685185E-1
6.323687846E2,7.559451461E-2,3.113883138E-1,1.175914705E-2
6.328728614E2,-1.035415828E-1,8.613193035E-2,2.206749022E-1
6.333769385E2,-6.230820715E-2,-5.160280466E-1,2.428187430E-1
6.338810161E2,4.718930274E-2,-1.221729591E-1,2.153298259E-2
6.343850940E2,5.024362728E-2,-9.804379940E-2,8.796452731E-2
6.348891718E2,-3.400989771E-1,-1.586721241E-1,2.449567765E-1
6.353932492E2,-1.120936871E-1,-1.319467872E-1,-6.963858753E-2
6.358973263E2,-2.489273995E-2,-1.177594543E0,4.334085584E-1
6.364014030E2,-8.029817343E-1,1.188437462E0,1.307708740E0
6.369054794E2,-1.558774233E0,7.293725610E-1,-1.302821875E0
6.374095553E2,-5.407680273E-1,1.104138121E-1,-4.954113364E-1
6.379136309E2,1.382845163E0,4.001164436E-2,4.613556266E-1
6.384177060E2,-3.239110410E-1,1.479819864E-1,2.438877672E-1
6.389217807E2,-1.353065521E-1,1.970038861E-1,1.481347065E-2
6.394258550E2,1.565341055E-1,-2.687804960E-2,5.406153202E-2
6.399299288E2,6.235402226E-1,2.028071135E-1,-1.098029464E-1
6.404340022E2,4.083631039E-1,-3.558287397E-2,5.071704984E-1
6.409380755E2,2.229656428E-1,-2.304487377E-1,-4.109592736E-1
6.414421483E2,1.055268943E-1,-3.970621154E-3,1.130099874E-2
6.419462210E2,4.199695215E-2,-2.596175298E-3,-1.107192412E-1
6.424502933E2,-1.548542231E-1,3.341430426E-1,5.742128938E-2
6.429543655E2,6.246092543E-2,-2.767217457E-1,-1.511890348E-2
6.434584373E2,-1.004872546E-1,-1.134681329E-1,-4.819723070E-1
6.439625089E2,-7.900008559E-1,-2.038761228E-1,1.101083755E-1
6.444665803E2,-1.785252392E-1,1.769980639E-1,-6.337722391E-2
6.449706515E2,3.636172712E-1,-3.338375986E-1,-9.758564830E-2
6.454747226E2,1.991419196E-1,-2.568686306E-1,3.613265157E-1
6.459787935E2,-1.353065521E-1,7.047852278E-1,7.211259007E-1
6.464828643E2,3.101665974E-1,-6.322450191E-2,-2.350302190E-1
6.469869349E2,1.264490038E-1,-5.592467189E-1,-2.086103261E-1
6.474910056E2,3.414734006E-1,-1.824958473E-1,7.573196292E-1
6.479950759E2,-1.085812151E-1,-5.482511222E-2,6.994401664E-2
6.484991460E2,-3.408625424E-1,4.077522457E-2,1.524107605E-1
6.490032156E2,-8.078686893E-2,3.332267404E-1,1.331685185E-1
6.495072850E2,-7.925970852E-2,8.643736690E-2,-1.834121495E-1
6.500113541E2,-1.750127524E-1,1.246164143E-1,4.627300799E-2
6.505154229E2,-1.145371497E-1,1.067486182E-1,2.580903657E-2
6.510194915E2,1.435532235E-2,1.180496216E-1,-4.856374860E-2
6.515235697E2,-3.300196826E-1,2.151771188E-1,1.366809905E-1
6.520276278E2,-3.512472510E-1,2.309068888E-1,3.246746361E-1
6.525316955E2,4.688387364E-2,6.452259421E-1,2.703076601E-2
6.530357629E2,3.178023994E-1,-1.423314959E-1,-4.535670877E-1
6.535398299E2,1.107192412E-1,2.596175298E-3,-4.613556266E-1
6.540438969E2,-2.338084877E-1,-1.918115467E-1,-3.649916872E-2
6.545479637E2,-7.299833745E-2,-3.509418070E-1,1.101083755E-1
6.550520302E2,-9.624174833E-1,5.135845542E-1,1.488982886E-1
6.555560964E2,4.474584386E-2,-1.330158114E-1,2.179260105E-1
6.560601623E2,5.238165334E-2,3.436114267E-2,-9.804379940E-2
6.565642280E2,-6.948586553E-2,7.559451461E-2,-3.665188700E-2
6.570682936E2,3.817904741E-2,-9.193515033E-2,-4.428769462E-3
6.575723589E2,-4.627300799E-2,7.605266571E-2,-4.276053514E-3
6.580764241E2,3.420842811E-2,-4.856374860E-2,2.031125315E-2
6.585804891E2,1.069013402E-2,1.252272818E-2,2.428187430E-2
6.590845538E2,-2.199113183E-2,1.044578776E-1,-5.803215317E-3
6.595886182E2,-2.489273995E-2,5.681042373E-2,2.855792828E-2
6.600926826E2,2.394589931E-1,-2.440404743E-1,-7.635809947E-3
6.605967466E2,-1.130099874E-2,8.491020650E-2,-3.878991306E-2
6.611008106E2,1.221729536E-2,-4.902189970E-2,2.229656465E-2
6.616048745E2,9.285144508E-2,-3.604102135E-2,2.703076601E-2
6.621089382E2,-6.093376130E-2,3.665188700E-2,-1.237001177E-2
6.626130018E2,1.922696829E-1,-1.525634825E-1,2.764163166E-2
6.631170654E2,-4.978547990E-2,-6.566796452E-3,1.255327165E-1
6.636211289E2,-2.138026804E-2,6.963858753E-2,5.726857483E-2
6.641251922E2,-3.543015569E-2,2.076940238E-2,-9.162971983E-4
6.646292556E2,-1.603520103E-2,9.621120058E-3,2.260199748E-2
6.651333190E2,-4.978547990E-2,1.146898642E-1,-6.108647794E-4
6.656373825E2,4.230238497E-2,-4.306596518E-2,-2.672533318E-2
6.661414460E2,-2.809977904E-2,1.267544460E-2,-7.635809598E-4
6.666455096E2,6.566796452E-2,1.252272818E-2,-1.740964688E-2
6.671495731E2,-1.392771751E-1,-5.864302069E-2,1.670715213E-1
6.676536367E2,4.062250629E-2,-3.863719851E-2,-3.237583488E-2
6.681577003E2,-8.964440972E-2,5.681042373E-2,4.688387364E-2
6.686617640E2,4.581485689E-2,-9.957095981E-2,-5.497782957E-3
6.691658278E2,1.679878100E-3,-2.825249545E-2,-8.857538924E-3
6.696698916E2,2.107483521E-2,-1.023198478E-2,-2.092211880E-2
6.701739554E2,1.404988952E-2,2.199113183E-2,3.817904741E-2
6.706780191E2,-3.207040019E-3,3.573558852E-2,2.825249545E-2
6.711820827E2,2.321286127E-2,5.894844979E-2,8.063415438E-2
6.716861462E2,8.979712427E-2,-1.988364905E-1,-7.162389904E-2
6.721902096E2,1.061377525E-1,-3.848448023E-2,-6.169734150E-2
6.726942730E2,-9.773836471E-3,-6.719512399E-3,2.489273995E-2
6.731983363E2,4.230238497E-2,-1.252272818E-2,-3.711003438E-2
6.737023996E2,9.010255337E-3,2.428187430E-2,7.941242307E-3
6.742064628E2,-2.000582218E-2,9.926552884E-3,1.542433538E-2
6.747105260E2,1.786779426E-2,-1.420260593E-2,-1.450803876E-2
6.752145892E2,4.734201822E-3,1.603520103E-2,1.084284950E-2
6.757186524E2,-3.207040206E-2,7.452550530E-2,4.276053514E-3
6.762227154E2,-3.680460155E-2,-4.428769462E-3,1.603520103E-2
6.767267783E2,3.023780696E-2,-1.832594350E-2,-2.061668597E-2
6.772308411E2,1.145371422E-2,-2.718348242E-2,-6.566796452E-3
6.777349037E2,-1.374445739E-3,9.773836471E-3,1.359174121E-2
6.782389661E2,-1.496618707E-2,9.315688163E-3,7.788525894E-3
6.787430285E2,-3.848448023E-2,6.383536756E-2,3.665188700E-2
6.792470909E2,1.542433538E-2,1.149952933E-1,3.878991306E-2
6.797511533E2,-4.245510325E-2,-2.306014486E-2,3.940077871E-2
6.802552156E2,1.038470119E-2,4.077522457E-2,3.970621154E-3
6.807592778E2,4.764745384E-2,1.160643063E-2,-1.924224012E-2
6.812633401E2,1.007926930E-2,2.199113183E-2,1.221729536E-2
6.817674026E2,5.039634649E-3,4.550942779E-2,1.069013379E-3
6.822714655E2,-4.734201822E-3,6.750056148E-2,2.657261863E-2
6.827755290E2,2.443459071E-2,1.033888608E-1,5.115992576E-2
6.832795928E2,-1.224783882E-1,4.688387364E-2,-2.764163166E-2
6.837836570E2,-4.320341051E-1,4.793761373E-1,-7.223475724E-2
6.842877215E2,-1.182481527E0,9.564615488E-1,1.973093301E-1
6.847917862E2,-9.674571157E-1,1.754403591E0,-3.538434207E-1
6.852958509E2,2.421773434E0,-1.769980639E-1,1.056796089E-1
6.857999157E2,1.188742876E0,1.296102405E0,7.162389904E-2
6.863039806E2,1.976147592E-1,1.293506175E-1,3.686569035E-1
