"Time (s)","Latitude (°)","Longitude (°)","Height (m)","Velocity (m/s)","Direction (°)","Horizontal Accuracy (m)","Vertical Accuracy (m)"
2.010127656E0,5.233803471E1,4.868832390E0,3.591210171E0,3.829999924E0,3.571000061E2,1.148431969E1,1.088503456E1
3.010106405E0,5.233807425E1,4.868818160E0,6.186777680E0,4.590000153E0,3.587000122E2,8.017366409E0,7.653841496E0
4.009557343E0,5.233814552E1,4.868785210E0,6.679229699E0,6.429999828E0,3.580000000E2,6.841647148E0,6.415762901E0
5.009705779E0,5.233822427E1,4.868775420E0,6.398939401E0,8.359999657E0,3.585000000E2,5.872142315E0,5.392647743E0
6.009639685E0,5.233828684E1,4.868764660E0,5.698703903E0,8.909999847E0,3.581000061E2,5.848040581E0,5.108585835E0
7.009813227E0,5.233836390E1,4.868752660E0,6.223219531E0,9.109999657E0,3.537999878E2,6.358638763E0,5.542476654E0
8.010207498E0,5.233846477E1,4.868742800E0,6.449918327E0,1.132999992E1,3.567000122E2,6.669202328E0,6.061636448E0
9.010249216E0,5.233856670E1,4.868731080E0,6.768353389E0,1.122000027E1,3.592999878E2,7.236632347E0,6.363248825E0
1.000963640E1,5.233865204E1,4.868715940E0,6.537446738E0,1.039999962E1,3.563999939E2,7.615282059E0,6.631131649E0
1.101002119E1,5.233874707E1,4.868706290E0,6.580238510E0,1.039999962E1,3.553999939E2,1.028566074E1,7.227097034E0
1.201027583E1,5.233885946E1,4.868701080E0,7.114634404E0,1.134000015E1,3.573999939E2,1.028719616E1,7.573395252E0
1.300984187E1,5.233900330E1,4.868668390E0,8.440013394E0,1.306999969E1,3.537999878E2,7.654640675E0,6.906688213E0
1.400985588E1,5.233911769E1,4.868664980E0,8.420702195E0,1.297000027E1,3.576000061E2,6.595824242E0,6.346139908E0
1.501033093E1,5.233923627E1,4.868634600E0,8.466689050E0,1.286999989E1,3.562999878E2,6.684944630E0,5.909222126E0
1.601000364E1,5.233933606E1,4.868628900E0,9.071257359E0,1.214999962E1,3.577999878E2,7.063889027E0,6.033382893E0
1.700984833E1,5.233942631E1,4.868621390E0,1.077108709E1,1.113000011E1,3.571000061E2,6.198835373E0,5.813500881E0
1.800959234E1,5.233952286E1,4.868613730E0,1.193656280E1,1.138000011E1,3.562999878E2,5.638258934E0,5.410664558E0
1.900977406E1,5.233961047E1,4.868613350E0,1.029654915E1,1.107999992E1,3.551000061E2,5.489780426E0,4.963305950E0
2.000985932E1,5.233970764E1,4.868604190E0,1.097148532E1,1.080000019E1,3.523999939E2,6.332748890E0,5.264928341E0
2.100998937E1,5.233979577E1,4.868593600E0,1.214836108E1,1.006999969E1,3.512999878E2,5.549855709E0,5.219202995E0
2.201032374E1,5.233988671E1,4.868587580E0,1.277708667E1,9.770000458E0,3.530000000E2,6.422296524E0,5.793487549E0
2.300970718E1,5.233995329E1,4.868567880E0,1.393299182E1,8.869999886E0,3.506000061E2,5.892966747E0,5.716208458E0
2.400953286E1,5.234003515E1,4.868566580E0,1.486291584E1,7.849999905E0,3.541000061E2,5.551428795E0,5.563701630E0
2.501033874E1,5.234009540E1,4.868560030E0,1.604494266E1,6.699999809E0,3.380000000E2,5.994945049E0,5.662571430E0
2.600968483E1,5.234014893E1,4.868555840E0,1.516171481E1,5.329999924E0,3.367999878E2,6.219659328E0,5.549279690E0
2.700999197E1,5.234018673E1,4.868546880E0,1.567061296E1,4.130000114E0,3.368999939E2,6.723238468E0,5.873118877E0
2.801021739E1,5.234021507E1,4.868554500E0,1.490057664E1,2.599999905E0,3.377999878E2,6.315162659E0,5.626093388E0
2.901018155E1,5.234023201E1,4.868555140E0,1.413808864E1,1.330000043E0,3.388999939E2,6.090940952E0,5.426443577E0
3.000985671E1,5.234023888E1,4.868564280E0,1.461429984E1,0.000000000E0,NaN,6.098408222E0,5.417697430E0
3.100986035E1,5.234023598E1,4.868563850E0,1.484671738E1,0.000000000E0,NaN,6.371901512E0,5.634643078E0
3.201024858E1,5.234023906E1,4.868565770E0,1.511405680E1,0.000000000E0,NaN,6.438055515E0,5.616919518E0
3.300941837E1,5.234024133E1,4.868567090E0,1.544084298E1,0.000000000E0,NaN,6.450169563E0,5.596767426E0
3.401014415E1,5.234024043E1,4.868569930E0,1.543425155E1,0.000000000E0,NaN,6.672515392E0,5.770916939E0
3.501019868E1,5.234023992E1,4.868573000E0,1.550786099E1,0.000000000E0,NaN,6.606714249E0,5.798489094E0
3.601034832E1,5.234024365E1,4.868578340E0,1.619121891E1,2.099999934E-1,3.370000000E2,6.661811829E0,5.772148609E0
3.700998941E1,5.234025719E1,4.868581650E0,1.647761681E1,1.080000043E0,2.700000048E0,6.327799797E0,5.593173981E0
3.800998926E1,5.234027714E1,4.868579080E0,1.713303892E1,2.269999981E0,3.532000122E2,6.300364971E0,5.613118172E0
3.901027988E1,5.234030420E1,4.868575930E0,1.712849756E1,3.150000095E0,3.518999939E2,6.025354862E0,5.413198471E0
4.001015254E1,5.234034041E1,4.868569990E0,1.643878680E1,3.880000114E0,3.521000061E2,5.904948235E0,5.211833000E0
4.101022920E1,5.234039167E1,4.868559760E0,1.693262748E1,5.119999886E0,3.492999878E2,7.039399147E0,5.864233494E0
4.200965160E1,5.234043717E1,4.868580570E0,1.742458577E1,4.480000019E0,1.600000024E0,6.478906155E0,5.676952362E0
4.301033535E1,5.234048060E1,4.868573330E0,1.772481363E1,4.519999981E0,3.562000122E2,9.172719002E0,6.439983368E0
4.401010024E1,5.234049655E1,4.868573050E0,1.894254831E1,2.750000000E0,4.699999809E0,1.106721115E1,7.031530380E0
4.500998879E1,5.234055790E1,4.868650650E0,1.852568696E1,5.289999962E0,3.800000000E1,9.116771698E0,6.410756111E0
4.600985774E1,5.234060884E1,4.868709360E0,1.881912727E1,6.019999981E0,4.220000076E1,9.027535439E0,6.058148861E0
4.701015644E1,5.234064594E1,4.868811170E0,1.812575642E1,7.489999771E0,6.009999847E1,6.255364895E0,5.608561993E0
4.801018545E1,5.234065718E1,4.868920050E0,1.599747775E1,8.020000458E0,7.830000305E1,5.032896996E0,4.932268143E0
4.900946108E1,5.234065919E1,4.869046280E0,1.625158129E1,8.079999924E0,8.059999847E1,4.581912994E0,4.673963070E0
5.001019686E1,5.234066318E1,4.869186150E0,1.536287317E1,8.710000038E0,7.109999847E1,4.850389481E0,4.501969337E0
5.100958029E1,5.234066359E1,4.869350250E0,1.531621493E1,1.027999973E1,8.450000000E1,4.155177593E0,4.112238884E0
5.200966868E1,5.234067059E1,4.869527450E0,1.572947338E1,1.107999992E1,8.540000153E1,4.060240746E0,3.926860809E0
5.301002029E1,5.234068164E1,4.869712760E0,1.605930712E1,1.194999981E1,8.609999847E1,4.107769966E0,3.905334473E0
5.400975269E1,5.234068712E1,4.869895470E0,1.586685370E1,1.235999966E1,8.840000153E1,4.434740067E0,4.182875156E0
5.500999019E1,5.234069436E1,4.870069760E0,1.694447849E1,1.226000023E1,8.709999847E1,4.416248322E0,4.072059155E0
5.600985732E1,5.234069744E1,4.870249360E0,1.726849940E1,1.231999969E1,8.759999847E1,4.442210674E0,4.027950764E0
5.701012519E1,5.234070123E1,4.870427420E0,1.824754973E1,1.231000042E1,8.890000153E1,4.426760674E0,3.960491419E0
5.800936149E1,5.234070522E1,4.870613840E0,1.897050161E1,1.214000034E1,8.559999847E1,4.377313614E0,3.910510302E0
5.901021347E1,5.234070572E1,4.870805420E0,1.849392762E1,1.214999962E1,9.000000000E1,4.335105896E0,3.757092714E0
6.000998206E1,5.234071167E1,4.870987100E0,1.853877896E1,1.197000027E1,8.919999695E1,4.203033924E0,3.578303337E0
6.100945727E1,5.234071927E1,4.871164380E0,1.850526096E1,1.181999969E1,9.200000000E1,4.116913319E0,3.511148453E0
6.200972482E1,5.234072453E1,4.871333650E0,1.866192061E1,1.147000027E1,8.340000153E1,3.993839264E0,3.391996384E0
6.300998836E1,5.234073519E1,4.871500370E0,1.863450438E1,1.131000042E1,8.930000305E1,1.000391483E1,3.266275883E0
6.401021810E1,5.234073830E1,4.871659250E0,1.914155789E1,1.100000000E1,8.930000305E1,9.989815712E0,3.223060608E0
6.501017742E1,5.234074717E1,4.871815840E0,1.965374514E1,1.080000019E1,8.859999847E1,1.001128864E1,3.269424677E0
6.600954503E1,5.234074879E1,4.871970290E0,2.039059137E1,1.047999954E1,8.650000000E1,9.988042831E0,3.199131250E0
6.700950878E1,5.234075358E1,4.872124850E0,2.023156810E1,1.023999977E1,8.550000000E1,9.967107773E0,3.171789408E0
6.801021357E1,5.234075808E1,4.872268270E0,2.029885640E1,9.949999809E0,8.569999695E1,9.993597984E0,3.189586639E0
6.900951263E1,5.234076056E1,4.872407080E0,2.034068755E1,9.670000076E0,8.500000000E1,9.991867065E0,3.155863047E0
7.000949195E1,5.234076338E1,4.872546780E0,2.017628189E1,9.319999695E0,8.730000305E1,9.994831085E0,3.152844429E0
7.101018888E1,5.234076694E1,4.872677880E0,2.013528543E1,8.909999847E0,8.669999695E1,9.989094734E0,3.104164124E0
7.200952825E1,5.234077206E1,4.872807990E0,2.022313582E1,8.539999962E0,8.519999695E1,9.942670822E0,2.942744970E0
7.300984096E1,5.234077769E1,4.872933910E0,1.995582094E1,8.109999657E0,8.509999847E1,9.935046196E0,2.812487125E0
7.401021388E1,5.234079210E1,4.873045490E0,1.962539986E1,7.690000057E0,8.609999847E1,9.935046196E0,2.653288126E0
7.500962341E1,5.234080148E1,4.873147780E0,1.887583794E1,7.289999962E0,8.569999695E1,9.935046196E0,2.548361301E0
7.601027737E1,5.234080559E1,4.873252290E0,1.863310582E1,6.860000134E0,8.659999847E1,9.935046196E0,2.548883915E0
7.700954445E1,5.234080876E1,4.873343210E0,1.828037922E1,6.429999828E0,8.840000153E1,9.935046196E0,2.500000000E0
7.800941086E1,5.234081380E1,4.873418950E0,1.823343269E1,5.800000191E0,9.000000000E1,9.935046196E0,2.500000000E0
7.901023945E1,5.234081829E1,4.873492360E0,1.821883267E1,5.179999828E0,8.769999695E1,9.935046196E0,2.567992210E0
8.000948080E1,5.234081948E1,4.873552800E0,1.851080017E1,4.599999905E0,8.730000305E1,9.935046196E0,2.589140177E0
8.100969638E1,5.234082011E1,4.873611190E0,1.830502400E1,4.150000095E0,8.719999695E1,9.935046196E0,2.910434961E0
8.201001278E1,5.234081848E1,4.873668110E0,1.841912905E1,3.789999962E0,8.640000153E1,9.951076508E0,3.245193243E0
8.300963065E1,5.234081459E1,4.873712480E0,1.921858750E1,3.400000095E0,8.780000305E1,1.003123283E1,3.378437996E0
8.400975820E1,5.234080840E1,4.873754560E0,1.987222840E1,3.000000000E0,8.650000000E1,1.010574245E1,3.532984495E0
8.501001716E1,5.234080590E1,4.873794530E0,2.026586353E1,2.740000010E0,8.559999847E1,1.017342949E1,3.613638639E0
8.601035189E1,5.234080275E1,4.873822590E0,2.136383661E1,1.860000014E0,8.490000153E1,1.016023159E1,3.526419401E0
8.700985330E1,5.234079782E1,4.873851690E0,2.128889519E1,1.950000048E0,8.659999847E1,1.014818287E1,3.461839437E0
8.801036715E1,5.234079250E1,4.873872970E0,2.152797461E1,1.419999957E0,8.619999695E1,1.010645008E1,3.387278080E0
8.900987502E1,5.234078769E1,4.873881840E0,2.189076589E1,6.200000048E-1,8.469999695E1,1.007103062E1,3.303208590E0
9.001000481E1,5.234078023E1,4.873877380E0,2.188031581E1,0.000000000E0,NaN,1.018182850E1,3.625224352E0
9.101013543E1,5.234077840E1,4.873874400E0,2.177398828E1,0.000000000E0,NaN,4.474057674E0,3.890166283E0
9.200962596E1,5.234077559E1,4.873866940E0,2.168731013E1,0.000000000E0,NaN,4.185280800E0,3.524393082E0
9.300980085E1,5.234077528E1,4.873863450E0,2.180583796E1,0.000000000E0,NaN,4.282864094E0,3.622041464E0
9.400999778E1,5.234077468E1,4.873860830E0,2.167570866E1,0.000000000E0,NaN,4.306540012E0,3.671683073E0
9.500956851E1,5.234077458E1,4.873860460E0,2.170622589E1,0.000000000E0,NaN,4.391044140E0,3.820030928E0
9.601019845E1,5.234077442E1,4.873860350E0,2.170885011E1,0.000000000E0,NaN,4.501245975E0,3.973209381E0
9.700975720E1,5.234077424E1,4.873860400E0,2.172374246E1,0.000000000E0,NaN,4.411445618E0,3.867538691E0
9.800955048E1,5.234077034E1,4.873863910E0,2.026811154E1,2.599999905E-1,3.173999939E2,4.071681499E0,3.397291422E0
9.900974121E1,5.234076181E1,4.873875450E0,1.935910957E1,0.000000000E0,NaN,3.972521305E0,3.280709982E0
1.000095263E2,5.234075461E1,4.873877660E0,1.888693273E1,0.000000000E0,NaN,3.898744822E0,3.165256023E0
1.010097319E2,5.234074989E1,4.873877460E0,1.897615936E1,0.000000000E0,NaN,3.790092468E0,2.993149281E0
1.020098785E2,5.234074833E1,4.873876850E0,1.893617879E1,0.000000000E0,NaN,3.790092468E0,3.008664846E0
1.030099565E2,5.234074730E1,4.873876660E0,1.904066942E1,0.000000000E0,NaN,3.790092468E0,3.012326002E0
1.040101082E2,5.234074579E1,4.873876120E0,1.906398241E1,0.000000000E0,NaN,3.831175089E0,3.110507965E0
1.050096327E2,5.234074488E1,4.873875230E0,1.905098013E1,0.000000000E0,NaN,3.841189384E0,3.120888233E0
1.060096454E2,5.234074362E1,4.873875140E0,1.919904959E1,0.000000000E0,NaN,3.901997805E0,3.230108261E0
1.070098791E2,5.234074301E1,4.873874720E0,1.915205142E1,0.000000000E0,NaN,3.810792923E0,3.106227875E0
1.080096179E2,5.234074273E1,4.873874600E0,1.916737078E1,0.000000000E0,NaN,3.854373455E0,3.186233044E0
1.090103111E2,5.234074261E1,4.873874560E0,1.916462401E1,0.000000000E0,NaN,3.833917379E0,3.141497135E0
1.100103303E2,5.234074237E1,4.873876170E0,1.887653866E1,0.000000000E0,NaN,3.790092468E0,2.870494604E0
1.110096896E2,5.234074229E1,4.873876600E0,1.887702707E1,0.000000000E0,NaN,3.790092468E0,2.917865753E0
1.120094287E2,5.234074163E1,4.873876780E0,1.880079334E1,0.000000000E0,NaN,3.790092468E0,2.885736704E0
1.130098250E2,5.234074159E1,4.873876870E0,1.881593005E1,0.000000000E0,NaN,3.790092468E0,2.701942444E0
1.140095769E2,5.234074151E1,4.873876860E0,1.881873755E1,0.000000000E0,NaN,3.790092468E0,2.832298279E0
1.150098830E2,5.234074141E1,4.873876850E0,1.882087363E1,0.000000000E0,NaN,3.790092468E0,2.952156544E0
1.160095828E2,5.234074127E1,4.873876820E0,1.882581727E1,0.000000000E0,NaN,3.790092468E0,2.993758440E0
1.170105678E2,5.234074117E1,4.873876780E0,1.882538986E1,0.000000000E0,NaN,3.790092468E0,3.023084641E0
1.180102613E2,5.234074107E1,4.873876710E0,1.882777005E1,0.000000000E0,NaN,3.854617596E0,3.157640934E0
1.190095560E2,5.234074094E1,4.873876640E0,1.882667119E1,0.000000000E0,NaN,3.790092468E0,2.859061003E0
1.200100073E2,5.234074086E1,4.873876610E0,1.882947868E1,0.000000000E0,NaN,3.790092468E0,2.953170061E0
1.210094414E2,5.234074083E1,4.873876580E0,1.883210313E1,0.000000000E0,NaN,3.790092468E0,2.900498867E0
1.220100093E2,5.234074124E1,4.873876050E0,1.888685194E1,0.000000000E0,NaN,3.790092468E0,2.718635559E0
1.230102117E2,5.234074130E1,4.873875860E0,1.888618053E1,0.000000000E0,NaN,3.790092468E0,2.611648083E0
1.240097576E2,5.234074136E1,4.873875790E0,1.890089004E1,0.000000000E0,NaN,3.790092468E0,2.501979351E0
1.250101394E2,5.234074141E1,4.873875740E0,1.890699360E1,0.000000000E0,NaN,3.790092468E0,2.500000000E0
1.260093708E2,5.234074169E1,4.873875750E0,1.895289244E1,0.000000000E0,NaN,3.790092468E0,2.500000000E0
1.270093547E2,5.234074176E1,4.873875720E0,1.895570014E1,0.000000000E0,NaN,3.790092468E0,2.500000000E0
1.280093966E2,5.234074175E1,4.873875680E0,1.896058291E1,0.000000000E0,NaN,3.790092468E0,2.500000000E0
1.290095481E2,5.234074175E1,4.873875640E0,1.896393982E1,0.000000000E0,NaN,3.790092468E0,2.510496855E0
1.300098686E2,5.234074174E1,4.873875600E0,1.896705258E1,0.000000000E0,NaN,3.790092468E0,2.532054186E0
1.310095871E2,5.234074169E1,4.873875560E0,1.897578051E1,0.000000000E0,NaN,3.790092468E0,2.500000000E0
1.320087569E2,5.234074165E1,4.873875530E0,1.897919841E1,0.000000000E0,NaN,3.790092468E0,2.500000000E0
1.330084326E2,5.234074161E1,4.873875540E0,1.897938146E1,0.000000000E0,NaN,3.790092468E0,2.500000000E0
1.340103001E2,5.234074160E1,4.873875540E0,1.898133457E1,0.000000000E0,NaN,3.790092468E0,2.500000000E0
1.350087560E2,5.234073785E1,4.873940240E0,1.901884199E1,4.110000134E0,9.790000153E1,3.790092468E0,2.500000000E0
1.360085074E2,5.234073719E1,4.874019570E0,1.933773421E1,4.409999847E0,9.269999695E1,3.790092468E0,2.799352646E0
1.370087601E2,5.234074495E1,4.874106550E0,2.021554160E1,4.860000134E0,8.509999847E1,4.002290249E0,3.347606182E0
1.380087466E2,5.234075205E1,4.874189600E0,2.028536242E1,4.610000134E0,8.590000153E1,4.173431396E0,3.697790623E0
1.390101018E2,5.234075472E1,4.874272050E0,1.980921717E1,4.639999866E0,1.075000000E2,4.322827816E0,4.075840950E0
1.400087893E2,5.234075606E1,4.874345500E0,2.023711763E1,4.130000114E0,1.160999985E2,4.461786270E0,4.366972446E0
1.410084756E2,5.234075543E1,4.874415610E0,1.883762082E1,4.460000038E0,1.165999985E2,4.484310627E0,4.469130993E0
1.420100180E2,5.234080482E1,4.874539010E0,1.606200432E1,5.289999962E0,8.209999847E1,4.484098911E0,4.502336502E0
1.430092116E2,5.234081099E1,4.874662360E0,1.403425172E1,6.650000095E0,9.469999695E1,4.345156670E0,4.262196541E0
1.440085624E2,5.234084016E1,4.874781270E0,1.322472966E1,7.619999886E0,2.329999924E1,4.311488628E0,4.094471931E0
1.450088758E2,5.234085374E1,4.874913840E0,1.346133605E1,8.520000458E0,2.570000076E1,4.135688305E0,3.810376883E0
1.460087263E2,5.234086752E1,4.875067280E0,1.366444639E1,9.770000458E0,3.458999939E2,3.962014198E0,3.442248583E0
1.470086553E2,5.234088074E1,4.875227400E0,1.359882198E1,1.072999954E1,8.719999695E1,3.860831976E0,3.237178564E0
1.480084419E2,5.234088142E1,4.875385540E0,1.382700202E1,1.096000004E1,8.690000153E1,3.942961216E0,3.253585339E0
1.490086435E2,5.234088492E1,4.875545160E0,1.387739146E1,1.056999969E1,8.740000153E1,4.107932568E0,3.451205492E0
1.500085791E2,5.234088824E1,4.875695470E0,1.427811712E1,9.890000343E0,8.680000305E1,4.187804222E0,3.539126635E0
1.510091995E2,5.234089642E1,4.875829040E0,1.462354216E1,9.039999962E0,8.580000305E1,4.227789879E0,3.495696545E0
1.520100333E2,5.234090423E1,4.875963090E0,1.453897428E1,8.680000305E0,8.619999695E1,4.693715572E0,3.714144707E0
1.530092104E2,5.234091311E1,4.876072430E0,1.402012861E1,7.489999771E0,8.769999695E1,1.043521023E1,3.835567713E0
1.540086506E2,5.234091474E1,4.876177450E0,1.445964426E1,6.550000191E0,8.690000153E1,1.047069740E1,3.911236525E0
1.550090034E2,5.234091695E1,4.876260620E0,1.455173609E1,5.710000038E0,8.580000305E1,1.054101181E1,4.068594456E0
1.560099010E2,5.234091982E1,4.876330100E0,1.500990987E1,5.010000229E0,9.250000000E1,1.049724770E1,3.952426434E0
1.570093519E2,5.234092284E1,4.876395410E0,1.442230510E1,4.199999809E0,7.380000305E1,1.046339321E1,3.919661760E0
1.580104551E2,5.234092549E1,4.876456410E0,1.544474372E1,3.470000029E0,5.540000153E1,1.049120617E1,3.982004642E0
1.590085155E2,5.234092174E1,4.876492000E0,1.566814752E1,2.589999914E0,3.750000000E1,1.046778965E1,3.897891760E0
1.600098263E2,5.234092286E1,4.876515400E0,1.589832609E1,1.539999962E0,1.900000000E1,1.048420715E1,3.962807417E0
1.610089015E2,5.234092801E1,4.876528840E0,1.628243530E1,6.000000238E-1,3.500000000E0,1.054275513E1,4.182781696E0
1.620085756E2,5.234092522E1,4.876532240E0,1.619179611E1,6.299999952E-1,3.500000000E0,1.052082443E1,4.262844563E0
1.630102928E2,5.234092612E1,4.876553050E0,1.604984154E1,1.889999986E0,8.590000153E1,1.051239014E1,4.342073441E0
1.640099873E2,5.234093182E1,4.876579810E0,1.567919841E1,1.960000038E0,7.630000305E1,1.055350971E1,4.534928322E0
1.650098182E2,5.234094495E1,4.876630810E0,1.463340876E1,4.780000210E0,7.259999847E1,1.051045322E1,4.402370453E0
1.660088855E2,5.234096297E1,4.876691960E0,1.527989256E1,4.590000153E0,6.790000153E1,1.069871330E1,4.702241898E0
1.670093224E2,5.234098637E1,4.876764900E0,1.508923250E1,5.260000229E0,5.509999847E1,1.070850277E1,4.786986828E0
1.680088470E2,5.234102495E1,4.876834270E0,1.524960496E1,6.010000229E0,5.250000000E1,1.055377960E1,4.735327244E0
1.690091766E2,5.234105938E1,4.876901150E0,1.508221136E1,6.050000191E0,4.970000076E1,1.117192554E1,4.932353973E0
1.700084198E2,5.234112119E1,4.876949110E0,1.529173757E1,6.789999962E0,1.039999962E1,1.080652523E1,4.999983311E0
1.710093279E2,5.234119054E1,4.876989850E0,1.537413404E1,6.719999790E0,3.497000122E2,1.131204605E1,5.251619339E0
1.720085765E2,5.234125439E1,4.876982780E0,1.596632199E1,6.599999905E0,3.541000061E2,1.159055328E1,5.661290169E0
1.730088754E2,5.234134112E1,4.876972350E0,1.435199729E1,8.630000114E0,3.550000000E2,1.094025135E1,5.504266739E0
1.740092151E2,5.234142739E1,4.876961180E0,1.416626038E1,9.899999619E0,3.552999878E2,1.069773960E1,5.302976608E0
1.750085992E2,5.234151773E1,4.876956680E0,1.427478351E1,1.093000031E1,3.799999952E0,1.050706005E1,5.111420631E0
1.760086385E2,5.234162125E1,4.876950360E0,1.340706685E1,1.113000011E1,3.545000000E2,1.038719559E1,4.797111034E0
1.770088650E2,5.234172381E1,4.876942490E0,1.334421855E1,1.131000042E1,3.551000061E2,1.029072857E1,4.539617538E0
1.780091893E2,5.234182621E1,4.876929490E0,1.310674550E1,1.143000031E1,3.526000061E2,1.061427212E1,4.734579563E0
1.790084868E2,5.234193201E1,4.876918570E0,1.284529161E1,1.160000038E1,3.576000061E2,1.055530453E1,4.905106068E0
1.800088178E2,5.234203083E1,4.876906860E0,1.275869316E1,1.114000034E1,3.597999878E2,1.076377487E1,5.270920277E0
1.810091835E2,5.234212034E1,4.876891060E0,1.272487466E1,1.010000038E1,3.557999878E2,1.045429516E1,4.839048386E0
1.820085061E2,5.234219329E1,4.876880890E0,1.250646574E1,9.020000458E0,3.528999939E2,1.028008652E1,4.513013363E0
1.830086695E2,5.234226637E1,4.876887320E0,1.331095472E1,8.020000458E0,3.531000061E2,1.014824390E1,4.187560558E0
1.840090097E2,5.234232804E1,4.876876930E0,1.276873828E1,6.829999924E0,3.447000122E2,1.007036495E1,4.067030907E0
1.850092824E2,5.234237863E1,4.876870030E0,1.221790228E1,5.900000095E0,3.423999939E2,1.000091171E1,3.825153589E0
1.860085953E2,5.234242730E1,4.876861830E0,1.234302718E1,5.329999924E0,3.436000061E2,9.935046196E0,3.585029125E0
1.870088743E2,5.234247924E1,4.876852920E0,1.289540237E1,5.550000191E0,3.477000122E2,9.935046196E0,3.391138554E0
1.880091786E2,5.234253292E1,4.876847410E0,1.246005003E1,6.150000095E0,3.498999939E2,9.935046196E0,3.163232088E0
1.890085286E2,5.234258787E1,4.876840090E0,1.241587276E1,6.110000134E0,3.486000061E2,1.030716324E1,3.482024908E0
1.900088212E2,5.234264509E1,4.876841850E0,1.229180888E1,6.059999943E0,3.463999939E2,9.935046196E0,3.203119993E0
1.910092660E2,5.234269788E1,4.876837360E0,1.225562579E1,5.800000191E0,3.492999878E2,9.935046196E0,2.958168745E0
1.920085791E2,5.234275183E1,4.876835970E0,1.198122590E1,5.519999981E0,3.452999878E2,9.935046196E0,2.771214008E0
1.930087961E2,5.234279601E1,4.876832080E0,1.124849783E1,5.179999828E0,3.435000000E2,9.935046196E0,2.530961037E0
1.940091132E2,5.234284188E1,4.876825270E0,1.088784077E1,4.829999924E0,3.450000000E2,9.935046196E0,2.500000000E0
1.950093275E2,5.234288102E1,4.876821470E0,1.009175116E1,4.599999905E0,3.462999878E2,9.935046196E0,2.500000000E0
1.960086978E2,5.234292024E1,4.876812670E0,1.057227011E1,4.429999828E0,3.455000000E2,9.935046196E0,2.500000000E0
1.970087502E2,5.234295712E1,4.876810420E0,1.065252098E1,3.980000019E0,3.532999878E2,9.935046196E0,2.500000000E0
1.980088752E2,5.234298541E1,4.876803850E0,1.081570403E1,3.200000048E0,3.587999878E2,9.935046196E0,2.500000000E0
1.990091692E2,5.234300527E1,4.876802220E0,1.055779651E1,2.089999914E0,3.578999939E2,9.935046196E0,2.500000000E0
2.000085701E2,5.234301570E1,4.876802030E0,1.030439313E1,9.800000191E-1,3.595000000E2,9.935046196E0,2.500000000E0
2.010088715E2,5.234301897E1,4.876800850E0,1.041151375E1,1.700000018E-1,3.546000061E2,9.935046196E0,2.500000000E0
2.020091404E2,5.234301764E1,4.876797350E0,1.034699571E1,0.000000000E0,NaN,9.935046196E0,2.500000000E0
2.030084735E2,5.234301773E1,4.876796200E0,1.014679987E1,0.000000000E0,NaN,9.935046196E0,2.500000000E0
2.040087471E2,5.234301802E1,4.876796400E0,1.012263047E1,0.000000000E0,NaN,9.935046196E0,2.500000000E0
2.050088401E2,5.234301721E1,4.876797720E0,1.027967354E1,0.000000000E0,NaN,9.935046196E0,2.500000000E0
2.060091924E2,5.234301823E1,4.876798160E0,1.038984369E1,0.000000000E0,NaN,9.935046196E0,2.500000000E0
2.070084825E2,5.234302043E1,4.876798810E0,1.087635839E1,0.000000000E0,NaN,9.935046196E0,2.500000000E0
2.080087575E2,5.234302211E1,4.876800030E0,1.121736488E1,0.000000000E0,NaN,9.935046196E0,2.500000000E0
2.090089915E2,5.234302375E1,4.876800620E0,1.120894467E1,0.000000000E0,NaN,9.935046196E0,2.500000000E0
2.100090113E2,5.234302391E1,4.876802640E0,1.144539625E1,0.000000000E0,NaN,9.935046196E0,2.500000000E0
2.110093690E2,5.234302371E1,4.876803580E0,1.143514260E1,0.000000000E0,NaN,9.935046196E0,2.500000000E0
2.120086283E2,5.234302407E1,4.876804490E0,1.153994100E1,0.000000000E0,NaN,9.935046196E0,2.500000000E0
2.130088781E2,5.234302471E1,4.876805090E0,1.162649010E1,0.000000000E0,NaN,9.935046196E0,2.500000000E0
2.140092365E2,5.234302483E1,4.876805290E0,1.161916616E1,0.000000000E0,NaN,9.935046196E0,2.500000000E0
2.150085454E2,5.234302484E1,4.876805440E0,1.164034546E1,0.000000000E0,NaN,9.935046196E0,2.500000000E0
2.160088554E2,5.234302481E1,4.876805870E0,1.161208639E1,0.000000000E0,NaN,9.935046196E0,2.500000000E0
2.170091888E2,5.234302484E1,4.876805920E0,1.161464993E1,0.000000000E0,NaN,9.935046196E0,2.500000000E0
2.180085449E2,5.234302499E1,4.876805830E0,1.163137373E1,0.000000000E0,NaN,9.935046196E0,2.500000000E0
2.190087340E2,5.234303127E1,4.876807000E0,1.175455219E1,7.500000000E-1,4.000000060E-1,9.935046196E0,2.500000000E0
2.200088773E2,5.234304931E1,4.876807020E0,1.182153319E1,2.609999895E0,3.593999939E2,9.935046196E0,2.500000000E0
2.210089984E2,5.234307857E1,4.876805460E0,1.165793826E1,3.859999895E0,3.567000122E2,9.935046196E0,2.500000000E0
2.220092547E2,5.234311598E1,4.876800070E0,1.195974568E1,4.420000076E0,3.563999939E2,9.935046196E0,2.500000000E0
2.230085043E2,5.234316831E1,4.876796680E0,1.118961483E1,5.719999790E0,3.578999939E2,9.935046196E0,2.500000000E0
2.240092739E2,5.234323299E1,4.876793250E0,1.057501893E1,6.559999943E0,5.800000191E0,9.935046196E0,2.500000000E0
2.250092887E2,5.234329920E1,4.876783890E0,1.034677431E1,6.849999905E0,3.567999878E2,9.935046196E0,2.500000000E0
2.260086000E2,5.234336569E1,4.876786500E0,9.630011577E0,7.059999943E0,3.547000122E2,9.935046196E0,2.500000000E0
2.270088750E2,5.234343622E1,4.876770120E0,9.619237284E0,7.679999828E0,3.572999878E2,9.935046196E0,2.500000000E0
2.280091750E2,5.234351099E1,4.876764730E0,1.008943230E1,8.310000420E0,3.577999878E2,9.935046196E0,2.500000000E0
2.290093688E2,5.234359185E1,4.876751040E0,1.059185770E1,8.840000153E0,3.592000122E2,9.935046196E0,2.500000000E0
2.300086731E2,5.234366986E1,4.876740240E0,1.077476170E1,8.909999847E0,3.577000122E2,9.935046196E0,2.500000000E0
2.310090028E2,5.234376410E1,4.876733690E0,1.000627499E1,1.006999969E1,3.560000000E2,9.935046196E0,2.500000000E0
2.320093320E2,5.234386476E1,4.876727660E0,9.179081795E0,1.039000034E1,3.578999939E2,9.935046196E0,2.500000000E0
2.330086894E2,5.234396320E1,4.876720270E0,9.199357841E0,1.068999958E1,3.598999939E2,9.935046196E0,2.500000000E0
2.340086186E2,5.234405651E1,4.876709050E0,9.279560984E0,1.067000008E1,3.577999878E2,9.935046196E0,2.500000000E0
2.350092187E2,5.234414744E1,4.876693750E0,7.997636848E0,1.047000027E1,3.553999939E2,9.935046196E0,2.500000000E0
2.360088762E2,5.234424536E1,4.876679260E0,7.743310915E0,1.038000011E1,3.541000061E2,9.935046196E0,2.594285488E0
2.370092128E2,5.234433533E1,4.876674360E0,8.194301554E0,9.300000191E0,3.537999878E2,9.935046196E0,2.598640680E0
2.380090205E2,5.234441769E1,4.876670670E0,8.880389588E0,9.210000038E0,3.536000061E2,9.935046196E0,2.634675264E0
2.390088555E2,5.234449511E1,4.876662450E0,8.724427046E0,8.840000153E0,3.512999878E2,9.935046196E0,2.720831394E0
2.400087546E2,5.234457825E1,4.876653490E0,8.421621551E0,8.430000305E0,3.551000061E2,9.935046196E0,2.703498125E0
2.410086042E2,5.234465285E1,4.876647720E0,8.309174508E0,8.000000000E0,3.530000000E2,9.935046196E0,2.541413307E0
2.420086592E2,5.234472825E1,4.876647980E0,7.039993774E0,7.809999943E0,3.555000000E2,9.935046196E0,2.500000000E0
2.430090142E2,5.234479780E1,4.876638500E0,5.788499400E0,7.809999943E0,3.546000061E2,9.935046196E0,2.500000000E0
2.440090127E2,5.234487322E1,4.876637360E0,4.823700214E0,8.439999580E0,4.699999809E0,9.935046196E0,2.500000000E0
2.450091819E2,5.234494579E1,4.876648150E0,5.089372616E0,8.569999695E0,1.010000038E1,9.935046196E0,2.500000000E0
2.460093664E2,5.234503987E1,4.876640450E0,4.885399174E0,1.009000015E1,1.910000038E1,9.935046196E0,2.500000000E0
2.470086248E2,5.234513394E1,4.876649480E0,4.659157495E0,1.022000027E1,1.169999981E1,9.935046196E0,2.500000000E0
2.480088915E2,5.234522350E1,4.876654690E0,4.324936077E0,1.010999966E1,6.599999905E0,9.935046196E0,2.500000000E0
2.490088775E2,5.234531123E1,4.876665440E0,4.650993584E0,1.002000046E1,5.500000000E0,9.958772659E0,2.730740309E0
2.500088636E2,5.234541533E1,4.876679480E0,4.703516474E0,1.103999996E1,5.199999809E0,9.935046196E0,2.836996555E0
2.510084446E2,5.234549552E1,4.876688610E0,6.328939870E0,1.022000027E1,2.200000048E0,9.935046196E0,2.928649902E0
2.520088147E2,5.234558376E1,4.876695370E0,6.706387406E0,9.960000038E0,2.599999905E0,9.935046196E0,3.000476122E0
2.530094259E2,5.234566494E1,4.876710180E0,7.502103546E0,9.390000343E0,4.000000060E-1,9.967053413E0,3.240389347E0
2.540087143E2,5.234573934E1,4.876723530E0,8.265704804E0,8.930000305E0,3.400000095E0,9.993382454E0,3.417236090E0
2.550084772E2,5.234581315E1,4.876729990E0,9.000004398E0,8.479999542E0,6.500000000E0,9.972785950E0,3.527401924E0
2.560088837E2,5.234588093E1,4.876735440E0,1.001450732E1,8.119999886E0,4.900000095E0,9.951174736E0,3.522528410E0
2.570090356E2,5.234594938E1,4.876730950E0,1.127534336E1,7.519999981E0,4.699999809E0,9.975473404E0,3.687366247E0
2.580085426E2,5.234601235E1,4.876745310E0,1.115495693E1,7.610000134E0,4.199999809E0,9.961925507E0,3.696754694E0
2.590087681E2,5.234607955E1,4.876754330E0,1.196407778E1,7.150000095E0,3.799999952E0,9.951078415E0,3.730900764E0
2.600085438E2,5.234614204E1,4.876766770E0,1.209069885E1,6.860000134E0,3.099999905E0,9.948469162E0,3.743536234E0
2.610092564E2,5.234620147E1,4.876775540E0,1.345327541E1,6.469999790E0,5.900000095E0,9.964238167E0,3.778851032E0
2.620087678E2,5.234625805E1,4.876781490E0,1.363823403E1,6.349999905E0,5.800000191E0,1.019195747E1,4.068471432E0
2.630084845E2,5.234630209E1,4.876787080E0,1.442858249E1,5.719999790E0,6.000000000E0,1.007318115E1,3.947314739E0
2.640086214E2,5.234634826E1,4.876793430E0,1.602752814E1,5.380000114E0,7.400000095E0,1.005759716E1,3.861933947E0
2.650088736E2,5.234639016E1,4.876801720E0,1.680920815E1,5.119999886E0,6.800000191E0,1.006266212E1,3.913586617E0
2.660084170E2,5.234643555E1,4.876815940E0,1.650746142E1,4.730000019E0,6.599999905E0,9.992871284E0,3.787443399E0
2.670091514E2,5.234647166E1,4.876829140E0,1.705012242E1,4.340000153E0,7.500000000E0,9.935046196E0,3.497346878E0
2.680088199E2,5.234650577E1,4.876833550E0,1.762115690E1,3.799999952E0,9.600000381E0,9.935046196E0,3.363170624E0
2.690091269E2,5.234653173E1,4.876838350E0,1.782944819E1,3.099999905E0,1.180000019E1,9.935046196E0,3.399343491E0
2.700092492E2,5.234654790E1,4.876844540E0,1.796735294E1,2.180000067E0,1.060000038E1,9.935046196E0,3.315318346E0
2.710086714E2,5.234655995E1,4.876847860E0,1.844582642E1,1.159999967E0,1.439999962E1,9.935046196E0,3.464113474E0
2.720092046E2,5.234656053E1,4.876848450E0,1.910067376E1,0.000000000E0,NaN,9.935046196E0,3.334751129E0
2.730087172E2,5.234656009E1,4.876850740E0,1.895333559E1,0.000000000E0,NaN,9.935046196E0,3.257637739E0
2.740092740E2,5.234655916E1,4.876851740E0,1.982436757E1,0.000000000E0,NaN,9.935046196E0,3.208177090E0
2.750090132E2,5.234655958E1,4.876851220E0,2.022213398E1,0.000000000E0,NaN,9.935046196E0,3.118848562E0
2.760085866E2,5.234656241E1,4.876851700E0,2.097103961E1,0.000000000E0,NaN,9.935046196E0,3.012772083E0
2.770087721E2,5.234656366E1,4.876851010E0,2.129324556E1,0.000000000E0,NaN,9.935046196E0,2.836436510E0
2.780085875E2,5.234656370E1,4.876850950E0,2.229629734E1,0.000000000E0,NaN,9.935046196E0,2.741237879E0
2.790088706E2,5.234656486E1,4.876847720E0,2.254648023E1,0.000000000E0,NaN,9.935046196E0,2.553858995E0
2.800093416E2,5.234656462E1,4.876845300E0,2.280087303E1,0.000000000E0,NaN,9.935046196E0,2.525966167E0
2.810093771E2,5.234656456E1,4.876844490E0,2.279708830E1,0.000000000E0,NaN,9.935046196E0,2.585074663E0
2.820087679E2,5.234656451E1,4.876844460E0,2.295761067E1,0.000000000E0,NaN,9.935046196E0,2.617478848E0
2.830084862E2,5.234656403E1,4.876844170E0,2.307498044E1,0.000000000E0,NaN,9.935046196E0,2.566201925E0
2.840088830E2,5.234656390E1,4.876844360E0,2.312643300E1,0.000000000E0,NaN,9.935046196E0,2.579208374E0
2.850090164E2,5.234656425E1,4.876844300E0,2.325442418E1,0.000000000E0,NaN,9.935046196E0,2.586516857E0
2.860093749E2,5.234656443E1,4.876844520E0,2.334298657E1,0.000000000E0,NaN,9.935046196E0,2.504388571E0
2.870090358E2,5.234656509E1,4.876845500E0,2.341677957E1,0.000000000E0,NaN,9.935046196E0,2.500000000E0
2.880087257E2,5.234656606E1,4.876845790E0,2.347836557E1,0.000000000E0,NaN,9.935046196E0,2.500000000E0
2.890084971E2,5.234656687E1,4.876845770E0,2.345535645E1,0.000000000E0,NaN,9.935046196E0,2.500000000E0
2.900085397E2,5.234656771E1,4.876845930E0,2.358017462E1,0.000000000E0,NaN,9.935046196E0,2.500000000E0
2.910088087E2,5.234656791E1,4.876846020E0,2.359085611E1,0.000000000E0,NaN,9.935046196E0,2.500000000E0
2.920088745E2,5.234656778E1,4.876845700E0,2.370926394E1,0.000000000E0,NaN,9.935046196E0,2.500000000E0
2.930093217E2,5.234656818E1,4.876845140E0,2.380631008E1,0.000000000E0,NaN,9.935046196E0,2.500000000E0
2.940093556E2,5.234656880E1,4.876844510E0,2.396408647E1,0.000000000E0,NaN,9.935046196E0,2.500000000E0
2.950088873E2,5.234656945E1,4.876843270E0,2.424063697E1,0.000000000E0,NaN,9.935046196E0,2.500000000E0
2.960091839E2,5.234656982E1,4.876842420E0,2.437912577E1,0.000000000E0,NaN,9.935046196E0,2.500000000E0
2.970084418E2,5.234657757E1,4.876842730E0,2.433354361E1,4.199999869E-1,5.000000000E0,9.935046196E0,2.500000000E0
2.980090489E2,5.234658590E1,4.876842730E0,2.476238835E1,5.099999905E-1,5.000000000E0,9.935046196E0,2.500000000E0
2.990085281E2,5.234659504E1,4.876842710E0,2.448511850E1,5.199999809E-1,8.000000000E0,9.935046196E0,2.500000000E0
3.000087559E2,5.234660392E1,4.876843010E0,2.396090023E1,4.499999881E-1,1.239999962E1,9.935046196E0,2.500000000E0
3.010090013E2,5.234661182E1,4.876843440E0,2.417508397E1,5.299999714E-1,3.900000095E0,9.935046196E0,2.500000000E0
3.020091648E2,5.234661921E1,4.876844720E0,2.431175283E1,5.099999905E-1,3.200000048E0,9.935046196E0,2.500000000E0
3.030086452E2,5.234662574E1,4.876845390E0,2.444426974E1,4.000000060E-1,1.600000024E0,9.935046196E0,2.500000000E0
3.040092401E2,5.234663294E1,4.876846950E0,2.475025002E1,6.200000048E-1,3.575000000E2,9.935046196E0,2.500000000E0
3.050092884E2,5.234664756E1,4.876849890E0,2.464516977E1,2.009999990E0,7.199999809E0,9.935046196E0,2.500000000E0
3.060092330E2,5.234667329E1,4.876853460E0,2.538092584E1,3.430000067E0,3.900000095E0,9.935046196E0,2.500000000E0
3.070086354E2,5.234671365E1,4.876862580E0,2.403040201E1,4.869999886E0,4.500000000E0,9.935046196E0,2.500000000E0
3.080082966E2,5.234676423E1,4.876881450E0,2.361031810E1,5.179999828E0,5.400000095E0,9.935046196E0,2.500000000E0
3.090085636E2,5.234681398E1,4.876881830E0,2.212039817E1,4.739999771E0,3.700000048E0,9.935046196E0,2.500000000E0
3.100084181E2,5.234685691E1,4.876884670E0,2.166770150E1,4.739999771E0,1.060000038E1,9.935046196E0,2.500000000E0
3.110088830E2,5.234690351E1,4.876883580E0,1.981486126E1,4.679999828E0,1.510000038E1,9.935046196E0,2.500000000E0
3.120084524E2,5.234694537E1,4.876884900E0,1.863065585E1,4.630000114E0,1.160000038E1,9.935046196E0,2.500000000E0
3.130090161E2,5.234698399E1,4.876892180E0,1.722434238E1,4.730000019E0,8.100000381E0,9.935046196E0,2.500000000E0
3.140091763E2,5.234702572E1,4.876901540E0,1.640055401E1,4.929999828E0,1.210000038E1,9.935046196E0,2.500000000E0
3.150086876E2,5.234706684E1,4.876917610E0,1.598765732E1,4.670000076E0,1.389999962E1,9.935046196E0,2.500000000E0
3.160091313E2,5.234710306E1,4.876926440E0,1.538798198E1,4.179999828E0,8.100000381E0,9.935046196E0,2.500000000E0
3.170087042E2,5.234713554E1,4.876928810E0,1.550143242E1,3.750000000E0,1.500000000E0,9.935046196E0,2.500000000E0
3.180086707E2,5.234716487E1,4.876927250E0,1.552039374E1,3.440000057E0,3.540000000E2,9.935046196E0,2.500000000E0
3.190092347E2,5.234719355E1,4.876925370E0,1.593663180E1,3.369999886E0,3.552999878E2,9.935046196E0,2.500000000E0
3.200087941E2,5.234722563E1,4.876929730E0,1.580118146E1,3.740000010E0,1.899999976E0,9.935046196E0,2.500000000E0
3.210093530E2,5.234726012E1,4.876936180E0,1.603347253E1,3.890000105E0,2.900000095E0,9.935046196E0,2.500000000E0
3.220093418E2,5.234729166E1,4.876934090E0,1.628534682E1,3.809999943E0,3.581000061E2,9.935046196E0,2.566951275E0
3.230086744E2,5.234733098E1,4.876938590E0,1.654468215E1,4.570000172E0,2.000000030E-1,9.935046196E0,2.500000000E0
3.240087918E2,5.234737134E1,4.876942260E0,1.603955313E1,4.639999866E0,2.400000095E0,9.935046196E0,2.561443806E0
3.250093371E2,5.234741558E1,4.876955150E0,1.614881476E1,4.949999809E0,5.199999809E0,9.935046196E0,2.500000000E0
3.260087872E2,5.234746917E1,4.876967080E0,1.558938785E1,5.170000076E0,4.500000000E0,9.935046196E0,2.500000000E0
3.270084559E2,5.234751943E1,4.876968710E0,1.534318274E1,5.309999943E0,5.199999809E0,9.935046196E0,2.500000000E0
3.280088080E2,5.234756599E1,4.876977610E0,1.527318510E1,5.489999771E0,3.599999905E0,9.935046196E0,2.500000000E0
3.290092883E2,5.234761495E1,4.876988070E0,1.613196370E1,5.630000114E0,4.000000000E0,9.935046196E0,2.500000000E0
3.300086056E2,5.234766164E1,4.877005470E0,1.672347015E1,5.800000191E0,3.200000048E0,9.935046196E0,2.500000000E0
3.310092156E2,5.234771875E1,4.877005150E0,1.691355287E1,6.230000019E0,2.099999905E0,9.935046196E0,2.500000000E0
3.320086882E2,5.234777447E1,4.877020290E0,1.635223872E1,6.650000095E0,1.399999976E0,9.935046196E0,2.500000000E0
3.330084665E2,5.234783555E1,4.877027500E0,1.727347149E1,7.079999924E0,4.900000095E0,9.935046196E0,2.533006668E0
3.340086612E2,5.234790333E1,4.877047010E0,1.727406649E1,7.409999847E0,9.500000000E0,9.935046196E0,2.570427895E0
3.350091853E2,5.234796660E1,4.877069240E0,1.683447115E1,7.369999886E0,1.119999981E1,9.935046196E0,2.744005442E0
3.360086525E2,5.234803103E1,4.877085820E0,1.739517937E1,7.440000057E0,3.799999952E0,9.935046196E0,2.685807228E0
3.370091490E2,5.234809747E1,4.877102840E0,1.794801714E1,7.400000095E0,6.400000095E0,9.935046196E0,2.610485315E0
3.380092512E2,5.234816258E1,4.877108940E0,1.888091268E1,7.380000114E0,6.300000191E0,9.935046196E0,2.644915342E0
3.390093541E2,5.234822538E1,4.877125410E0,1.995382557E1,7.340000153E0,7.099999905E0,9.935046196E0,2.616755962E0
3.400090134E2,5.234828800E1,4.877143130E0,2.040607242E1,7.079999924E0,4.599999905E0,9.935046196E0,2.522409916E0
3.410085116E2,5.234835282E1,4.877147980E0,2.054532670E1,7.079999924E0,6.300000191E0,9.935046196E0,2.500902414E0
3.420088939E2,5.234841445E1,4.877171450E0,1.967555398E1,6.789999962E0,5.699999809E0,9.935046196E0,2.525873899E0
3.430092819E2,5.234847031E1,4.877194590E0,1.789885156E1,6.409999847E0,5.599999905E0,9.935046196E0,2.500000000E0
3.440092063E2,5.234852263E1,4.877209960E0,1.667505716E1,5.880000114E0,7.000000000E0,9.935046196E0,2.500000000E0
3.450087345E2,5.234856240E1,4.877216480E0,1.678455298E1,5.269999981E0,3.599999905E0,9.935046196E0,2.500000000E0
3.460088279E2,5.234860463E1,4.877221450E0,1.652613145E1,4.829999924E0,3.799999952E0,9.935046196E0,2.520126581E0
3.470102912E2,5.234863820E1,4.877220590E0,1.634423245E1,4.110000134E0,3.700000048E0,9.935046196E0,2.500000000E0
3.480085468E2,5.234866634E1,4.877226190E0,1.590067181E1,3.420000076E0,3.700000048E0,9.935046196E0,2.500000000E0
3.490091577E2,5.234869129E1,4.877227570E0,1.552705053E1,2.680000067E0,2.799999952E0,9.935046196E0,2.500000000E0
3.500086846E2,5.234870419E1,4.877233610E0,1.535849307E1,1.980000019E0,3.000000000E0,9.935046196E0,2.500000000E0
3.510092530E2,5.234871735E1,4.877231070E0,1.475279726E1,1.299999952E0,3.500000000E0,9.935046196E0,2.500000000E0
3.520087765E2,5.234872366E1,4.877232050E0,1.459106355E1,5.899999738E-1,3.599999905E0,9.935046196E0,2.500000000E0
3.530083641E2,5.234872712E1,4.877226920E0,1.352472026E1,0.000000000E0,NaN,9.935046196E0,2.500000000E0
3.540092055E2,5.234873585E1,4.877210120E0,1.320166382E1,0.000000000E0,NaN,9.935046196E0,2.500000000E0
3.550088116E2,5.234873977E1,4.877204510E0,1.350250840E1,0.000000000E0,NaN,9.935046196E0,2.500000000E0
3.560092035E2,5.234874342E1,4.877198560E0,1.366419225E1,0.000000000E0,NaN,9.935046196E0,2.500000000E0
3.570088665E2,5.234874463E1,4.877195960E0,1.372998836E1,0.000000000E0,NaN,9.935046196E0,2.500000000E0
3.580092748E2,5.234874667E1,4.877194060E0,1.362830557E1,0.000000000E0,NaN,9.935046196E0,2.500000000E0
3.590086940E2,5.234875005E1,4.877189840E0,1.317744121E1,0.000000000E0,NaN,9.935046196E0,2.500000000E0
3.600092697E2,5.234875263E1,4.877188160E0,1.292390384E1,0.000000000E0,NaN,9.935046196E0,2.500000000E0
3.610090296E2,5.234875410E1,4.877187240E0,1.278736973E1,0.000000000E0,NaN,9.935046196E0,2.500000000E0
3.620093338E2,5.234875560E1,4.877188890E0,1.248164770E1,0.000000000E0,NaN,9.935046196E0,2.500000000E0
3.630086768E2,5.234875756E1,4.877190620E0,1.203017440E1,0.000000000E0,NaN,9.935046196E0,2.500000000E0
3.640090174E2,5.234875777E1,4.877190790E0,1.200026757E1,0.000000000E0,NaN,9.935046196E0,2.500000000E0
3.650084229E2,5.234875717E1,4.877190480E0,1.166652631E1,0.000000000E0,NaN,9.935046196E0,2.500000000E0
3.660087786E2,5.234875747E1,4.877191330E0,1.143416638E1,0.000000000E0,NaN,9.935046196E0,2.500000000E0
3.670088846E2,5.234875797E1,4.877192540E0,1.123098175E1,0.000000000E0,NaN,9.935046196E0,2.500000000E0
3.680089930E2,5.234875884E1,4.877193270E0,1.113253369E1,0.000000000E0,NaN,9.935046196E0,2.500000000E0
3.690083343E2,5.234875945E1,4.877193550E0,1.108034965E1,0.000000000E0,NaN,9.935046196E0,2.526000023E0
3.700089922E2,5.234875972E1,4.877193700E0,1.106429787E1,0.000000000E0,NaN,9.935046196E0,2.532441854E0
3.710091692E2,5.234875872E1,4.877193910E0,1.109066377E1,0.000000000E0,NaN,9.935046196E0,2.500000000E0
3.720086054E2,5.234875683E1,4.877193970E0,1.105092726E1,0.000000000E0,NaN,9.935046196E0,2.500000000E0
3.730088741E2,5.234875604E1,4.877193880E0,1.102645099E1,0.000000000E0,NaN,9.935046196E0,2.500000000E0
3.740093730E2,5.234875577E1,4.877194840E0,1.111360937E1,0.000000000E0,NaN,9.935046196E0,2.500000000E0
3.750086924E2,5.234875563E1,4.877195540E0,1.115908076E1,0.000000000E0,NaN,9.935046196E0,2.500000000E0
3.760087973E2,5.234875743E1,4.877197740E0,1.141860605E1,3.100000024E-1,1.389999962E1,9.935046196E0,2.500000000E0
3.770091756E2,5.234876635E1,4.877203810E0,1.163145170E1,1.480000019E0,5.099999905E0,9.935046196E0,2.500000000E0
3.780092784E2,5.234877513E1,4.877206260E0,1.159911685E1,9.399999976E-1,3.597999878E2,9.935046196E0,2.500000000E0
3.790088055E2,5.234878056E1,4.877206140E0,1.145685148E1,6.200000048E-1,3.532999878E2,9.935046196E0,2.500000000E0
3.800088755E2,5.234877932E1,4.877206300E0,1.129022385E1,0.000000000E0,NaN,9.935046196E0,2.500000000E0
3.810091937E2,5.234877833E1,4.877206050E0,1.122705092E1,0.000000000E0,NaN,9.935046196E0,2.500000000E0
3.820086033E2,5.234877798E1,4.877205160E0,1.105023107E1,0.000000000E0,NaN,9.935046196E0,2.500000000E0
3.830088740E2,5.234877805E1,4.877203290E0,1.092077453E1,0.000000000E0,NaN,9.935046196E0,2.570968628E0
3.840093240E2,5.234877776E1,4.877200460E0,1.094823831E1,0.000000000E0,NaN,9.935046196E0,2.610674381E0
3.850087614E2,5.234877814E1,4.877198690E0,1.090136283E1,0.000000000E0,NaN,9.935046196E0,2.673323393E0
3.860086211E2,5.234877798E1,4.877198090E0,1.114214595E1,0.000000000E0,NaN,9.935046196E0,2.500000000E0
3.870084811E2,5.234877801E1,4.877198430E0,1.140142353E1,0.000000000E0,NaN,9.935046196E0,2.500000000E0
3.880090171E2,5.234880303E1,4.877200650E0,1.205203379E1,2.440000057E0,6.800000191E0,9.935046196E0,2.500000000E0
3.890084189E2,5.234883649E1,4.877206790E0,1.205275585E1,3.529999971E0,5.400000095E0,9.935046196E0,2.500000000E0
3.900087501E2,5.234887626E1,4.877218800E0,1.217604877E1,4.159999847E0,1.910000038E1,9.935046196E0,2.500000000E0
3.910087964E2,5.234891294E1,4.877231090E0,1.196321690E1,3.690000057E0,1.970000076E1,9.935046196E0,2.513875723E0
3.920089582E2,5.234894169E1,4.877237440E0,1.152325861E1,2.690000057E0,1.489999962E1,9.935046196E0,2.500000000E0
3.930092340E2,5.234896702E1,4.877240910E0,1.100944132E1,2.150000095E0,1.460000038E1,9.935046196E0,2.608575583E0
3.940086854E2,5.234898951E1,4.877244500E0,1.037544187E1,1.889999986E0,1.679999924E1,9.935046196E0,2.504966259E0
3.950101852E2,5.234900888E1,4.877250280E0,9.441695629E0,1.649999976E0,2.229999924E1,9.935046196E0,2.522265673E0
3.960084876E2,5.234902475E1,4.877256590E0,8.308115662E0,1.600000024E0,2.329999924E1,9.935046196E0,2.524352312E0
3.970089534E2,5.234904319E1,4.877265700E0,7.641459872E0,2.190000057E0,1.729999924E1,9.935046196E0,2.500000000E0
3.980086403E2,5.234907354E1,4.877283570E0,6.356967014E0,4.030000210E0,2.650000000E1,9.935046196E0,2.500000000E0
3.990093559E2,5.234910933E1,4.877315080E0,5.640726972E0,4.500000000E0,3.529999924E1,9.935046196E0,2.500000000E0
4.000092352E2,5.234915452E1,4.877338690E0,5.468563014E0,5.090000153E0,3.559999847E1,9.935046196E0,2.500000000E0
4.010088526E2,5.234919547E1,4.877379640E0,5.304459697E0,5.739999771E0,3.370000076E1,9.935046196E0,2.529303789E0
4.020090667E2,5.234924586E1,4.877433370E0,5.419673909E0,6.360000134E0,3.759999847E1,9.935046196E0,2.632986546E0
4.030084413E2,5.234929602E1,4.877488210E0,5.883643318E0,6.260000229E0,3.700000000E1,9.935046196E0,2.810041904E0
4.040096729E2,5.234934852E1,4.877537410E0,5.599687977E0,6.179999828E0,3.170000076E1,9.935046196E0,2.763893127E0
4.050089127E2,5.234939186E1,4.877590410E0,5.898058342E0,6.059999943E0,2.939999962E1,9.935046196E0,2.679206371E0
4.060092093E2,5.234942664E1,4.877647710E0,6.038826347E0,5.949999809E0,2.610000038E1,9.935046196E0,3.089265347E0
4.070088869E2,5.234947495E1,4.877699490E0,6.237593640E0,6.239999771E0,2.539999962E1,9.935046196E0,3.344105244E0
4.080085034E2,5.234953229E1,4.877748610E0,5.470612850E0,7.380000114E0,4.340000153E1,9.950757027E0,3.653552055E0
4.090086489E2,5.234959337E1,4.877822590E0,5.940529075E0,7.800000191E0,3.750000000E1,9.957006454E0,3.738031149E0
4.100087942E2,5.234964341E1,4.877899390E0,5.141754611E0,7.789999962E0,4.350000000E1,9.935046196E0,3.737157345E0
4.110084992E2,5.234970403E1,4.877961590E0,5.638457847E0,7.809999943E0,3.840000153E1,1.000008297E1,3.999304056E0
4.120087996E2,5.234976515E1,4.878016660E0,4.846583469E0,7.739999771E0,3.659999847E1,1.002871609E1,3.969502211E0
4.130091589E2,5.234982595E1,4.878079930E0,4.983180156E0,7.750000000E0,3.320000076E1,1.001884270E1,3.937255621E0
4.140100453E2,5.234988472E1,4.878144410E0,5.437645773E0,7.630000114E0,3.160000038E1,1.003537655E1,3.996587038E0
4.150094097E2,5.234994724E1,4.878203210E0,5.797325811E0,7.880000114E0,3.540000153E1,1.006176472E1,4.034940720E0
4.160091346E2,5.235000403E1,4.878270030E0,6.680012645E0,7.579999924E0,3.070000076E1,1.011083412E1,4.256119728E0
4.170093455E2,5.235005814E1,4.878331300E0,7.315683232E0,7.019999981E0,3.039999962E1,1.013792229E1,4.248409748E0
4.180087854E2,5.235010942E1,4.878381210E0,7.466602086E0,7.059999943E0,3.150000000E1,1.005440617E1,3.879918814E0
4.190092471E2,5.235016851E1,4.878446420E0,7.949449929E0,7.170000076E0,3.170000076E1,9.935046196E0,3.480218887E0
4.200086702E2,5.235021894E1,4.878515880E0,8.996008720E0,7.139999866E0,3.079999924E1,9.935046196E0,3.137636423E0
4.210087246E2,5.235027165E1,4.878575790E0,9.247582319E0,7.199999809E0,3.400000000E1,9.935046196E0,2.899962902E0
4.220085428E2,5.235032641E1,4.878633600E0,8.740368537E0,6.969999790E0,2.420000076E1,9.935046196E0,2.608691454E0
4.230086231E2,5.235038484E1,4.878683820E0,8.260011030E0,6.780000210E0,2.379999924E1,9.935046196E0,2.500000000E0
4.240092739E2,5.235043271E1,4.878730750E0,9.176182159E0,6.539999962E0,1.979999924E1,9.935046196E0,2.500000000E0
4.250091153E2,5.235049326E1,4.878762140E0,9.302017976E0,6.639999866E0,8.800000191E0,9.935046196E0,2.500000000E0
4.260086369E2,5.235055322E1,4.878786230E0,8.290641731E0,7.039999962E0,1.080000019E1,9.935046196E0,2.500000000E0
4.270084674E2,5.235061408E1,4.878808280E0,7.610137162E0,7.460000038E0,1.569999981E1,9.935046196E0,2.500000000E0
4.280091450E2,5.235068083E1,4.878846810E0,6.825341297E0,7.820000172E0,1.829999924E1,9.935046196E0,2.500000000E0
4.290092424E2,5.235075194E1,4.878879470E0,6.440694684E0,8.619999886E0,1.839999962E1,9.935046196E0,2.500000000E0
4.300093630E2,5.235082891E1,4.878917150E0,6.209501602E0,8.640000343E0,1.829999924E1,9.935046196E0,2.552134037E0
4.310087400E2,5.235090486E1,4.878947340E0,5.375275430E0,8.510000229E0,1.739999962E1,9.935046196E0,2.500000000E0
4.320093593E2,5.235096968E1,4.878995830E0,4.513883461E0,8.189999580E0,1.620000076E1,9.935046196E0,2.503768682E0
4.330090943E2,5.235104270E1,4.879031150E0,3.984770860E0,7.840000153E0,1.670000076E1,9.935046196E0,2.501226187E0
4.340088348E2,5.235110489E1,4.879063990E0,4.642103972E0,7.260000229E0,1.910000038E1,9.935046196E0,2.614077568E0
4.350092506E2,5.235116254E1,4.879084530E0,5.009750754E0,6.619999886E0,2.029999924E1,9.935046196E0,2.625962257E0
4.360089954E2,5.235121313E1,4.879105310E0,5.303535186E0,6.079999924E0,9.600000381E0,9.935046196E0,2.643175602E0
4.370092292E2,5.235126542E1,4.879125490E0,4.829072157E0,5.849999905E0,1.239999962E1,9.935046196E0,2.549904108E0
4.380084492E2,5.235131651E1,4.879149950E0,5.127803261E0,6.050000191E0,2.660000038E1,3.790092468E0,2.500000000E0
4.390096855E2,5.235136647E1,4.879185280E0,5.088831511E0,6.010000229E0,3.540000153E1,3.790092468E0,2.528955698E0
4.400088584E2,5.235141388E1,4.879230430E0,5.199642094E0,5.949999809E0,4.520000076E1,3.790092468E0,2.679749489E0
4.410084613E2,5.235144714E1,4.879280590E0,5.360301342E0,5.710000038E0,4.470000076E1,3.790092468E0,2.598875284E0
4.420087610E2,5.235148495E1,4.879330030E0,5.635468543E0,4.909999847E0,6.530000305E1,3.790092468E0,2.599763155E0
4.430096687E2,5.235150199E1,4.879375660E0,5.222066680E0,4.190000057E0,5.929999924E1,3.790092468E0,2.866209984E0
4.440098843E2,5.235153397E1,4.879426760E0,4.902683163E0,3.759999990E0,4.909999847E1,3.790092468E0,2.900976896E0
4.450091775E2,5.235156411E1,4.879465900E0,5.202674934E0,3.940000057E0,4.759999847E1,3.790092468E0,2.822662592E0
4.460092109E2,5.235159959E1,4.879537050E0,3.540351352E0,4.389999866E0,5.650000000E1,3.790092468E0,2.981106281E0
4.470098174E2,5.235162296E1,4.879586110E0,3.315925231E0,4.010000229E0,6.519999695E1,3.790092468E0,3.084532499E0
4.480086866E2,5.235163722E1,4.879631030E0,3.520011719E0,3.099999905E0,6.440000153E1,3.790092468E0,3.365135193E0
4.490085097E2,5.235164903E1,4.879664950E0,3.478543987E0,2.019999981E0,6.200000000E1,3.790092468E0,3.386669636E0
4.500084317E2,5.235166033E1,4.879689440E0,2.967831826E0,1.629999995E0,4.990000153E1,3.794704914E0,3.436781645E0
4.510089448E2,5.235167363E1,4.879714640E0,2.870391936E0,2.539999962E0,5.229999924E1,3.790092468E0,3.363338947E0
4.520096561E2,5.235169094E1,4.879757380E0,2.605609398E0,3.890000105E0,5.929999924E1,3.809256077E0,3.475930214E0
4.530099086E2,5.235171302E1,4.879811550E0,2.576680009E0,4.679999828E0,5.559999847E1,3.901724577E0,3.646423578E0
4.540084805E2,5.235174123E1,4.879875530E0,2.702183853E0,5.670000076E0,6.070000076E1,3.960402966E0,3.663459539E0
4.550086553E2,5.235176719E1,4.879955230E0,2.398189183E0,6.429999828E0,6.200000000E1,4.019853115E0,3.528378010E0
4.560090320E2,5.235180790E1,4.880052020E0,2.435960984E0,7.809999943E0,6.190000153E1,4.027499676E0,3.322530508E0
4.570085339E2,5.235185096E1,4.880160370E0,2.518847736E0,8.630000114E0,5.970000076E1,3.997284651E0,3.107241869E0
4.580090775E2,5.235189382E1,4.880271700E0,2.504751061E0,9.090000153E0,5.629999924E1,4.142760277E0,3.037281513E0
4.590086361E2,5.235194582E1,4.880384060E0,2.437811418E0,9.409999847E0,6.020000076E1,4.062937737E0,3.071653605E0
4.600092079E2,5.235199133E1,4.880502380E0,2.959183933E0,9.489999771E0,5.590000153E1,3.918740273E0,2.858796835E0
4.610101637E2,5.235206390E1,4.880621480E0,2.418339184E0,9.550000191E0,5.459999847E1,3.813924789E0,2.879174232E0
4.620091751E2,5.235210445E1,4.880737080E0,2.099432150E0,9.390000343E0,5.429999924E1,3.790092468E0,2.865437746E0
4.630083947E2,5.235215256E1,4.880857420E0,2.193929617E0,9.449999809E0,5.509999847E1,3.790092468E0,2.853242397E0
4.640084170E2,5.235220122E1,4.880965350E0,2.476958313E0,9.069999695E0,5.540000153E1,3.790092468E0,2.525539875E0
4.650092711E2,5.235224770E1,4.881072750E0,2.834995840E0,8.819999695E0,5.729999924E1,3.790092468E0,2.508631229E0
4.660088325E2,5.235229674E1,4.881168520E0,3.161597176E0,8.220000267E0,5.409999847E1,3.790092468E0,2.500000000E0
4.670090700E2,5.235233317E1,4.881260190E0,2.182575347E0,7.699999809E0,5.250000000E1,3.790092468E0,2.607545137E0
4.680094482E2,5.235237021E1,4.881348230E0,2.513305708E0,7.079999924E0,5.440000153E1,3.790092468E0,2.583160877E0
4.690094147E2,5.235240464E1,4.881429620E0,2.252658931E0,6.690000057E0,5.320000076E1,3.790092468E0,2.643446922E0
4.700090014E2,5.235243426E1,4.881509890E0,1.736816741E0,6.099999905E0,5.350000000E1,3.790092468E0,2.709236383E0
4.710087826E2,5.235246475E1,4.881578310E0,1.457113974E0,5.650000095E0,5.300000000E1,3.790092468E0,2.732828379E0
4.720090105E2,5.235248823E1,4.881632960E0,1.320642906E0,5.170000076E0,5.250000000E1,3.790092468E0,2.689061880E0
4.730104630E2,5.235251041E1,4.881686950E0,9.849508752E-1,4.489999771E0,5.600000000E1,3.790092468E0,2.751768589E0
4.740092242E2,5.235253721E1,4.881738300E0,1.944490889E0,3.779999971E0,5.329999924E1,3.790092468E0,2.834823847E0
4.750089190E2,5.235256396E1,4.881779990E0,1.096347047E0,3.180000067E0,5.190000153E1,3.790092468E0,3.004701138E0
4.760084586E2,5.235258135E1,4.881819070E0,8.974804981E-1,2.660000086E0,5.050000000E1,3.790092468E0,3.115848303E0
4.770091775E2,5.235259457E1,4.881843140E0,2.384553822E-1,2.220000029E0,4.890000153E1,3.790092468E0,3.205413580E0
4.780085390E2,5.235260693E1,4.881868620E0,7.800524247E-1,2.039999962E0,4.709999847E1,3.790092468E0,3.183152914E0
4.790095602E2,5.235261716E1,4.881888890E0,5.201908269E-1,1.750000000E0,4.809999847E1,3.790092468E0,3.196414709E0
4.800090029E2,5.235262283E1,4.881909530E0,1.050728286E0,1.159999967E0,5.820000076E1,3.790092468E0,3.094472647E0
4.810088923E2,5.235262382E1,4.881919440E0,1.304214394E0,3.000000119E-1,5.809999847E1,3.790092468E0,3.100366354E0
4.820084594E2,5.235262598E1,4.881923490E0,1.074666549E0,0.000000000E0,NaN,3.790092468E0,3.388084173E0
4.830093270E2,5.235262736E1,4.881923130E0,9.926980725E-1,0.000000000E0,NaN,3.790092468E0,3.305923223E0
4.840089500E2,5.235263105E1,4.881923150E0,1.089871255E0,0.000000000E0,NaN,3.790092468E0,3.328591108E0
4.850091859E2,5.235263318E1,4.881923810E0,1.598907842E0,0.000000000E0,NaN,3.790092468E0,3.276740789E0
4.860085185E2,5.235263459E1,4.881924110E0,1.604586272E0,0.000000000E0,NaN,3.790092468E0,3.123477459E0
4.870092041E2,5.235263485E1,4.881929590E0,1.380163525E0,0.000000000E0,NaN,3.790092468E0,3.143648624E0
4.880083721E2,5.235263501E1,4.881930680E0,1.722388500E0,0.000000000E0,NaN,3.790092468E0,3.103887796E0
4.890089014E2,5.235263481E1,4.881931150E0,2.194861633E0,0.000000000E0,NaN,3.790092468E0,3.148102522E0
4.900091718E2,5.235263634E1,4.881930200E0,2.331215782E0,0.000000000E0,NaN,3.790092468E0,3.071214199E0
4.910088549E2,5.235263710E1,4.881928110E0,2.145485669E0,0.000000000E0,NaN,3.790092468E0,3.158412218E0
4.920090815E2,5.235263746E1,4.881926170E0,2.245216505E0,0.000000000E0,NaN,3.790092468E0,2.989086151E0
4.930092087E2,5.235263806E1,4.881925430E0,2.248268682E0,0.000000000E0,NaN,3.790092468E0,2.995344400E0
4.940089111E2,5.235263878E1,4.881926180E0,2.101358508E0,0.000000000E0,NaN,3.790092468E0,3.156150818E0
4.950094448E2,5.235263951E1,4.881926620E0,2.115642018E0,0.000000000E0,NaN,3.790092468E0,3.267027855E0
4.960088798E2,5.235263935E1,4.881926940E0,2.188884164E0,0.000000000E0,NaN,3.790092468E0,3.267356157E0
4.970094379E2,5.235263890E1,4.881927160E0,2.352457875E0,0.000000000E0,NaN,3.790092468E0,3.303924084E0
4.980093010E2,5.235263922E1,4.881927520E0,2.428630408E0,0.000000000E0,NaN,3.790092468E0,3.263353586E0
4.990089893E2,5.235263944E1,4.881927580E0,2.428813859E0,0.000000000E0,NaN,3.790092468E0,3.206039429E0
5.000085581E2,5.235263920E1,4.881927550E0,2.564250515E0,0.000000000E0,NaN,9.935046196E0,3.223052025E0
5.010092582E2,5.235263934E1,4.881926940E0,2.634684931E0,0.000000000E0,NaN,9.935046196E0,3.303276062E0
5.020085322E2,5.235263942E1,4.881926820E0,2.592204506E0,0.000000000E0,NaN,9.935046196E0,3.282517672E0
5.030087893E2,5.235264000E1,4.881926970E0,2.479778652E0,0.000000000E0,NaN,9.935046196E0,3.291364431E0
5.040085428E2,5.235264012E1,4.881926970E0,2.504986341E0,0.000000000E0,NaN,9.935046196E0,3.252957344E0
5.050092814E2,5.235264044E1,4.881926700E0,2.569256656E0,0.000000000E0,NaN,9.935046196E0,3.137287140E0
5.060094455E2,5.235264002E1,4.881926430E0,2.466594776E0,0.000000000E0,NaN,9.935046196E0,3.038049221E0
5.070090345E2,5.235264808E1,4.881950250E0,2.704107651E0,2.289999962E0,5.990000153E1,9.935046196E0,3.008820772E0
5.080085897E2,5.235266469E1,4.881989280E0,2.487234604E0,3.269999981E0,5.609999847E1,9.935046196E0,3.069569588E0
5.090091254E2,5.235268226E1,4.882042440E0,2.959946244E0,4.110000134E0,6.070000076E1,9.935046196E0,3.320378065E0
5.100088168E2,5.235270751E1,4.882100620E0,3.254509982E0,4.820000172E0,5.690000153E1,9.935046196E0,3.540973902E0
5.110094425E2,5.235274164E1,4.882168470E0,3.243732925E0,5.019999981E0,5.079999924E1,9.935046196E0,3.526267290E0
5.120088874E2,5.235277078E1,4.882223590E0,2.192780368E0,5.510000229E0,3.640000153E1,9.935046196E0,3.432969570E0
5.130092846E2,5.235281110E1,4.882265900E0,1.918325455E0,6.159999847E0,2.550000000E1,9.935046196E0,3.205061913E0
5.140090781E2,5.235286049E1,4.882291730E0,1.667799620E0,6.469999790E0,1.700000000E1,9.935046196E0,3.292605162E0
5.150094339E2,5.235292014E1,4.882301290E0,2.252422923E0,6.550000191E0,3.000000119E-1,1.010170174E1,3.378001928E0
5.160089316E2,5.235299448E1,4.882244210E0,2.586113027E0,8.039999962E0,3.452000122E2,1.005279446E1,3.593784809E0
5.170084594E2,5.235306859E1,4.882185840E0,2.268251769E0,8.590000153E0,3.370000000E2,9.969307899E0,3.611547709E0
5.180091231E2,5.235315350E1,4.882138420E0,8.220551111E-1,9.119999886E0,3.362999878E2,9.943451881E0,3.566989899E0
5.190091002E2,5.235322474E1,4.882088930E0,8.152911097E-1,9.109999657E0,3.383999939E2,9.944737434E0,3.758754730E0
5.200086512E2,5.235330031E1,4.882032800E0,1.195248137E0,9.260000229E0,3.366000061E2,1.004044342E1,4.083592415E0
5.210093059E2,5.235336968E1,4.881977390E0,1.093995664E0,9.380000114E0,3.362000122E2,1.002681732E1,4.061324120E0
5.220092445E2,5.235344011E1,4.881920350E0,1.625067963E0,9.250000000E0,3.348999939E2,1.001616764E1,4.085894108E0
5.230094990E2,5.235351104E1,4.881874890E0,1.433979669E0,9.069999695E0,3.328999939E2,1.002796841E1,3.902751207E0
5.240084991E2,5.235359106E1,4.881815200E0,2.469580560E0,9.250000000E0,3.323999939E2,9.935046196E0,3.479841709E0
5.250085781E2,5.235367101E1,4.881758440E0,2.528986751E0,9.390000343E0,3.337999878E2,9.935046196E0,3.676333666E0
5.260088889E2,5.235375349E1,4.881704030E0,3.733844638E0,9.920000076E0,3.381000061E2,9.935046196E0,3.279821157E0
5.270086558E2,5.235383940E1,4.881654170E0,3.463795429E0,9.729999542E0,3.311000061E2,9.935046196E0,3.083926201E0
5.280087816E2,5.235392610E1,4.881593630E0,3.638992644E0,9.699999809E0,3.343999939E2,9.935046196E0,3.033343077E0
5.290100114E2,5.235400296E1,4.881538230E0,5.076508047E0,9.300000191E0,3.326000061E2,9.935046196E0,3.019410849E0
5.300093932E2,5.235407569E1,4.881480430E0,6.076516243E0,9.439999580E0,3.315000000E2,9.935046196E0,2.726333380E0
5.310093906E2,5.235415740E1,4.881416990E0,6.563594394E0,9.430000305E0,3.322000122E2,9.935046196E0,2.840175152E0
5.320087867E2,5.235424350E1,4.881366760E0,5.254177556E0,9.390000343E0,3.347999878E2,9.935046196E0,3.071069479E0
5.330090647E2,5.235432287E1,4.881318630E0,4.948292477E0,9.250000000E0,3.313999939E2,9.935046196E0,3.256310463E0
5.340094084E2,5.235440248E1,4.881285760E0,2.072042994E0,9.239999771E0,3.357000122E2,9.935046196E0,3.185104370E0
5.350090120E2,5.235447545E1,4.881231570E0,1.884004283E0,9.069999695E0,3.343999939E2,9.935046196E0,3.352923632E0
5.360103696E2,5.235454037E1,4.881183160E0,1.776462925E0,8.960000038E0,3.362000122E2,9.935046196E0,3.432506800E0
5.370085721E2,5.235461258E1,4.881129110E0,1.540266483E0,8.800000191E0,3.370000000E2,9.935046196E0,3.378906488E0
5.380090117E2,5.235468048E1,4.881077350E0,2.294360693E0,8.729999542E0,3.335000000E2,9.935046196E0,3.306638002E0
5.390085048E2,5.235475391E1,4.881018350E0,2.025814482E0,8.750000000E0,3.411000061E2,9.935046196E0,2.989707470E0
5.400085815E2,5.235482706E1,4.880964870E0,3.062019591E0,8.710000038E0,3.387000122E2,9.935046196E0,2.805234671E0
5.410090066E2,5.235489501E1,4.880910950E0,3.527111157E0,8.729999542E0,3.375000000E2,9.935046196E0,2.602747917E0
5.420089953E2,5.235496236E1,4.880858680E0,3.616287300E0,8.649999619E0,3.402999878E2,9.935046196E0,2.500000000E0
5.430089874E2,5.235503223E1,4.880807430E0,3.445946097E0,8.550000191E0,3.371000061E2,9.935046196E0,2.500000000E0
5.440084347E2,5.235510399E1,4.880755750E0,3.456454478E0,8.439999580E0,3.377000122E2,9.935046196E0,2.500000000E0
5.450084683E2,5.235517053E1,4.880706120E0,3.237952773E0,8.319999695E0,3.395000000E2,9.935046196E0,2.500000000E0
5.460085946E2,5.235523905E1,4.880651030E0,3.463664579E0,8.239999771E0,3.328999939E2,9.935046196E0,2.500000000E0
5.470084876E2,5.235530426E1,4.880599460E0,2.948467984E0,8.039999962E0,3.382000122E2,9.935046196E0,2.500000000E0
5.480089943E2,5.235536600E1,4.880547420E0,2.899269643E0,7.500000000E0,3.316000061E2,9.935046196E0,2.500000000E0
5.490084907E2,5.235542160E1,4.880493710E0,2.726770668E0,7.019999981E0,3.373999939E2,9.935046196E0,2.500000000E0
5.500089947E2,5.235547298E1,4.880457020E0,2.656997723E0,6.429999828E0,3.330000000E2,9.935046196E0,2.500000000E0
5.510089934E2,5.235552246E1,4.880412070E0,2.878416068E0,6.210000038E0,3.297000122E2,9.935046196E0,2.500000000E0
5.520098508E2,5.235557173E1,4.880371040E0,3.017377879E0,6.090000153E0,3.376000061E2,9.935046196E0,2.500000000E0
5.530092770E2,5.235561818E1,4.880328510E0,2.905724498E0,5.909999847E0,3.328999939E2,9.935046196E0,2.500000000E0
5.540085203E2,5.235566690E1,4.880292470E0,3.407237238E0,5.780000210E0,3.347999878E2,9.935046196E0,2.500000000E0
5.550084897E2,5.235571218E1,4.880258100E0,4.071832029E0,5.619999886E0,3.326000061E2,9.935046196E0,2.500000000E0
5.560087278E2,5.235575453E1,4.880233670E0,4.284463088E0,5.210000038E0,3.352999878E2,9.935046196E0,2.500000000E0
5.570088800E2,5.235580190E1,4.880210970E0,4.508332688E0,5.530000210E0,3.452999878E2,9.935046196E0,2.500000000E0
5.580090091E2,5.235584623E1,4.880183330E0,4.845354335E0,5.349999905E0,3.411000061E2,9.935046196E0,2.500000000E0
5.590092444E2,5.235589323E1,4.880155630E0,5.376654612E0,5.619999886E0,3.396000061E2,9.935046196E0,2.500000000E0
5.600086021E2,5.235594083E1,4.880121130E0,5.446159822E0,5.650000095E0,3.407999878E2,9.935046196E0,2.500000000E0
5.610091033E2,5.235599351E1,4.880086030E0,5.744858856E0,5.780000210E0,3.407999878E2,9.935046196E0,2.500000000E0
5.620087330E2,5.235604468E1,4.880058980E0,5.548626322E0,5.840000153E0,3.472999878E2,9.935046196E0,2.500000000E0
5.630092391E2,5.235610027E1,4.880033110E0,4.979170717E0,5.710000038E0,3.440000000E2,9.935046196E0,2.500000000E0
5.640083859E2,5.235614992E1,4.880009610E0,4.883951270E0,5.590000153E0,3.417999878E2,9.935046196E0,2.500000000E0
5.650086986E2,5.235619826E1,4.879987450E0,5.102268346E0,5.460000038E0,3.332999878E2,9.935046196E0,2.500000000E0
5.660088767E2,5.235624646E1,4.879963430E0,5.361599777E0,5.340000153E0,3.303999939E2,9.935046196E0,2.500000000E0
5.670089967E2,5.235629717E1,4.879936510E0,5.579734342E0,5.650000095E0,3.367000122E2,9.935046196E0,2.500000000E0
5.680091912E2,5.235634675E1,4.879909210E0,5.634720122E0,5.929999828E0,3.426000061E2,9.935046196E0,2.500000000E0
5.690084101E2,5.235639552E1,4.879882190E0,5.550972012E0,5.880000114E0,3.381000061E2,9.935046196E0,2.500000000E0
5.700084996E2,5.235644067E1,4.879856540E0,4.943721053E0,5.750000000E0,3.332999878E2,9.935046196E0,2.500000000E0
5.710085939E2,5.235648697E1,4.879827030E0,5.177289801E0,5.510000229E0,3.378999939E2,9.935046196E0,2.500000000E0
5.720088001E2,5.235653041E1,4.879799320E0,4.976285243E0,5.280000210E0,3.411000061E2,9.935046196E0,2.500000000E0
5.730092828E2,5.235657002E1,4.879767750E0,4.864323353E0,4.929999828E0,3.302000122E2,9.935046196E0,2.500000000E0
5.740088304E2,5.235660841E1,4.879737100E0,4.696574141E0,4.670000076E0,3.265000000E2,9.935046196E0,2.500000000E0
5.750083875E2,5.235664803E1,4.879709930E0,4.696858454E0,4.619999886E0,3.301000061E2,9.935046196E0,2.500000000E0
5.760085282E2,5.235668520E1,4.879680650E0,4.469721105E0,4.469999790E0,3.330000000E2,9.935046196E0,2.500000000E0
5.770090129E2,5.235672049E1,4.879654460E0,4.515715211E0,4.230000019E0,3.352000122E2,9.935046196E0,2.500000000E0
5.780093075E2,5.235675373E1,4.879633320E0,4.505251822E0,3.900000095E0,3.377999878E2,9.935046196E0,2.500000000E0
5.790087069E2,5.235678392E1,4.879611320E0,4.338960883E0,3.549999952E0,3.365000000E2,9.935046196E0,2.500000000E0
5.800090088E2,5.235681161E1,4.879589140E0,4.391294246E0,3.339999914E0,3.362999878E2,9.935046196E0,2.500000000E0
5.810093283E2,5.235683616E1,4.879568680E0,3.947957671E0,3.049999952E0,3.383999939E2,9.935046196E0,2.500000000E0
5.820088708E2,5.235685739E1,4.879552350E0,3.655497706E0,2.599999905E0,3.373999939E2,9.935046196E0,2.500000000E0
5.830083934E2,5.235687329E1,4.879541580E0,3.363887927E0,2.000000000E0,3.402000122E2,9.935046196E0,2.500000000E0
5.840088370E2,5.235688277E1,4.879536960E0,2.815375674E0,1.019999981E0,3.392999878E2,9.935046196E0,2.500000000E0
5.850103154E2,5.235688477E1,4.879538650E0,2.812388745E0,2.500000000E-1,3.396000061E2,9.935046196E0,2.500000000E0
5.860089015E2,5.235688451E1,4.879543060E0,2.518384575E0,0.000000000E0,NaN,9.935046196E0,2.500000000E0
5.870092173E2,5.235688460E1,4.879543210E0,2.482435081E0,0.000000000E0,NaN,9.935046196E0,2.500000000E0
5.880090541E2,5.235688328E1,4.879539760E0,2.297616777E0,0.000000000E0,NaN,9.935046196E0,2.500000000E0
5.890086764E2,5.235688292E1,4.879536150E0,2.442450614E0,0.000000000E0,NaN,9.935046196E0,2.500000000E0
5.900087756E2,5.235688313E1,4.879536400E0,2.527656132E0,0.000000000E0,NaN,9.935046196E0,2.500000000E0
5.910091807E2,5.235688155E1,4.879536600E0,2.336003630E0,0.000000000E0,NaN,9.935046196E0,2.500000000E0
5.920091658E2,5.235688038E1,4.879537450E0,2.228824737E0,0.000000000E0,NaN,9.935046196E0,2.500000000E0
5.930086982E2,5.235688082E1,4.879539120E0,2.270086086E0,0.000000000E0,NaN,9.935046196E0,2.500000000E0
5.940093793E2,5.235687999E1,4.879540540E0,2.294560833E0,0.000000000E0,NaN,9.935046196E0,2.500000000E0
5.950088205E2,5.235688108E1,4.879541830E0,2.130622683E0,0.000000000E0,NaN,9.935046196E0,2.500000000E0
5.960086002E2,5.235688182E1,4.879541370E0,2.117867113E0,0.000000000E0,NaN,9.935046196E0,2.500000000E0
5.970085359E2,5.235688221E1,4.879541110E0,2.092965169E0,0.000000000E0,NaN,9.935046196E0,2.500000000E0
5.980091752E2,5.235688244E1,4.879540920E0,2.120370169E0,0.000000000E0,NaN,9.935046196E0,2.500000000E0
5.990089521E2,5.235688298E1,4.879540990E0,2.146005736E0,0.000000000E0,NaN,9.935046196E0,2.500000000E0
6.000086929E2,5.235688336E1,4.879541070E0,2.158823701E0,0.000000000E0,NaN,9.935046196E0,2.500000000E0
6.010092918E2,5.235688359E1,4.879541080E0,2.179270808E0,0.000000000E0,NaN,9.935046196E0,2.500000000E0
6.020086993E2,5.235688388E1,4.879540590E0,2.177134703E0,0.000000000E0,NaN,9.935046196E0,2.500000000E0
6.030087229E2,5.235688392E1,4.879540460E0,2.167674236E0,0.000000000E0,NaN,9.935046196E0,2.500000000E0
6.040084828E2,5.235688346E1,4.879540660E0,2.170603390E0,0.000000000E0,NaN,9.935046196E0,2.500000000E0
6.050082298E2,5.235688334E1,4.879540700E0,2.171946018E0,0.000000000E0,NaN,9.935046196E0,2.500000000E0
6.060089347E2,5.235688331E1,4.879540700E0,2.170969413E0,0.000000000E0,NaN,9.935046196E0,2.500000000E0
6.070088012E2,5.235688332E1,4.879540660E0,2.169870771E0,0.000000000E0,NaN,9.935046196E0,2.500000000E0
6.080090303E2,5.235688332E1,4.879540640E0,2.170359041E0,0.000000000E0,NaN,9.935046196E0,2.500000000E0
6.090088911E2,5.235688334E1,4.879540630E0,2.173715997E0,0.000000000E0,NaN,9.935046196E0,2.500000000E0
6.100088982E2,5.235688324E1,4.879540580E0,2.159067389E0,0.000000000E0,NaN,9.935046196E0,2.500000000E0
6.110088692E2,5.235688326E1,4.879540490E0,2.151254866E0,0.000000000E0,NaN,9.935046196E0,2.500000000E0
6.120090351E2,5.235688327E1,4.879540460E0,2.150522441E0,0.000000000E0,NaN,9.935046196E0,2.500000000E0
6.130088252E2,5.235688328E1,4.879540450E0,2.150095203E0,0.000000000E0,NaN,9.935046196E0,2.500000000E0
6.140087448E2,5.235688327E1,4.879540420E0,2.155100054E0,0.000000000E0,NaN,9.935046196E0,2.500000000E0
6.150092721E2,5.235688349E1,4.879540460E0,2.183115524E0,0.000000000E0,NaN,9.935046196E0,2.500000000E0
6.160093618E2,5.235688357E1,4.879540480E0,2.184214281E0,0.000000000E0,NaN,9.935046196E0,2.500000000E0
6.170087749E2,5.235688366E1,4.879540490E0,2.194468320E0,0.000000000E0,NaN,9.935046196E0,2.500000000E0
6.180088862E2,5.235688368E1,4.879540510E0,2.197031836E0,0.000000000E0,NaN,9.935046196E0,2.500000000E0
6.190088990E2,5.235688369E1,4.879540530E0,2.197520143E0,0.000000000E0,NaN,9.935046196E0,2.500000000E0
6.200085331E2,5.235688387E1,4.879540600E0,2.224009695E0,0.000000000E0,NaN,9.935046196E0,2.500000000E0
6.210093367E2,5.235688410E1,4.879540060E0,2.207957462E0,0.000000000E0,NaN,9.935046196E0,2.500000000E0
6.220088636E2,5.235688419E1,4.879539930E0,2.212413080E0,0.000000000E0,NaN,9.935046196E0,2.500000000E0
6.230091363E2,5.235690130E1,4.879530260E0,1.995756813E0,2.420000076E0,3.302999878E2,9.935046196E0,2.500000000E0
6.240085020E2,5.235693395E1,4.879513130E0,2.473393047E0,4.059999943E0,3.376000061E2,9.935046196E0,2.500000000E0
6.250078406E2,5.235697423E1,4.879489410E0,2.700059672E0,4.800000191E0,3.372000122E2,9.935046196E0,2.622837067E0
6.260088664E2,5.235702961E1,4.879454140E0,3.032820017E0,5.909999847E0,3.382999878E2,9.935046196E0,2.613961935E0
6.270091380E2,5.235709600E1,4.879417770E0,3.233576201E0,6.619999886E0,3.385000000E2,9.935046196E0,2.500000000E0
6.280093784E2,5.235716331E1,4.879371430E0,3.493470997E0,7.159999847E0,3.368999939E2,9.935046196E0,2.500000000E0
6.290087868E2,5.235722629E1,4.879316310E0,3.267209603E0,7.530000210E0,3.393999939E2,9.935046196E0,2.521572113E0
6.300090034E2,5.235729017E1,4.879270830E0,3.838562460E0,7.519999981E0,3.433999939E2,9.935046196E0,2.711966276E0
6.310089891E2,5.235735874E1,4.879220460E0,3.731391273E0,7.639999866E0,3.355000000E2,1.006019306E1,2.846710920E0
6.320073843E2,5.235742175E1,4.879183320E0,2.857435213E0,7.340000153E0,3.371000061E2,1.000283051E1,3.202078342E0
6.330088307E2,5.235747561E1,4.879140200E0,2.510074134E0,7.139999866E0,3.358999939E2,1.001851082E1,3.428368092E0
6.340091900E2,5.235754000E1,4.879094130E0,3.198981076E0,7.519999981E0,3.391000061E2,1.008013153E1,3.628490448E0
6.350084430E2,5.235761199E1,4.879062380E0,3.391508063E0,7.599999905E0,3.396000061E2,1.030192280E1,3.907773495E0
6.360077396E2,5.235766208E1,4.879025500E0,3.725358647E0,5.590000153E0,3.337000122E2,1.011555672E1,3.786407709E0
6.370079462E2,5.235770408E1,4.878982010E0,4.514638352E0,4.530000210E0,3.370000000E2,1.007956123E1,3.753611803E0
6.380079626E2,5.235774108E1,4.878941650E0,4.709369358E0,3.980000019E0,3.317000122E2,1.007766151E1,3.656189442E0
6.390083506E2,5.235777663E1,4.878914100E0,5.023368407E0,3.420000076E0,3.315000000E2,9.968458176E0,3.539370298E0
6.400076901E2,5.235780481E1,4.878898010E0,5.961936434E0,2.930000067E0,3.393999939E2,9.935046196E0,3.330365181E0
6.410076513E2,5.235782499E1,4.878881860E0,6.091838368E0,2.069999933E0,3.362000122E2,9.935046196E0,3.244017601E0
6.420079581E2,5.235783581E1,4.878865210E0,6.928819107E0,1.210000038E0,3.318999939E2,9.935046196E0,3.151391506E0
6.430081585E2,5.235784690E1,4.878858660E0,7.265439844E0,1.240000010E0,3.367000122E2,9.935046196E0,3.069175720E0
6.440074965E2,5.235786177E1,4.878850490E0,7.059096222E0,2.029999971E0,3.392000122E2,9.935046196E0,3.019157887E0
6.450082240E2,5.235788195E1,4.878837800E0,7.464024566E0,2.789999962E0,3.371000061E2,9.935046196E0,3.038866043E0
6.460076155E2,5.235790995E1,4.878819980E0,8.041690462E0,3.579999924E0,3.356000061E2,9.935046196E0,2.982527018E0
6.470079595E2,5.235794125E1,4.878796610E0,7.317233783E0,3.849999905E0,3.360000000E2,9.935046196E0,2.846926689E0
6.480076742E2,5.235797337E1,4.878777180E0,7.609260025E0,3.769999981E0,3.377999878E2,9.935046196E0,2.904983044E0
6.490076641E2,5.235800780E1,4.878761720E0,7.626511539E0,3.880000114E0,3.430000000E2,9.935046196E0,2.790589094E0
6.500079594E2,5.235804895E1,4.878753970E0,7.767922480E0,4.610000134E0,3.508999939E2,9.935046196E0,2.534487009E0
6.510083382E2,5.235809922E1,4.878766200E0,8.002985733E0,5.119999886E0,3.099999905E0,9.935046196E0,2.518205404E0
6.520076377E2,5.235814332E1,4.878790210E0,7.997812714E0,5.190000057E0,1.560000038E1,9.935046196E0,2.608216047E0
6.530079687E2,5.235818099E1,4.878825790E0,6.897239360E0,5.679999828E0,3.250000000E1,9.935046196E0,2.722108126E0
6.540081520E2,5.235822453E1,4.878881010E0,7.036431708E0,6.500000000E0,4.179999924E1,1.019750500E1,3.286907673E0
6.550073760E2,5.235825983E1,4.878960770E0,6.334745257E0,7.329999924E0,5.950000000E1,9.935046196E0,2.957614660E0
6.560077952E2,5.235828133E1,4.879042320E0,5.956831897E0,7.369999886E0,6.850000000E1,9.935046196E0,2.896794558E0
6.570078070E2,5.235830565E1,4.879142810E0,5.802993499E0,7.750000000E0,6.800000000E1,9.935046196E0,2.910531521E0
6.580080953E2,5.235834146E1,4.879252870E0,5.203803285E0,8.630000114E0,7.059999847E1,9.935046196E0,2.923323870E0
6.590074846E2,5.235837903E1,4.879379160E0,5.476634196E0,9.420000076E0,6.850000000E1,9.935046196E0,2.958291054E0
6.600082884E2,5.235841389E1,4.879513040E0,5.985244478E0,9.569999695E0,7.050000000E1,9.935046196E0,2.960436821E0
6.610081510E2,5.235844797E1,4.879638900E0,5.944288488E0,9.340000153E0,6.509999847E1,9.935046196E0,2.862831593E0
6.620076674E2,5.235848107E1,4.879765980E0,6.122936315E0,9.390000343E0,6.229999924E1,9.935046196E0,2.805475473E0
6.630079616E2,5.235851546E1,4.879890140E0,5.818307908E0,9.300000191E0,5.809999847E1,9.935046196E0,2.841040373E0
6.640081727E2,5.235854783E1,4.880014400E0,6.066411090E0,9.289999962E0,6.340000153E1,9.935046196E0,2.847601414E0
6.650074923E2,5.235858065E1,4.880146930E0,5.193609035E0,9.029999733E0,6.680000305E1,9.935046196E0,2.833789587E0
6.660077695E2,5.235860913E1,4.880263890E0,3.782889047E0,9.079999924E0,6.819999695E1,9.935046196E0,2.860012054E0
6.670082553E2,5.235863791E1,4.880387110E0,3.251384521E0,8.979999542E0,6.769999695E1,9.935046196E0,2.809995174E0
6.680077729E2,5.235867112E1,4.880515160E0,3.828470572E0,9.109999657E0,6.740000153E1,9.935046196E0,2.623383760E0
6.690078153E2,5.235870619E1,4.880636970E0,4.127052228E0,9.119999886E0,6.709999847E1,9.935046196E0,2.535926342E0
6.700082590E2,5.235874106E1,4.880756030E0,4.868014828E0,8.989999771E0,6.569999695E1,9.935046196E0,2.507164478E0
6.710075929E2,5.235877484E1,4.880873830E0,5.119290108E0,8.649999619E0,6.740000153E1,9.935046196E0,2.525139809E0
6.720080994E2,5.235880445E1,4.880974230E0,5.419621733E0,8.010000229E0,6.270000076E1,9.935046196E0,2.584417105E0
6.730078470E2,5.235883127E1,4.881069170E0,5.456396470E0,7.260000229E0,6.079999924E1,9.935046196E0,2.578596354E0
6.740081465E2,5.235885616E1,4.881162930E0,5.490238119E0,6.650000095E0,6.150000000E1,9.935046196E0,2.522897243E0
6.750083170E2,5.235887933E1,4.881249430E0,5.720240146E0,6.179999828E0,6.329999924E1,9.935046196E0,2.504842997E0
6.760078171E2,5.235890203E1,4.881326010E0,5.861063421E0,5.710000038E0,6.659999847E1,9.935046196E0,2.500000000E0
6.770082611E2,5.235892056E1,4.881396750E0,5.755356451E0,5.179999828E0,6.730000305E1,9.935046196E0,2.500000000E0
6.780077677E2,5.235893262E1,4.881455860E0,5.567053081E0,4.679999828E0,6.680000305E1,9.935046196E0,2.509974480E0
6.790078324E2,5.235894767E1,4.881513990E0,5.959319767E0,4.199999809E0,6.950000000E1,9.935046196E0,2.501698256E0
6.800083660E2,5.235896025E1,4.881564940E0,5.975968475E0,3.490000010E0,7.380000305E1,9.935046196E0,2.500000000E0
6.810083715E2,5.235897128E1,4.881598570E0,6.233022480E0,2.599999905E0,7.340000153E1,9.935046196E0,2.500000000E0
6.820078374E2,5.235898069E1,4.881622530E0,5.703264421E0,1.590000033E0,7.559999847E1,9.935046196E0,2.500000000E0
6.830090672E2,5.235898479E1,4.881635820E0,5.932342815E0,8.199999928E-1,8.009999847E1,9.935046196E0,2.500000000E0
6.840078366E2,5.235898601E1,4.881637900E0,6.110751497E0,0.000000000E0,NaN,9.935046196E0,2.500000000E0
6.850077327E2,5.235898810E1,4.881635180E0,6.454136663E0,1.599999964E-1,8.250000000E1,9.935046196E0,2.500000000E0
6.860080905E2,5.235899183E1,4.881639000E0,6.121563560E0,0.000000000E0,NaN,9.935046196E0,2.500000000E0
