"Time (s)","Pressure (hPa)"
4.360250100E-1,1.012322754E3
9.358713120E-1,1.012482666E3
1.436025740E0,1.012314941E3
1.935875115E0,1.012408203E3
2.435859750E0,1.012469971E3
2.935872406E0,1.012458740E3
3.435862823E0,1.012461182E3
3.935871937E0,1.012467407E3
4.435859698E0,1.012472168E3
4.935874646E0,1.012482666E3
5.435862771E0,1.012475586E3
5.935861625E0,1.012488892E3
6.435860844E0,1.012493652E3
6.935858240E0,1.012483887E3
7.435917667E0,1.012486572E3
7.935850740E0,1.012493408E3
8.435917719E0,1.012489258E3
8.935865010E0,1.012482544E3
9.435860687E0,1.012462891E3
9.935844333E0,1.012438232E3
1.043585954E1,1.012401001E3
1.093587157E1,1.012355103E3
1.143599438E1,1.012382324E3
1.193588074E1,1.012385010E3
1.243592548E1,1.012374634E3
1.293588053E1,1.012395508E3
1.343593360E1,1.012378418E3
1.393587553E1,1.012402954E3
1.443611345E1,1.012412842E3
1.493588199E1,1.012398560E3
1.543613949E1,1.012412964E3
1.593587392E1,1.012423340E3
1.643585741E1,1.012422241E3
1.693588220E1,1.012424438E3
1.743600334E1,1.012436890E3
1.793587366E1,1.012385986E3
1.843586329E1,1.012361694E3
1.893588173E1,1.012395508E3
1.943601657E1,1.012399902E3
1.993588032E1,1.012370605E3
2.021189454E1,1.012316406E3
2.031188949E1,1.012302246E3
2.081188949E1,1.012264404E3
2.131188949E1,1.012293457E3
2.181188949E1,1.012306152E3
2.231188949E1,1.012307617E3
2.281188949E1,1.012295410E3
2.331188949E1,1.012277466E3
2.381188949E1,1.012246216E3
2.431188949E1,1.012274292E3
2.481188949E1,1.012268311E3
2.531188949E1,1.012315918E3
2.581188949E1,1.012320801E3
2.631188949E1,1.012332153E3
2.681188949E1,1.012515015E3
2.731188949E1,1.012593018E3
2.781188949E1,1.012511597E3
2.831188949E1,1.012503662E3
2.881188949E1,1.012515869E3
2.931188949E1,1.012519165E3
2.981188949E1,1.012587402E3
3.031188949E1,1.012608276E3
3.081188949E1,1.012425537E3
3.131188949E1,1.012362671E3
3.181188949E1,1.012507812E3
3.231188949E1,1.012545654E3
3.281188949E1,1.012541748E3
3.331188949E1,1.012519043E3
3.381188949E1,1.012499390E3
3.431188949E1,1.012413086E3
3.481188949E1,1.012369873E3
3.531188949E1,1.012356812E3
3.581188949E1,1.012300659E3
3.631188949E1,1.012353882E3
3.681188949E1,1.012286865E3
3.731188949E1,1.012276367E3
3.781188949E1,1.012261963E3
3.831188949E1,1.012252075E3
3.881188949E1,1.012261108E3
3.931188949E1,1.012246338E3
3.981188949E1,1.012246338E3
4.031188949E1,1.012223633E3
4.081188949E1,1.012174316E3
4.131188949E1,1.012140991E3
4.181188949E1,1.012101074E3
4.231188949E1,1.012107910E3
4.281188949E1,1.012069336E3
4.331188949E1,1.012094482E3
4.381188949E1,1.012038940E3
4.431188949E1,1.012030273E3
4.481188949E1,1.011975952E3
4.531188949E1,1.011947266E3
4.581188949E1,1.011968628E3
4.631188949E1,1.011963989E3
4.681188949E1,1.011906616E3
4.731188949E1,1.011939209E3
4.781188949E1,1.011945435E3
4.831188949E1,1.011929443E3
4.881188949E1,1.011896362E3
4.931188949E1,1.011843506E3
4.981188949E1,1.011893066E3
5.031188949E1,1.011885864E3
5.081188949E1,1.011917358E3
5.131188949E1,1.011940918E3
5.181188949E1,1.011956787E3
5.231188949E1,1.011950439E3
5.281188949E1,1.011952271E3
5.331188949E1,1.011913696E3
5.381188949E1,1.011921265E3
5.431188949E1,1.011927368E3
5.481188949E1,1.011881958E3
5.531188949E1,1.011866455E3
5.581188949E1,1.011885132E3
5.631188949E1,1.011899414E3
5.681188949E1,1.011981201E3
5.731188949E1,1.012016846E3
5.781188949E1,1.012032593E3
5.831188949E1,1.012050537E3
5.881188949E1,1.012073853E3
5.931188949E1,1.012027954E3
5.981188949E1,1.012052856E3
6.031188949E1,1.012061035E3
6.081188949E1,1.012047363E3
6.131188949E1,1.012014893E3
6.181188949E1,1.011957275E3
6.231188949E1,1.011973633E3
6.281188949E1,1.012003296E3
6.331188949E1,1.011969604E3
6.381188949E1,1.011970947E3
6.431188949E1,1.011956421E3
6.481188949E1,1.012016846E3
6.531188949E1,1.012029663E3
6.581188949E1,1.012026367E3
6.631188949E1,1.011996948E3
6.681188949E1,1.011979614E3
6.731188949E1,1.011969604E3
6.781188949E1,1.011989502E3
6.831188949E1,1.011966919E3
6.881188949E1,1.011947510E3
6.931188949E1,1.011919434E3
6.981188949E1,1.011937378E3
7.031188949E1,1.011901611E3
7.081188949E1,1.011930420E3
7.131188949E1,1.011849487E3
7.181188949E1,1.011864990E3
7.231188949E1,1.011830078E3
7.281188949E1,1.011806641E3
7.331188949E1,1.011825928E3
7.381188949E1,1.011817871E3
7.431188949E1,1.011828369E3
7.481188949E1,1.011865723E3
7.531188949E1,1.011835327E3
7.581188949E1,1.011817383E3
7.631188949E1,1.011830200E3
7.681188949E1,1.011840820E3
7.731188949E1,1.011841187E3
7.781188949E1,1.011846313E3
7.831188949E1,1.011808960E3
7.881188949E1,1.011824097E3
7.931188949E1,1.011846191E3
7.981188949E1,1.011919434E3
8.031188949E1,1.011917480E3
8.081188949E1,1.011967285E3
8.131188949E1,1.011948242E3
8.181188949E1,1.011975586E3
8.231188949E1,1.011980957E3
8.281188949E1,1.011985474E3
8.331188949E1,1.012030273E3
8.381188949E1,1.012064331E3
8.431188949E1,1.012079346E3
8.481188949E1,1.012087891E3
8.531188949E1,1.012038452E3
8.581188949E1,1.012034302E3
8.631188949E1,1.012051392E3
8.681188949E1,1.012061646E3
8.731188949E1,1.012091553E3
8.781188949E1,1.012087524E3
8.831188949E1,1.012070679E3
8.881188949E1,1.012063843E3
8.931188949E1,1.012087402E3
8.981188949E1,1.012126343E3
9.031188949E1,1.012132935E3
9.081188949E1,1.012134644E3
9.131188949E1,1.012133911E3
9.181188949E1,1.012130127E3
9.231188949E1,1.012128174E3
9.281188949E1,1.012128540E3
9.331188949E1,1.012121826E3
9.381188949E1,1.012149292E3
9.431188949E1,1.012160767E3
9.481188949E1,1.012123291E3
9.531188949E1,1.012121704E3
9.581188949E1,1.012123047E3
9.631188949E1,1.012121460E3
9.681188949E1,1.012114990E3
9.731188949E1,1.012117798E3
9.781188949E1,1.012105713E3
9.831188949E1,1.012103638E3
9.881188949E1,1.012128296E3
9.931188949E1,1.012153076E3
9.981188949E1,1.012131836E3
1.003118895E2,1.012127441E3
1.008118895E2,1.012112061E3
1.013118895E2,1.012121582E3
1.018118895E2,1.012121826E3
1.023118895E2,1.012116699E3
1.028118895E2,1.012114990E3
1.033118895E2,1.012125122E3
1.038118895E2,1.012129761E3
1.043118895E2,1.012133179E3
1.048118895E2,1.012139160E3
1.053118895E2,1.012139404E3
1.058118895E2,1.012140503E3
1.063118895E2,1.012137695E3
1.068118895E2,1.012129639E3
1.073118895E2,1.012172119E3
1.078118895E2,1.012129272E3
1.083118895E2,1.012122681E3
1.088118895E2,1.012141846E3
1.093118895E2,1.012128784E3
1.098118895E2,1.012131226E3
1.103118895E2,1.012138062E3
1.108118895E2,1.012138062E3
1.113118895E2,1.012139893E3
1.118118895E2,1.012149536E3
1.123118895E2,1.012152222E3
1.128118895E2,1.012140869E3
1.133118895E2,1.012144165E3
1.138118895E2,1.012147339E3
1.143118895E2,1.012143921E3
1.148118895E2,1.012138916E3
1.153118895E2,1.012146729E3
1.158118895E2,1.012142212E3
1.163118895E2,1.012127930E3
1.168118895E2,1.012139038E3
1.173118895E2,1.012139038E3
1.178118895E2,1.012130493E3
1.183118895E2,1.012144409E3
1.188118895E2,1.012139648E3
1.193118895E2,1.012134033E3
1.198118895E2,1.012137695E3
1.203118895E2,1.012131836E3
1.208118895E2,1.012126465E3
1.213118895E2,1.012131592E3
1.218118895E2,1.012136230E3
1.223118895E2,1.012126221E3
1.228118895E2,1.012120728E3
1.233118895E2,1.012117554E3
1.238118895E2,1.012130737E3
1.243118895E2,1.012150024E3
1.248118895E2,1.012162476E3
1.253118895E2,1.012254883E3
1.258118895E2,1.012252563E3
1.263118895E2,1.012234863E3
1.268118895E2,1.012222656E3
1.273118895E2,1.012218506E3
1.278118895E2,1.012230469E3
1.283118895E2,1.012150513E3
1.288118895E2,1.012136230E3
1.293118895E2,1.012189453E3
1.298118895E2,1.012190063E3
1.303118895E2,1.012197388E3
1.308118895E2,1.012128052E3
1.313118895E2,1.012085693E3
1.318118895E2,1.012052734E3
1.323118895E2,1.012034302E3
1.328118895E2,1.012034302E3
1.333118895E2,1.011999634E3
1.338118895E2,1.011960693E3
1.343118895E2,1.011998657E3
1.348118895E2,1.012004028E3
1.353118895E2,1.011982666E3
1.358118895E2,1.011925781E3
1.363118895E2,1.011921509E3
1.368118895E2,1.011967041E3
1.373118895E2,1.011941772E3
1.378118895E2,1.011907227E3
1.383118895E2,1.011901245E3
1.388118895E2,1.011840454E3
1.393118895E2,1.011855591E3
1.398118895E2,1.011871582E3
1.403118895E2,1.011883057E3
1.408118895E2,1.011855713E3
1.413118895E2,1.011877686E3
1.418118895E2,1.011890137E3
1.423118895E2,1.011935547E3
1.428118895E2,1.011874512E3
1.433118895E2,1.011921509E3
1.438118895E2,1.011914795E3
1.443118895E2,1.011857178E3
1.448118895E2,1.011850464E3
1.453118895E2,1.011910767E3
1.458118895E2,1.011894287E3
1.463118895E2,1.011813721E3
1.468118895E2,1.011761841E3
1.473118895E2,1.011775879E3
1.478118895E2,1.011761841E3
1.483118895E2,1.011778320E3
1.488118895E2,1.011808594E3
1.493118895E2,1.011807007E3
1.498118895E2,1.011832031E3
1.503118895E2,1.011792725E3
1.508118895E2,1.011770020E3
1.513118895E2,1.011806396E3
1.518118895E2,1.011790771E3
1.523118895E2,1.011754150E3
1.528118895E2,1.011690430E3
1.533118895E2,1.011670288E3
1.538118895E2,1.011513306E3
1.543118895E2,1.011512451E3
1.548118895E2,1.011586060E3
1.553118895E2,1.011627197E3
1.558118895E2,1.011681030E3
1.563118895E2,1.011660645E3
1.568118895E2,1.011650757E3
1.573118895E2,1.011577637E3
1.578118895E2,1.011584839E3
1.583118895E2,1.011536865E3
1.588118895E2,1.011515503E3
1.593118895E2,1.011547241E3
1.598118895E2,1.011549805E3
1.603118895E2,1.011410645E3
1.608118895E2,1.011531494E3
1.613118895E2,1.011532227E3
1.618118895E2,1.011446045E3
1.623118895E2,1.011469727E3
1.628118895E2,1.011482056E3
1.633118895E2,1.011539429E3
1.638118895E2,1.011553223E3
1.643118895E2,1.011604492E3
1.648118895E2,1.011550537E3
1.653118895E2,1.011552246E3
1.658118895E2,1.011484375E3
1.663118895E2,1.011441162E3
1.668118895E2,1.011442871E3
1.673118895E2,1.011277588E3
1.678118895E2,1.011204346E3
1.683118895E2,1.011407349E3
1.688118895E2,1.011531616E3
1.693118895E2,1.011602051E3
1.698118895E2,1.011617065E3
1.703118895E2,1.011689697E3
1.708118895E2,1.011757080E3
1.713118895E2,1.011717041E3
1.718118895E2,1.011747314E3
1.723118895E2,1.011780396E3
1.728118895E2,1.011752075E3
1.733118895E2,1.011679932E3
1.738118895E2,1.011693970E3
1.743118895E2,1.011726562E3
1.748118895E2,1.011540771E3
1.753118895E2,1.011493530E3
1.758118895E2,1.011392212E3
1.763118895E2,1.011537354E3
1.768118895E2,1.011554565E3
1.773118895E2,1.011588135E3
1.778118895E2,1.011554199E3
1.783118895E2,1.011628784E3
1.788118895E2,1.011656860E3
1.793118895E2,1.011697998E3
1.798118895E2,1.011697998E3
1.803118895E2,1.011670410E3
1.808118895E2,1.011663574E3
1.813118895E2,1.011739014E3
1.818118895E2,1.011674561E3
1.823118895E2,1.011745117E3
1.828118895E2,1.011656982E3
1.833118895E2,1.011650024E3
1.838118895E2,1.011586182E3
1.843118895E2,1.011635376E3
1.848118895E2,1.011628052E3
1.853118895E2,1.011711792E3
1.858118895E2,1.011671387E3
1.863118895E2,1.011710693E3
1.868118895E2,1.011688965E3
1.873118895E2,1.011711426E3
1.878118895E2,1.011713379E3
1.883118895E2,1.011754517E3
1.888118895E2,1.011773682E3
1.893118895E2,1.011791504E3
1.898118895E2,1.011824341E3
1.903118895E2,1.011803345E3
1.908118895E2,1.011787109E3
1.913118895E2,1.011774902E3
1.918118895E2,1.011801392E3
1.923118895E2,1.011739990E3
1.928118895E2,1.011775879E3
1.933118895E2,1.011639404E3
1.938118895E2,1.011591309E3
1.943118895E2,1.011618042E3
1.948118895E2,1.011594971E3
1.953118895E2,1.011548096E3
1.958118895E2,1.011510620E3
1.963118895E2,1.011568115E3
1.968118895E2,1.011611084E3
1.973118895E2,1.011655884E3
1.978118895E2,1.011643921E3
1.983118895E2,1.011605713E3
1.988118895E2,1.011655518E3
1.993118895E2,1.011757202E3
1.998118895E2,1.011757202E3
2.003118895E2,1.011735474E3
2.008118895E2,1.011692627E3
2.013118895E2,1.011676758E3
2.018118895E2,1.011762451E3
2.023118895E2,1.011737061E3
2.028118895E2,1.011651245E3
2.033118895E2,1.011686401E3
2.038118895E2,1.011757080E3
2.043118895E2,1.011665649E3
2.048118895E2,1.011711670E3
2.053118895E2,1.011759521E3
2.058118895E2,1.011698730E3
2.063118895E2,1.011667969E3
2.068118895E2,1.011823975E3
2.073118895E2,1.011859497E3
2.078118895E2,1.011890747E3
2.083118895E2,1.011968506E3
2.088118895E2,1.011926270E3
2.093118895E2,1.011874512E3
2.098118895E2,1.011925781E3
2.103118895E2,1.011935547E3
2.108118895E2,1.011914062E3
2.113118895E2,1.011878540E3
2.118118895E2,1.011906494E3
2.123118895E2,1.011933472E3
2.128118895E2,1.011919434E3
2.133118895E2,1.011922729E3
2.138118895E2,1.011962524E3
2.143118895E2,1.011995605E3
2.148118895E2,1.012011597E3
2.153118895E2,1.012045166E3
2.158118895E2,1.012035156E3
2.163118895E2,1.012113159E3
2.168118895E2,1.012098999E3
2.173118895E2,1.012069336E3
2.178118895E2,1.012065063E3
2.183118895E2,1.012086060E3
2.188118895E2,1.012097412E3
2.193118895E2,1.012049438E3
2.198118895E2,1.012049438E3
2.203118895E2,1.012105347E3
2.208118895E2,1.012099854E3
2.213118895E2,1.012141113E3
2.218118895E2,1.012187256E3
2.223118895E2,1.012217773E3
2.228118895E2,1.012221558E3
2.233118895E2,1.012190674E3
2.238118895E2,1.012174072E3
2.243118895E2,1.012172974E3
2.248118895E2,1.012183350E3
2.253118895E2,1.012132690E3
2.258118895E2,1.012147095E3
2.263118895E2,1.012187256E3
2.268118895E2,1.012193970E3
2.273118895E2,1.012218262E3
2.278118895E2,1.012202881E3
2.283118895E2,1.012215088E3
2.288118895E2,1.012261475E3
2.293118895E2,1.012265503E3
2.298118895E2,1.012241211E3
2.303118895E2,1.012252930E3
2.308118895E2,1.012294067E3
2.313118895E2,1.012307007E3
2.318118895E2,1.012362305E3
2.323118895E2,1.012409668E3
2.328118895E2,1.012448486E3
2.333118895E2,1.012436035E3
2.338118895E2,1.012415039E3
2.343118895E2,1.012409302E3
2.348118895E2,1.012443481E3
2.353118895E2,1.012445801E3
2.358118895E2,1.012507202E3
2.363118895E2,1.012542725E3
2.368118895E2,1.012567749E3
2.373118895E2,1.012571167E3
2.378118895E2,1.012591187E3
2.383118895E2,1.012618408E3
2.388118895E2,1.012620483E3
2.393118895E2,1.012552979E3
2.398118895E2,1.012552979E3
2.403118895E2,1.012562622E3
2.408118895E2,1.012562256E3
2.413118895E2,1.012568848E3
2.418118895E2,1.012574463E3
2.423118895E2,1.012441406E3
2.428118895E2,1.012456665E3
2.433118895E2,1.012438965E3
2.438118895E2,1.012444458E3
2.443118895E2,1.012430908E3
2.448118895E2,1.012398804E3
2.453118895E2,1.012381836E3
2.458118895E2,1.012358276E3
2.463118895E2,1.012375488E3
2.468118895E2,1.012398315E3
2.473118895E2,1.012394043E3
2.478118895E2,1.012332275E3
2.483118895E2,1.012273193E3
2.488118895E2,1.012248901E3
2.493118895E2,1.012196533E3
2.498118895E2,1.012194702E3
2.503118895E2,1.012173096E3
2.508118895E2,1.012147461E3
2.513118895E2,1.012186401E3
2.518118895E2,1.012122314E3
2.523118895E2,1.012075317E3
2.528118895E2,1.012066162E3
2.533118895E2,1.012099243E3
2.538118895E2,1.012050781E3
2.543118895E2,1.011986328E3
2.548118895E2,1.011932617E3
2.553118895E2,1.011921509E3
2.558118895E2,1.011928711E3
2.563118895E2,1.011890137E3
2.568118895E2,1.011836914E3
2.573118895E2,1.011791382E3
2.578118895E2,1.011754639E3
2.583118895E2,1.011651611E3
2.588118895E2,1.011625977E3
2.593118895E2,1.011652954E3
2.598118895E2,1.011652954E3
2.603118895E2,1.011685303E3
2.608118895E2,1.011633545E3
2.613118895E2,1.011564697E3
2.618118895E2,1.011656250E3
2.623118895E2,1.011524902E3
2.628118895E2,1.011542847E3
2.633118895E2,1.011438477E3
2.638118895E2,1.011331543E3
2.643118895E2,1.011304565E3
2.648118895E2,1.011384277E3
2.653118895E2,1.011374878E3
2.658118895E2,1.011388306E3
2.663118895E2,1.011390137E3
2.668118895E2,1.011425171E3
2.673118895E2,1.011387695E3
2.678118895E2,1.011377686E3
2.683118895E2,1.011404053E3
2.688118895E2,1.011449341E3
2.693118895E2,1.011398926E3
2.698118895E2,1.011372437E3
2.703118895E2,1.011417847E3
2.708118895E2,1.011402954E3
2.713118895E2,1.011449707E3
2.718118895E2,1.011473267E3
2.723118895E2,1.011497314E3
2.728118895E2,1.011484009E3
2.733118895E2,1.011473022E3
2.738118895E2,1.011548584E3
2.743118895E2,1.011590576E3
2.748118895E2,1.011556030E3
2.753118895E2,1.011540894E3
2.758118895E2,1.011570557E3
2.763118895E2,1.011478638E3
2.768118895E2,1.011613159E3
2.773118895E2,1.011613892E3
2.778118895E2,1.011645752E3
2.783118895E2,1.011674561E3
2.788118895E2,1.011684814E3
2.793118895E2,1.011693237E3
2.798118895E2,1.011693237E3
2.803118895E2,1.011668823E3
2.808118895E2,1.011585205E3
2.813118895E2,1.011678955E3
2.818118895E2,1.011698730E3
2.823118895E2,1.011618408E3
2.828118895E2,1.011589111E3
2.833118895E2,1.011534424E3
2.838118895E2,1.011472046E3
2.843118895E2,1.011419678E3
2.848118895E2,1.011478760E3
2.853118895E2,1.011541504E3
2.858118895E2,1.011589111E3
2.863118895E2,1.011643311E3
2.868118895E2,1.011586548E3
2.873118895E2,1.011549072E3
2.878118895E2,1.011598877E3
2.883118895E2,1.011524170E3
2.888118895E2,1.011530762E3
2.893118895E2,1.011511108E3
2.898118895E2,1.011568481E3
2.903118895E2,1.011538574E3
2.908118895E2,1.011477417E3
2.913118895E2,1.011431396E3
2.918118895E2,1.011449341E3
2.923118895E2,1.011423706E3
2.928118895E2,1.011359253E3
2.933118895E2,1.011311646E3
2.938118895E2,1.011407959E3
2.943118895E2,1.011399048E3
2.948118895E2,1.011458984E3
2.953118895E2,1.011456909E3
2.958118895E2,1.011412842E3
2.963118895E2,1.011448853E3
2.968118895E2,1.011447632E3
2.973118895E2,1.011418091E3
2.978118895E2,1.011435059E3
2.983118895E2,1.011477417E3
2.988118895E2,1.011508667E3
2.993118895E2,1.011881470E3
2.998118895E2,1.012095093E3
3.003118895E2,1.012128540E3
3.008118895E2,1.012151123E3
3.013118895E2,1.012070557E3
3.018118895E2,1.012088379E3
3.023118895E2,1.012031006E3
3.028118895E2,1.012063110E3
3.033118895E2,1.012122192E3
3.038118895E2,1.012110474E3
3.043118895E2,1.012148682E3
3.048118895E2,1.012129272E3
3.053118895E2,1.012140259E3
3.058118895E2,1.012071411E3
3.063118895E2,1.012061768E3
3.068118895E2,1.012038452E3
3.073118895E2,1.012023560E3
3.078118895E2,1.012025879E3
3.083118895E2,1.011971313E3
3.088118895E2,1.012009277E3
3.093118895E2,1.011999146E3
3.098118895E2,1.011997925E3
3.103118895E2,1.012005493E3
3.108118895E2,1.011968994E3
3.113118895E2,1.011922974E3
3.118118895E2,1.011885498E3
3.123118895E2,1.011863281E3
3.128118895E2,1.011886841E3
3.133118895E2,1.011932251E3
3.138118895E2,1.011934692E3
3.143118895E2,1.011953735E3
3.148118895E2,1.011927246E3
3.153118895E2,1.011955322E3
3.158118895E2,1.012000000E3
3.163118895E2,1.011979858E3
3.168118895E2,1.011967529E3
3.173118895E2,1.012014648E3
3.178118895E2,1.012045288E3
3.183118895E2,1.012059570E3
3.188118895E2,1.012073730E3
3.193118895E2,1.012082642E3
3.198118895E2,1.012082642E3
3.203118895E2,1.012071655E3
3.208118895E2,1.012099365E3
3.213118895E2,1.012116211E3
3.218118895E2,1.012154053E3
3.223118895E2,1.012154053E3
3.228118895E2,1.012154053E3
3.233118895E2,1.012154053E3
3.238118895E2,1.012154053E3
3.243118895E2,1.012154053E3
3.248118895E2,1.012083618E3
3.253118895E2,1.012065186E3
3.258118895E2,1.012104370E3
3.263118895E2,1.012040405E3
3.268118895E2,1.012040405E3
3.273118895E2,1.011992310E3
3.278118895E2,1.011982178E3
3.283118895E2,1.012088745E3
3.288118895E2,1.012041992E3
3.293118895E2,1.012007568E3
3.298118895E2,1.012004395E3
3.303118895E2,1.012044800E3
3.308118895E2,1.012051270E3
3.313118895E2,1.012031006E3
3.318118895E2,1.012041748E3
3.323118895E2,1.012041748E3
3.328118895E2,1.012115479E3
3.333118895E2,1.012115479E3
3.338118895E2,1.012008301E3
3.343118895E2,1.012008301E3
3.348118895E2,1.012008301E3
3.353118895E2,1.012008301E3
3.358118895E2,1.012008301E3
3.363118895E2,1.012008301E3
3.368118895E2,1.012008301E3
3.373118895E2,1.012008301E3
3.378118895E2,1.012046143E3
3.383118895E2,1.012031860E3
3.388118895E2,1.012078125E3
3.393118895E2,1.012040283E3
3.398118895E2,1.012040283E3
3.403118895E2,1.012081787E3
3.408118895E2,1.011982422E3
3.413118895E2,1.012062012E3
3.418118895E2,1.012051758E3
3.423118895E2,1.012069092E3
3.428118895E2,1.012098633E3
3.433118895E2,1.012047729E3
3.438118895E2,1.011989502E3
3.443118895E2,1.012014893E3
3.448118895E2,1.012047485E3
3.453118895E2,1.012046753E3
3.458118895E2,1.012060669E3
3.463118895E2,1.012064453E3
3.468118895E2,1.012043335E3
3.473118895E2,1.011991455E3
3.478118895E2,1.012013428E3
3.483118895E2,1.012047974E3
3.488118895E2,1.011975098E3
3.493118895E2,1.011995605E3
3.498118895E2,1.012001709E3
3.503118895E2,1.012043701E3
3.508118895E2,1.012066406E3
3.513118895E2,1.012075073E3
3.518118895E2,1.012084229E3
3.523118895E2,1.011999023E3
3.528118895E2,1.011973633E3
3.533118895E2,1.012012695E3
3.538118895E2,1.012061157E3
3.543118895E2,1.012079712E3
3.548118895E2,1.012000488E3
3.553118895E2,1.011986328E3
3.558118895E2,1.011993652E3
3.563118895E2,1.011936890E3
3.568118895E2,1.011972900E3
3.573118895E2,1.011928955E3
3.578118895E2,1.011950684E3
3.583118895E2,1.011961548E3
3.588118895E2,1.011919922E3
3.593118895E2,1.011919189E3
3.598118895E2,1.011862671E3
3.603118895E2,1.011893311E3
3.608118895E2,1.011879639E3
3.613118895E2,1.011827148E3
3.618118895E2,1.011782715E3
3.623118895E2,1.011782715E3
3.628118895E2,1.011782715E3
3.633118895E2,1.011782715E3
3.638118895E2,1.011782715E3
3.643118895E2,1.011782715E3
3.648118895E2,1.011782715E3
3.653118895E2,1.011782715E3
3.658118895E2,1.011782715E3
3.663118895E2,1.011782715E3
3.668118895E2,1.011782715E3
3.673118895E2,1.011782715E3
3.678118895E2,1.011782715E3
3.683118895E2,1.011782715E3
3.688118895E2,1.011782715E3
3.693118895E2,1.011782715E3
3.698118895E2,1.011782715E3
3.703118895E2,1.011782715E3
3.708118895E2,1.011782715E3
3.713118895E2,1.011782715E3
3.718118895E2,1.011782715E3
3.723118895E2,1.011782715E3
3.728118895E2,1.011782715E3
3.733118895E2,1.011782715E3
3.738118895E2,1.011782715E3
3.743118895E2,1.011782715E3
3.748118895E2,1.011782715E3
3.753118895E2,1.011782715E3
3.758118895E2,1.011782715E3
3.763118895E2,1.011782715E3
3.768118895E2,1.011782715E3
3.773118895E2,1.011782715E3
3.778118895E2,1.011782715E3
3.783118895E2,1.011782715E3
3.788118895E2,1.011782715E3
3.793118895E2,1.011782715E3
3.798118895E2,1.011782715E3
3.803118895E2,1.011978638E3
3.808118895E2,1.012045410E3
3.813118895E2,1.012053955E3
3.818118895E2,1.012051025E3
3.823118895E2,1.012051025E3
3.828118895E2,1.012051025E3
3.833118895E2,1.012051025E3
3.838118895E2,1.012051025E3
3.843118895E2,1.012051025E3
3.848118895E2,1.012051025E3
3.853118895E2,1.012051025E3
3.858118895E2,1.012051025E3
3.863118895E2,1.012051025E3
3.868118895E2,1.012051025E3
3.873118895E2,1.012051025E3
3.878118895E2,1.012051025E3
3.883118895E2,1.012051025E3
3.888118895E2,1.012051025E3
3.893118895E2,1.012051025E3
3.898118895E2,1.012051025E3
3.903118895E2,1.012051025E3
3.908118895E2,1.012051025E3
3.913118895E2,1.012051025E3
3.918118895E2,1.012051025E3
3.923118895E2,1.012051025E3
3.928118895E2,1.012051025E3
3.933118895E2,1.012051025E3
3.938118895E2,1.012051025E3
3.943118895E2,1.012051025E3
3.948118895E2,1.012051025E3
3.953118895E2,1.012051025E3
3.958118895E2,1.012051025E3
3.963118895E2,1.012051025E3
3.968118895E2,1.012051025E3
3.973118895E2,1.012051025E3
3.978118895E2,1.012051025E3
3.983118895E2,1.012051025E3
3.988118895E2,1.012051025E3
3.993118895E2,1.012051025E3
3.998118895E2,1.012051025E3
4.003118895E2,1.011983521E3
4.008118895E2,1.012003662E3
4.013118895E2,1.012008545E3
4.018118895E2,1.011979492E3
4.023118895E2,1.011979492E3
4.028118895E2,1.011979492E3
4.033118895E2,1.011979492E3
4.038118895E2,1.011979492E3
4.043118895E2,1.011979492E3
4.048118895E2,1.011979492E3
4.053118895E2,1.011979492E3
4.058118895E2,1.011979492E3
4.063118895E2,1.011979492E3
4.068118895E2,1.011979492E3
4.073118895E2,1.011979492E3
4.078118895E2,1.011979492E3
4.083118895E2,1.011979492E3
4.088118895E2,1.011979492E3
4.093118895E2,1.011979492E3
4.098118895E2,1.011979492E3
4.103118895E2,1.011979492E3
4.108118895E2,1.011979492E3
4.113118895E2,1.011979492E3
4.118118895E2,1.011979492E3
4.123118895E2,1.011979492E3
4.128118895E2,1.011979492E3
4.133118895E2,1.011979492E3
4.138118895E2,1.011979492E3
4.143118895E2,1.011979492E3
4.148118895E2,1.011979492E3
4.153118895E2,1.011979492E3
4.158118895E2,1.011979492E3
4.163118895E2,1.011979492E3
4.168118895E2,1.011979492E3
4.173118895E2,1.011979492E3
4.178118895E2,1.011979492E3
4.183118895E2,1.011979492E3
4.188118895E2,1.011979492E3
4.193118895E2,1.011979492E3
4.198118895E2,1.011979492E3
4.203118895E2,1.011909424E3
4.208118895E2,1.011900635E3
4.213118895E2,1.011906006E3
4.218118895E2,1.011871338E3
4.223118895E2,1.011871338E3
4.228118895E2,1.011871338E3
4.233118895E2,1.011871338E3
4.238118895E2,1.011871338E3
4.243118895E2,1.011871338E3
4.248118895E2,1.011871338E3
4.253118895E2,1.011871338E3
4.258118895E2,1.011871338E3
4.263118895E2,1.011871338E3
4.268118895E2,1.011871338E3
4.273118895E2,1.011871338E3
4.278118895E2,1.011871338E3
4.283118895E2,1.011871338E3
4.288118895E2,1.011871338E3
4.293118895E2,1.011871338E3
4.298118895E2,1.011871338E3
4.303118895E2,1.011871338E3
4.308118895E2,1.011871338E3
4.313118895E2,1.011871338E3
4.318118895E2,1.011871338E3
4.323118895E2,1.011871338E3
4.328118895E2,1.011871338E3
4.333118895E2,1.011871338E3
4.338118895E2,1.011871338E3
4.343118895E2,1.011871338E3
4.348118895E2,1.011871338E3
4.353118895E2,1.011871338E3
4.358118895E2,1.011871338E3
4.363118895E2,1.011871338E3
4.368118895E2,1.011871338E3
4.373118895E2,1.011871338E3
4.378118895E2,1.011871338E3
4.383118895E2,1.011871338E3
4.388118895E2,1.011871338E3
4.393118895E2,1.011871338E3
4.398118895E2,1.011871338E3
4.403118895E2,1.012002808E3
4.408118895E2,1.012072510E3
4.413118895E2,1.012062500E3
4.418118895E2,1.012085693E3
4.423118895E2,1.012085693E3
4.428118895E2,1.012085693E3
4.433118895E2,1.012085693E3
4.438118895E2,1.012085693E3
4.443118895E2,1.012085693E3
4.448118895E2,1.012085693E3
4.453118895E2,1.012085693E3
4.458118895E2,1.012085693E3
4.463118895E2,1.012085693E3
4.468118895E2,1.012085693E3
4.473118895E2,1.012085693E3
4.478118895E2,1.012085693E3
4.483118895E2,1.012085693E3
4.488118895E2,1.012085693E3
4.493118895E2,1.012085693E3
4.498118895E2,1.012085693E3
4.503118895E2,1.012085693E3
4.508118895E2,1.012085693E3
4.513118895E2,1.012085693E3
4.518118895E2,1.012085693E3
4.523118895E2,1.012085693E3
4.528118895E2,1.012085693E3
4.533118895E2,1.012085693E3
4.538118895E2,1.012085693E3
4.543118895E2,1.012085693E3
4.548118895E2,1.012085693E3
4.553118895E2,1.012085693E3
4.558118895E2,1.012085693E3
4.563118895E2,1.012085693E3
4.568118895E2,1.012085693E3
4.573118895E2,1.012085693E3
4.578118895E2,1.012085693E3
4.583118895E2,1.012085693E3
4.588118895E2,1.012085693E3
4.593118895E2,1.012085693E3
4.598118895E2,1.012085693E3
4.603118895E2,1.012214844E3
4.608118895E2,1.012216797E3
4.613118895E2,1.012252441E3
4.618118895E2,1.012310547E3
4.623118895E2,1.012310547E3
4.628118895E2,1.012310547E3
4.633118895E2,1.012310547E3
4.638118895E2,1.012310547E3
4.643118895E2,1.012310547E3
4.648118895E2,1.012310547E3
4.653118895E2,1.012310547E3
4.658118895E2,1.012310547E3
4.663118895E2,1.012310547E3
4.668118895E2,1.012310547E3
4.673118895E2,1.012310547E3
4.678118895E2,1.012310547E3
4.683118895E2,1.012310547E3
4.688118895E2,1.012310547E3
4.693118895E2,1.012310547E3
4.698118895E2,1.012310547E3
4.703118895E2,1.012310547E3
4.708118895E2,1.012310547E3
4.713118895E2,1.012310547E3
4.718118895E2,1.012310547E3
4.723118895E2,1.012310547E3
4.728118895E2,1.012310547E3
4.733118895E2,1.012310547E3
4.738118895E2,1.012310547E3
4.743118895E2,1.012310547E3
4.748118895E2,1.012310547E3
4.753118895E2,1.012310547E3
4.758118895E2,1.012310547E3
4.763118895E2,1.012310547E3
4.768118895E2,1.012310547E3
4.773118895E2,1.012310547E3
4.778118895E2,1.012310547E3
4.783118895E2,1.012310547E3
4.788118895E2,1.012310547E3
4.793118895E2,1.012310547E3
4.798118895E2,1.012310547E3
4.803118895E2,1.012279419E3
4.808118895E2,1.012300781E3
4.813118895E2,1.012262451E3
4.818118895E2,1.012286133E3
4.823118895E2,1.012246826E3
4.828118895E2,1.012246826E3
4.833118895E2,1.012246826E3
4.838118895E2,1.012246826E3
4.843118895E2,1.012246826E3
4.848118895E2,1.012246826E3
4.853118895E2,1.012246826E3
4.858118895E2,1.012246826E3
4.863118895E2,1.012246826E3
4.868118895E2,1.012246826E3
4.873118895E2,1.012246826E3
4.878118895E2,1.012246826E3
4.883118895E2,1.012246826E3
4.888118895E2,1.012246826E3
4.893118895E2,1.012246826E3
4.898118895E2,1.012246826E3
4.903118895E2,1.012246826E3
4.908118895E2,1.012246826E3
4.913118895E2,1.012246826E3
4.918118895E2,1.012246826E3
4.923118895E2,1.012246826E3
4.928118895E2,1.012246826E3
4.933118895E2,1.012246826E3
4.938118895E2,1.012246826E3
4.943118895E2,1.012246826E3
4.948118895E2,1.012246826E3
4.953118895E2,1.012246826E3
4.958118895E2,1.012246826E3
4.963118895E2,1.012246826E3
4.968118895E2,1.012246826E3
4.973118895E2,1.012246826E3
4.978118895E2,1.012246826E3
4.983118895E2,1.012246826E3
4.988118895E2,1.012246826E3
4.993118895E2,1.012246826E3
4.998118895E2,1.012246826E3
5.003118895E2,1.012136475E3
5.008118895E2,1.012107666E3
5.013118895E2,1.012066406E3
5.018118895E2,1.012135010E3
5.023118895E2,1.012125977E3
5.028118895E2,1.012157715E3
5.033118895E2,1.012169678E3
5.038118895E2,1.012197388E3
5.043118895E2,1.012203003E3
5.048118895E2,1.012240356E3
5.053118895E2,1.012227539E3
5.058118895E2,1.012216553E3
5.063118895E2,1.012254028E3
5.068118895E2,1.012276123E3
5.073118895E2,1.012328369E3
5.078118895E2,1.012354248E3
5.083118895E2,1.012388794E3
5.088118895E2,1.012385864E3
5.093118895E2,1.012375977E3
5.098118895E2,1.012347290E3
5.103118895E2,1.012594604E3
5.108118895E2,1.012141846E3
5.113118895E2,1.012269897E3
5.118118895E2,1.012254639E3
5.123118895E2,1.012149292E3
5.128118895E2,1.012217773E3
5.133118895E2,1.012199463E3
5.138118895E2,1.012207397E3
5.143118895E2,1.012235352E3
5.148118895E2,1.012241333E3
5.153118895E2,1.012276489E3
5.158118895E2,1.012232300E3
5.163118895E2,1.012235107E3
5.168118895E2,1.012242798E3
5.173118895E2,1.012212036E3
5.178118895E2,1.012176025E3
5.183118895E2,1.012108887E3
5.188118895E2,1.012075195E3
5.193118895E2,1.012065796E3
5.198118895E2,1.012032227E3
5.203118895E2,1.012087646E3
5.208118895E2,1.012134277E3
5.213118895E2,1.012117432E3
5.218118895E2,1.012104004E3
5.223118895E2,1.012111816E3
5.228118895E2,1.012115479E3
5.233118895E2,1.012125488E3
5.238118895E2,1.012129028E3
5.243118895E2,1.012068359E3
5.248118895E2,1.012118896E3
5.253118895E2,1.012086914E3
5.258118895E2,1.012058105E3
5.263118895E2,1.011993286E3
5.268118895E2,1.011955811E3
5.273118895E2,1.011952637E3
5.278118895E2,1.011924683E3
5.283118895E2,1.011999146E3
5.288118895E2,1.011917725E3
5.293118895E2,1.011828003E3
5.298118895E2,1.011926147E3
5.303118895E2,1.011971558E3
5.308118895E2,1.012018799E3
5.313118895E2,1.012085571E3
5.318118895E2,1.012013428E3
5.323118895E2,1.012044434E3
5.328118895E2,1.011968506E3
5.333118895E2,1.011955933E3
5.338118895E2,1.011980713E3
5.343118895E2,1.011997925E3
5.348118895E2,1.011983521E3
5.353118895E2,1.011976074E3
5.358118895E2,1.011938232E3
5.363118895E2,1.011910400E3
5.368118895E2,1.011830688E3
5.373118895E2,1.011804565E3
5.378118895E2,1.011841919E3
5.383118895E2,1.011872559E3
5.388118895E2,1.011888184E3
5.393118895E2,1.011905762E3
5.398118895E2,1.011953369E3
5.403118895E2,1.012000732E3
5.408118895E2,1.011995605E3
5.413118895E2,1.011941650E3
5.418118895E2,1.011961426E3
5.423118895E2,1.011937378E3
5.428118895E2,1.011945068E3
5.433118895E2,1.011973755E3
5.438118895E2,1.011985352E3
5.443118895E2,1.011904419E3
5.448118895E2,1.011884521E3
5.453118895E2,1.011914307E3
5.458118895E2,1.011905518E3
5.463118895E2,1.011953369E3
5.468118895E2,1.011929565E3
5.473118895E2,1.011957275E3
5.478118895E2,1.011991211E3
5.483118895E2,1.011935425E3
5.488118895E2,1.011948120E3
5.493118895E2,1.011951416E3
5.498118895E2,1.011959595E3
5.503118895E2,1.011925171E3
5.508118895E2,1.011947266E3
5.513118895E2,1.011961792E3
5.518118895E2,1.011952026E3
5.523118895E2,1.011963989E3
5.528118895E2,1.011974365E3
5.533118895E2,1.011936523E3
5.538118895E2,1.011925781E3
5.543118895E2,1.011901978E3
5.548118895E2,1.011923950E3
5.553118895E2,1.011949341E3
5.558118895E2,1.011936279E3
5.563118895E2,1.011886230E3
5.568118895E2,1.011881226E3
5.573118895E2,1.011950928E3
5.578118895E2,1.011955078E3
5.583118895E2,1.011881592E3
5.588118895E2,1.011890015E3
5.593118895E2,1.011981567E3
5.598118895E2,1.011987183E3
5.603118895E2,1.011895630E3
5.608118895E2,1.011928223E3
5.613118895E2,1.011900391E3
5.618118895E2,1.011944580E3
5.623118895E2,1.011919678E3
5.628118895E2,1.011986572E3
5.633118895E2,1.011961670E3
5.638118895E2,1.011969238E3
5.643118895E2,1.011959229E3
5.648118895E2,1.011970459E3
5.653118895E2,1.011935913E3
5.658118895E2,1.011894897E3
5.663118895E2,1.011973755E3
5.668118895E2,1.011911255E3
5.673118895E2,1.011909058E3
5.678118895E2,1.011933838E3
5.683118895E2,1.011958862E3
5.688118895E2,1.011973999E3
5.693118895E2,1.011955322E3
5.698118895E2,1.011931030E3
5.703118895E2,1.011933472E3
5.708118895E2,1.011916870E3
5.713118895E2,1.011912720E3
5.718118895E2,1.011927856E3
5.723118895E2,1.011972046E3
5.728118895E2,1.011999756E3
5.733118895E2,1.011998291E3
5.738118895E2,1.012034668E3
5.743118895E2,1.012004639E3
5.748118895E2,1.012021729E3
5.753118895E2,1.012050049E3
5.758118895E2,1.012009033E3
5.763118895E2,1.012025757E3
5.768118895E2,1.012036133E3
5.773118895E2,1.012068481E3
5.778118895E2,1.012093872E3
5.783118895E2,1.012113403E3
5.788118895E2,1.012086426E3
5.793118895E2,1.012046387E3
5.798118895E2,1.012051758E3
5.803118895E2,1.012043945E3
5.808118895E2,1.012011230E3
5.813118895E2,1.012055420E3
5.818118895E2,1.012068115E3
5.823118895E2,1.012138672E3
5.828118895E2,1.012100830E3
5.833118895E2,1.012078857E3
5.838118895E2,1.012001465E3
5.843118895E2,1.012120605E3
5.848118895E2,1.012077026E3
5.853118895E2,1.012084351E3
5.858118895E2,1.012075806E3
5.863118895E2,1.012145142E3
5.868118895E2,1.012144775E3
5.873118895E2,1.012105103E3
5.878118895E2,1.012095093E3
5.883118895E2,1.012102905E3
5.888118895E2,1.012070190E3
5.893118895E2,1.012103638E3
5.898118895E2,1.012093140E3
5.903118895E2,1.012102173E3
5.908118895E2,1.012091431E3
5.913118895E2,1.012052979E3
5.918118895E2,1.011986328E3
5.923118895E2,1.011992188E3
5.928118895E2,1.012016357E3
5.933118895E2,1.012032959E3
5.938118895E2,1.012062256E3
5.943118895E2,1.012071899E3
5.948118895E2,1.012140747E3
5.953118895E2,1.012139648E3
5.958118895E2,1.012218506E3
5.963118895E2,1.012109131E3
5.968118895E2,1.012109863E3
5.973118895E2,1.012131104E3
5.978118895E2,1.012139893E3
5.983118895E2,1.012095825E3
5.988118895E2,1.012081177E3
5.993118895E2,1.012123047E3
5.998118895E2,1.012123901E3
6.003118895E2,1.012123047E3
6.008118895E2,1.012145996E3
6.013118895E2,1.012107666E3
6.018118895E2,1.012115479E3
6.023118895E2,1.012164795E3
6.028118895E2,1.012197754E3
6.033118895E2,1.012162109E3
6.038118895E2,1.012173462E3
6.043118895E2,1.012178589E3
6.048118895E2,1.012212646E3
6.053118895E2,1.012195435E3
6.058118895E2,1.012166870E3
6.063118895E2,1.012175537E3
6.068118895E2,1.012215576E3
6.073118895E2,1.012232910E3
6.078118895E2,1.012253906E3
6.083118895E2,1.012276367E3
6.088118895E2,1.012291748E3
6.093118895E2,1.012324219E3
6.098118895E2,1.012336426E3
6.103118895E2,1.012346191E3
6.108118895E2,1.012333008E3
6.113118895E2,1.012358276E3
6.118118895E2,1.012374268E3
6.123118895E2,1.012411987E3
6.128118895E2,1.012418701E3
6.133118895E2,1.012423584E3
6.138118895E2,1.012444214E3
6.143118895E2,1.012411377E3
6.148118895E2,1.012403809E3
6.153118895E2,1.012434082E3
6.158118895E2,1.012431519E3
6.163118895E2,1.012460083E3
6.168118895E2,1.012463867E3
6.173118895E2,1.012458496E3
6.178118895E2,1.012462280E3
6.183118895E2,1.012461060E3
6.188118895E2,1.012479858E3
6.193118895E2,1.012495117E3
6.198118895E2,1.012491821E3
6.203118895E2,1.012487183E3
6.208118895E2,1.012521729E3
6.213118895E2,1.012462646E3
6.218118895E2,1.012437500E3
6.223118895E2,1.012445801E3
6.228118895E2,1.012439697E3
6.233118895E2,1.012388550E3
6.238118895E2,1.012370361E3
6.243118895E2,1.012341187E3
6.248118895E2,1.012312378E3
6.253118895E2,1.012289795E3
6.258118895E2,1.012262573E3
6.263118895E2,1.012248169E3
6.268118895E2,1.012237305E3
6.273118895E2,1.012236328E3
6.278118895E2,1.012229736E3
6.283118895E2,1.012220215E3
6.288118895E2,1.012206299E3
6.293118895E2,1.012226074E3
6.298118895E2,1.012183838E3
6.303118895E2,1.012133911E3
6.308118895E2,1.012102295E3
6.313118895E2,1.012055054E3
6.318118895E2,1.012029785E3
6.323118895E2,1.012022217E3
6.328118895E2,1.011960815E3
6.333118895E2,1.011939941E3
6.338118895E2,1.011899414E3
6.343118895E2,1.011916504E3
6.348118895E2,1.011869019E3
6.353118895E2,1.011839722E3
6.358118895E2,1.011810303E3
6.363118895E2,1.011806396E3
6.368118895E2,1.011794678E3
6.373118895E2,1.011767090E3
6.378118895E2,1.011712891E3
6.383118895E2,1.011701172E3
6.388118895E2,1.011720825E3
6.393118895E2,1.011655151E3
6.398118895E2,1.011621582E3
6.403118895E2,1.011602905E3
6.408118895E2,1.011607422E3
6.413118895E2,1.011632080E3
6.418118895E2,1.011603271E3
6.423118895E2,1.011576904E3
6.428118895E2,1.011548096E3
6.433118895E2,1.011592407E3
6.438118895E2,1.011612427E3
6.443118895E2,1.011627075E3
6.448118895E2,1.011622437E3
6.453118895E2,1.011643677E3
6.458118895E2,1.011631470E3
6.463118895E2,1.011610962E3
6.468118895E2,1.011607300E3
6.473118895E2,1.011623169E3
6.478118895E2,1.011644775E3
6.483118895E2,1.011658569E3
6.488118895E2,1.011686523E3
6.493118895E2,1.011709473E3
6.498118895E2,1.011736572E3
6.503118895E2,1.011765015E3
6.508118895E2,1.011802856E3
6.513118895E2,1.011808472E3
6.518118895E2,1.011830322E3
6.523118895E2,1.011810303E3
6.528118895E2,1.011832520E3
6.533118895E2,1.011865723E3
6.538118895E2,1.011851074E3
6.543118895E2,1.011855591E3
6.548118895E2,1.011883789E3
6.553118895E2,1.011883301E3
6.558118895E2,1.011880737E3
6.563118895E2,1.011869995E3
6.568118895E2,1.011866455E3
6.573118895E2,1.011860107E3
6.578118895E2,1.011834351E3
6.583118895E2,1.011849243E3
6.588118895E2,1.011821655E3
6.593118895E2,1.011872437E3
6.598118895E2,1.011872925E3
6.603118895E2,1.011884033E3
6.608118895E2,1.011909912E3
6.613118895E2,1.011906494E3
6.618118895E2,1.011930664E3
6.623118895E2,1.011896973E3
6.628118895E2,1.011901611E3
6.633118895E2,1.011910400E3
6.638118895E2,1.011895142E3
6.643118895E2,1.011902832E3
6.648118895E2,1.011937988E3
6.653118895E2,1.011947876E3
6.658118895E2,1.011964600E3
6.663118895E2,1.011988892E3
6.668118895E2,1.012027954E3
6.673118895E2,1.011993164E3
6.678118895E2,1.011980957E3
6.683118895E2,1.011989624E3
6.688118895E2,1.011977173E3
6.693118895E2,1.012041748E3
6.698118895E2,1.012076904E3
6.703118895E2,1.012052979E3
6.708118895E2,1.012018188E3
6.713118895E2,1.012054321E3
6.718118895E2,1.012047607E3
6.723118895E2,1.012036499E3
6.728118895E2,1.012089844E3
6.733118895E2,1.012100098E3
6.738118895E2,1.012117432E3
6.743118895E2,1.012128418E3
6.748118895E2,1.012119385E3
6.753118895E2,1.012145264E3
6.758118895E2,1.012161255E3
6.763118895E2,1.012170288E3
6.768118895E2,1.012175537E3
6.773118895E2,1.012193848E3
6.778118895E2,1.012151733E3
6.783118895E2,1.012158081E3
6.788118895E2,1.012201660E3
6.793118895E2,1.012236084E3
6.798118895E2,1.012278076E3
6.803118895E2,1.012258911E3
6.808118895E2,1.012270752E3
6.813118895E2,1.012278564E3
6.818118895E2,1.012272461E3
6.823118895E2,1.012250977E3
6.828118895E2,1.012252930E3
6.833118895E2,1.012225586E3
6.838118895E2,1.012217529E3
6.843118895E2,1.012237305E3
6.848118895E2,1.012268066E3
6.853118895E2,1.012261230E3
6.858118895E2,1.012259521E3
6.863118895E2,1.012273560E3
6.868118895E2,1.012301880E3
6.873118895E2,1.012305786E3
6.878118895E2,1.012305054E3
6.883118895E2,1.012292358E3
6.888118895E2,1.012328857E3
6.893118895E2,1.012327515E3
6.898118895E2,1.012358521E3
6.903118895E2,1.012400024E3
6.908118895E2,1.012422241E3
6.913118895E2,1.012437012E3
6.918118895E2,1.012440186E3
6.923118895E2,1.012451660E3
6.928118895E2,1.012458496E3
6.933118895E2,1.012517212E3
6.938118895E2,1.012536133E3
6.943118895E2,1.012545166E3
6.948118895E2,1.012566406E3
6.953118895E2,1.012594849E3
6.958118895E2,1.012642944E3
6.963118895E2,1.012627808E3
6.968118895E2,1.012620728E3
6.973118895E2,1.012636719E3
6.978118895E2,1.012663086E3
6.983118895E2,1.012649048E3
6.988118895E2,1.012692383E3
6.993118895E2,1.012693237E3
6.998118895E2,1.012690308E3
7.003118895E2,1.012681885E3
7.008118895E2,1.012677002E3
7.013118895E2,1.012583984E3
7.018118895E2,1.012649170E3
7.023118895E2,1.012628418E3
7.028118895E2,1.012673584E3
7.033118895E2,1.012636841E3
7.038118895E2,1.012661377E3
7.043118895E2,1.012669922E3
7.048118895E2,1.012707031E3
7.053118895E2,1.012661743E3
7.058118895E2,1.012672852E3
7.063118895E2,1.012685181E3
7.068118895E2,1.012695435E3
7.073118895E2,1.012686279E3
7.078118895E2,1.012700806E3
7.083118895E2,1.012697632E3
7.088118895E2,1.012707642E3
7.093118895E2,1.012712402E3
7.098118895E2,1.012692749E3
7.103118895E2,1.012714600E3
7.108118895E2,1.012734131E3
7.113118895E2,1.012752808E3
7.118118895E2,1.012747803E3
7.123118895E2,1.012723022E3
7.128118895E2,1.012726074E3
7.133118895E2,1.012770996E3
7.138118895E2,1.012776611E3
7.143118895E2,1.012788818E3
7.148118895E2,1.012763916E3
7.153118895E2,1.012774170E3
7.158118895E2,1.012755493E3
7.163118895E2,1.012761230E3
7.168118895E2,1.012767212E3
7.173118895E2,1.012766479E3
7.178118895E2,1.012753784E3
7.183118895E2,1.012760132E3
7.188118895E2,1.012780640E3
7.193118895E2,1.012784424E3
7.198118895E2,1.012769531E3
7.203118895E2,1.012763184E3
7.208118895E2,1.012747070E3
7.213118895E2,1.012773926E3
7.218118895E2,1.012781494E3
7.223118895E2,1.012773193E3
7.228118895E2,1.012769043E3
7.233118895E2,1.012772095E3
7.238118895E2,1.012779907E3
7.243118895E2,1.012773438E3
7.248118895E2,1.012787476E3
7.253118895E2,1.012786743E3
7.258118895E2,1.012790161E3
7.263118895E2,1.012768188E3
7.268118895E2,1.012752319E3
7.273118895E2,1.012758789E3
7.278118895E2,1.012750244E3
7.283118895E2,1.012733154E3
7.288118895E2,1.012714600E3
7.293118895E2,1.012681763E3
7.298118895E2,1.012678223E3
7.303118895E2,1.012692505E3
7.308118895E2,1.012697754E3
7.313118895E2,1.012694824E3
7.318118895E2,1.012686646E3
7.323118895E2,1.012696289E3
7.328118895E2,1.012687744E3
7.333118895E2,1.012660156E3
7.338118895E2,1.012675415E3
7.343118895E2,1.012671875E3
7.348118895E2,1.012674194E3
7.353118895E2,1.012662231E3
7.358118895E2,1.012641479E3
7.363118895E2,1.012666992E3
7.368118895E2,1.012671387E3
7.373118895E2,1.012653076E3
7.378118895E2,1.012662354E3
7.383118895E2,1.012620605E3
7.388118895E2,1.012668335E3
7.393118895E2,1.012636230E3
7.398118895E2,1.012654663E3
7.403118895E2,1.012686890E3
7.408118895E2,1.012652588E3
7.413118895E2,1.012665283E3
7.418118895E2,1.012621582E3
7.423118895E2,1.012725586E3
7.428118895E2,1.012743164E3
7.433118895E2,1.012780518E3
7.438118895E2,1.012776489E3
7.443118895E2,1.012739990E3
7.448118895E2,1.012754639E3
7.453118895E2,1.012740967E3
7.458118895E2,1.012654175E3
7.463118895E2,1.012686401E3
7.468118895E2,1.012668457E3
7.473118895E2,1.012702515E3
7.478118895E2,1.012693726E3
7.483118895E2,1.012672485E3
7.488118895E2,1.012681030E3
7.493118895E2,1.012674927E3
7.498118895E2,1.012648804E3
7.503118895E2,1.012622314E3
7.508118895E2,1.012658691E3
7.513118895E2,1.012637573E3
7.518118895E2,1.012660767E3
7.523118895E2,1.012620728E3
7.528118895E2,1.012634033E3
7.533118895E2,1.012691895E3
7.538118895E2,1.012625610E3
7.543118895E2,1.012663696E3
7.548118895E2,1.012685059E3
7.553118895E2,1.012646484E3
7.558118895E2,1.012663452E3
7.563118895E2,1.012694824E3
7.568118895E2,1.012686157E3
7.573118895E2,1.012695923E3
7.578118895E2,1.012739136E3
7.583118895E2,1.012730347E3
7.588118895E2,1.012736328E3
7.593118895E2,1.012719238E3
7.598118895E2,1.012748169E3
7.603118895E2,1.012716553E3
7.608118895E2,1.012604004E3
7.613118895E2,1.012623535E3
7.618118895E2,1.012750732E3
7.623118895E2,1.012693115E3
7.628118895E2,1.012634521E3
7.633118895E2,1.012632080E3
7.638118895E2,1.012634766E3
7.643118895E2,1.012654541E3
7.648118895E2,1.012647705E3
7.653118895E2,1.012651489E3
7.658118895E2,1.012640015E3
7.663118895E2,1.012682983E3
7.668118895E2,1.012667725E3
7.673118895E2,1.012618774E3
7.678118895E2,1.012654785E3
7.683118895E2,1.012721680E3
7.688118895E2,1.012700806E3
7.693118895E2,1.012700073E3
7.698118895E2,1.012710205E3
7.703118895E2,1.012679932E3
7.708118895E2,1.012698486E3
7.713118895E2,1.012706787E3
7.718118895E2,1.012708496E3
7.723118895E2,1.012724121E3
7.728118895E2,1.012692505E3
7.733118895E2,1.012683838E3
7.738118895E2,1.012678955E3
7.743118895E2,1.012733765E3
7.748118895E2,1.012710571E3
7.753118895E2,1.012569702E3
7.758118895E2,1.012581787E3
7.763118895E2,1.012578491E3
7.768118895E2,1.012535889E3
7.773118895E2,1.012521973E3
7.778118895E2,1.012598999E3
7.783118895E2,1.012660767E3
7.788118895E2,1.012682861E3
7.793118895E2,1.012640015E3
7.798118895E2,1.012620239E3
7.803118895E2,1.012716919E3
7.808118895E2,1.012712646E3
7.813118895E2,1.012755859E3
7.818118895E2,1.012703613E3
7.823118895E2,1.012643799E3
7.828118895E2,1.012578125E3
7.833118895E2,1.012709839E3
7.838118895E2,1.012701172E3
7.843118895E2,1.012734375E3
7.848118895E2,1.012727417E3
7.853118895E2,1.012752686E3
7.858118895E2,1.012755005E3
7.863118895E2,1.012739380E3
7.868118895E2,1.012706299E3
7.873118895E2,1.012710205E3
7.878118895E2,1.012674561E3
7.883118895E2,1.012726074E3
7.888118895E2,1.012725098E3
7.893118895E2,1.012720703E3
7.898118895E2,1.012703979E3
7.903118895E2,1.012670776E3
7.908118895E2,1.012660767E3
7.913118895E2,1.012674438E3
7.918118895E2,1.012662354E3
7.923118895E2,1.012671631E3
7.928118895E2,1.012692017E3
7.933118895E2,1.012668091E3
7.938118895E2,1.012672485E3
7.943118895E2,1.012647827E3
7.948118895E2,1.012653076E3
7.953118895E2,1.012651123E3
7.958118895E2,1.012663452E3
7.963118895E2,1.012661011E3
7.968118895E2,1.012693115E3
7.973118895E2,1.012662842E3
7.978118895E2,1.012672607E3
7.983118895E2,1.012672363E3
7.988118895E2,1.012692505E3
7.993118895E2,1.012701416E3
7.998118895E2,1.012710571E3
8.003118895E2,1.012718140E3
8.008118895E2,1.012736816E3
8.013118895E2,1.012754883E3
8.018118895E2,1.012713379E3
8.023118895E2,1.012710449E3
8.028118895E2,1.012730469E3
8.033118895E2,1.012719116E3
8.038118895E2,1.012749878E3
8.043118895E2,1.012759155E3
8.048118895E2,1.012749756E3
8.053118895E2,1.012751953E3
8.058118895E2,1.012758057E3
8.063118895E2,1.012752808E3
8.068118895E2,1.012758423E3
8.073118895E2,1.012774658E3
8.078118895E2,1.012763550E3
8.083118895E2,1.012757690E3
8.088118895E2,1.012744629E3
8.093118895E2,1.012780396E3
8.098118895E2,1.012787598E3
8.103118895E2,1.012770264E3
8.108118895E2,1.012768311E3
8.113118895E2,1.012768188E3
8.118118895E2,1.012762939E3
8.123118895E2,1.012769531E3
8.128118895E2,1.012754028E3
8.133118895E2,1.012779907E3
8.138118895E2,1.012763672E3
8.143118895E2,1.012755615E3
8.148118895E2,1.012747803E3
8.153118895E2,1.012770142E3
8.158118895E2,1.012739136E3
8.163118895E2,1.012765625E3
8.168118895E2,1.012762939E3
8.173118895E2,1.012741943E3
8.178118895E2,1.012744507E3
8.183118895E2,1.012708862E3
8.188118895E2,1.012735474E3
8.193118895E2,1.012701538E3
8.198118895E2,1.012707764E3
8.203118895E2,1.012698730E3
8.208118895E2,1.012673340E3
8.213118895E2,1.012652344E3
8.218118895E2,1.012676025E3
8.223118895E2,1.012702881E3
8.228118895E2,1.012652832E3
8.233118895E2,1.012652832E3
8.238118895E2,1.012686279E3
8.243118895E2,1.012684204E3
8.248118895E2,1.012696167E3
8.253118895E2,1.012705811E3
8.258118895E2,1.012699463E3
8.263118895E2,1.012695923E3
8.268118895E2,1.012723633E3
8.273118895E2,1.012690430E3
8.278118895E2,1.012670044E3
8.283118895E2,1.012651245E3
8.288118895E2,1.012645752E3
8.293118895E2,1.012655029E3
8.298118895E2,1.012664185E3
8.303118895E2,1.012637695E3
8.308118895E2,1.012634644E3
8.313118895E2,1.012643555E3
8.318118895E2,1.012645630E3
8.323118895E2,1.012683472E3
8.328118895E2,1.012685669E3
8.333118895E2,1.012683105E3
8.338118895E2,1.012643188E3
8.343118895E2,1.012636841E3
8.348118895E2,1.012660889E3
8.353118895E2,1.012726807E3
8.358118895E2,1.012715332E3
8.363118895E2,1.012718506E3
8.368118895E2,1.012734863E3
8.373118895E2,1.012706299E3
8.378118895E2,1.012711304E3
8.383118895E2,1.012745483E3
8.388118895E2,1.012743164E3
8.393118895E2,1.012768311E3
8.398118895E2,1.012756958E3
8.403118895E2,1.012739746E3
8.408118895E2,1.012756348E3
8.413118895E2,1.012766357E3
8.418118895E2,1.012737549E3
8.423118895E2,1.012734863E3
8.428118895E2,1.012685547E3
8.433118895E2,1.012694824E3
8.438118895E2,1.012695557E3
8.443118895E2,1.012729736E3
8.448118895E2,1.012689697E3
8.453118895E2,1.012693359E3
8.458118895E2,1.012711426E3
8.463118895E2,1.012699341E3
8.468118895E2,1.012698486E3
8.473118895E2,1.012718628E3
8.478118895E2,1.012710205E3
8.483118895E2,1.012688965E3
8.488118895E2,1.012700928E3
8.493118895E2,1.012674316E3
8.498118895E2,1.012681641E3
8.503118895E2,1.012675049E3
8.508118895E2,1.012671265E3
8.513118895E2,1.012638916E3
8.518118895E2,1.012647095E3
8.523118895E2,1.012640381E3
8.528118895E2,1.012678345E3
8.533118895E2,1.012662842E3
8.538118895E2,1.012650146E3
8.543118895E2,1.012638794E3
8.548118895E2,1.012583862E3
8.553118895E2,1.012592285E3
8.558118895E2,1.012576904E3
8.563118895E2,1.012509766E3
8.568118895E2,1.012568115E3
8.573118895E2,1.012615479E3
8.578118895E2,1.012609131E3
8.583118895E2,1.012611084E3
8.588118895E2,1.012632935E3
8.593118895E2,1.012621460E3
8.598118895E2,1.012611816E3
8.603118895E2,1.012590698E3
8.608118895E2,1.012603516E3
8.613118895E2,1.012575684E3
8.618118895E2,1.012667236E3
8.623118895E2,1.012630127E3
8.628118895E2,1.012685059E3
8.633118895E2,1.012639160E3
8.638118895E2,1.012643555E3
8.643118895E2,1.012652710E3
8.648118895E2,1.012657593E3
8.653118895E2,1.012721802E3
8.658118895E2,1.012698242E3
8.663118895E2,1.012667358E3
8.668118895E2,1.012693237E3
8.673118895E2,1.012731201E3
8.678118895E2,1.012713623E3
8.683118895E2,1.012743042E3
8.688118895E2,1.012747925E3
8.693118895E2,1.012750000E3
8.698118895E2,1.012760986E3
8.703118895E2,1.012744019E3
8.708118895E2,1.012741943E3
8.713118895E2,1.012745483E3
8.718118895E2,1.012767334E3
8.723118895E2,1.012781616E3
8.728118895E2,1.012780884E3
8.733118895E2,1.012789917E3
8.738118895E2,1.012780640E3
8.743118895E2,1.012775879E3
8.748118895E2,1.012788940E3
8.753118895E2,1.012769043E3
8.758118895E2,1.012767212E3
8.763118895E2,1.012765869E3
8.768118895E2,1.012768066E3
8.773118895E2,1.012778809E3
8.778118895E2,1.012778320E3
8.783118895E2,1.012765015E3
8.788118895E2,1.012807739E3
8.793118895E2,1.012802490E3
8.798118895E2,1.012799561E3
8.803118895E2,1.012792847E3
8.808118895E2,1.012807129E3
8.813118895E2,1.012788574E3
8.818118895E2,1.012780029E3
8.823118895E2,1.012780518E3
8.828118895E2,1.012758057E3
8.833118895E2,1.012772705E3
8.838118895E2,1.012752075E3
8.843118895E2,1.012741943E3
8.848118895E2,1.012746094E3
8.853118895E2,1.012699219E3
8.858118895E2,1.012719971E3
8.863118895E2,1.012742310E3
8.868118895E2,1.012709229E3
8.873118895E2,1.012682739E3
8.878118895E2,1.012696655E3
8.883118895E2,1.012652466E3
8.888118895E2,1.012634033E3
8.893118895E2,1.012654175E3
8.898118895E2,1.012669800E3
8.903118895E2,1.012647705E3
8.908118895E2,1.012654785E3
8.913118895E2,1.012642456E3
8.918118895E2,1.012659302E3
8.923118895E2,1.012649658E3
8.928118895E2,1.012640503E3
8.933118895E2,1.012642578E3
8.938118895E2,1.012574707E3
8.943118895E2,1.012585083E3
8.948118895E2,1.012591309E3
8.953118895E2,1.012592773E3
8.958118895E2,1.012579590E3
8.963118895E2,1.012502319E3
8.968118895E2,1.012555664E3
8.973118895E2,1.012539551E3
8.978118895E2,1.012546265E3
8.983118895E2,1.012516113E3
8.988118895E2,1.012540039E3
8.993118895E2,1.012544556E3
8.998118895E2,1.012554443E3
9.003118895E2,1.012574829E3
9.008118895E2,1.012609375E3
9.013118895E2,1.012588623E3
9.018118895E2,1.012656250E3
9.023118895E2,1.012623291E3
9.028118895E2,1.012660400E3
9.033118895E2,1.012683228E3
9.038118895E2,1.012664185E3
9.043118895E2,1.012652100E3
9.048118895E2,1.012673218E3
9.053118895E2,1.012640503E3
9.058118895E2,1.012643188E3
9.063118895E2,1.012648193E3
9.068118895E2,1.012658569E3
9.073118895E2,1.012646729E3
9.078118895E2,1.012636597E3
9.083118895E2,1.012664185E3
9.088118895E2,1.012707886E3
9.093118895E2,1.012702393E3
9.098118895E2,1.012695068E3
9.103118895E2,1.012666504E3
9.108118895E2,1.012639648E3
9.113118895E2,1.012644043E3
9.118118895E2,1.012621948E3
9.123118895E2,1.012641968E3
9.128118895E2,1.012677490E3
9.133118895E2,1.012673828E3
9.138118895E2,1.012666870E3
9.143118895E2,1.012651733E3
9.148118895E2,1.012645264E3
9.153118895E2,1.012659912E3
9.158118895E2,1.012651855E3
9.163118895E2,1.012634644E3
9.168118895E2,1.012652100E3
9.173118895E2,1.012666626E3
9.178118895E2,1.012660400E3
9.183118895E2,1.012681030E3
9.188118895E2,1.012693848E3
9.193118895E2,1.012698730E3
9.198118895E2,1.012687256E3
9.203118895E2,1.012687256E3
9.208118895E2,1.012659912E3
9.213118895E2,1.012679199E3
9.218118895E2,1.012689941E3
9.223118895E2,1.012704102E3
9.228118895E2,1.012694214E3
9.233118895E2,1.012696655E3
9.238118895E2,1.012699707E3
9.243118895E2,1.012697998E3
9.248118895E2,1.012686035E3
9.253118895E2,1.012714966E3
9.258118895E2,1.012633179E3
9.263118895E2,1.012715576E3
9.268118895E2,1.012752441E3
9.273118895E2,1.012796875E3
9.278118895E2,1.012747681E3
9.283118895E2,1.012773682E3
9.288118895E2,1.012800171E3
9.293118895E2,1.012760986E3
9.298118895E2,1.012735596E3
9.303118895E2,1.012701660E3
9.308118895E2,1.012703735E3
9.313118895E2,1.012700195E3
9.318118895E2,1.012736938E3
9.323118895E2,1.012740234E3
9.328118895E2,1.012744263E3
9.333118895E2,1.012736206E3
9.338118895E2,1.012733887E3
9.343118895E2,1.012700928E3
9.348118895E2,1.012728394E3
9.353118895E2,1.012700562E3
9.358118895E2,1.012707153E3
9.363118895E2,1.012701050E3
9.368118895E2,1.012696289E3
9.373118895E2,1.012625488E3
9.378118895E2,1.012625488E3
9.383118895E2,1.012643433E3
9.388118895E2,1.012713135E3
9.393118895E2,1.012766724E3
9.398118895E2,1.012742676E3
9.403118895E2,1.012726074E3
9.408118895E2,1.012726685E3
9.413118895E2,1.012722168E3
9.418118895E2,1.012729492E3
9.423118895E2,1.012759033E3
9.428118895E2,1.012764160E3
9.433118895E2,1.012749512E3
9.438118895E2,1.012756958E3
9.443118895E2,1.012803711E3
9.448118895E2,1.012798706E3
9.453118895E2,1.012835938E3
9.458118895E2,1.012856934E3
9.463118895E2,1.012853516E3
9.468118895E2,1.012839722E3
9.473118895E2,1.012840576E3
9.478118895E2,1.012843018E3
9.483118895E2,1.012838989E3
9.488118895E2,1.012844604E3
9.493118895E2,1.012822876E3
9.498118895E2,1.012802246E3
9.503118895E2,1.012794189E3
9.508118895E2,1.012813721E3
9.513118895E2,1.012755615E3
9.518118895E2,1.012766357E3
9.523118895E2,1.012787720E3
9.528118895E2,1.012773071E3
9.533118895E2,1.012787964E3
9.538118895E2,1.012746826E3
9.543118895E2,1.012717773E3
9.548118895E2,1.012731201E3
9.553118895E2,1.012721436E3
9.558118895E2,1.012727661E3
9.563118895E2,1.012734497E3
9.568118895E2,1.012731201E3
9.573118895E2,1.012723999E3
9.578118895E2,1.012724365E3
9.583118895E2,1.012707153E3
9.588118895E2,1.012717407E3
9.593118895E2,1.012719482E3
9.598118895E2,1.012715332E3
9.603118895E2,1.012707153E3
9.608118895E2,1.012716309E3
9.613118895E2,1.012740967E3
9.618118895E2,1.012727539E3
9.623118895E2,1.012714111E3
9.628118895E2,1.012687256E3
9.633118895E2,1.012713745E3
9.638118895E2,1.012730225E3
9.643118895E2,1.012694214E3
9.648118895E2,1.012677002E3
9.653118895E2,1.012692139E3
9.658118895E2,1.012710083E3
9.663118895E2,1.012693481E3
9.668118895E2,1.012687866E3
9.673118895E2,1.012691406E3
9.678118895E2,1.012712280E3
9.683118895E2,1.012741211E3
9.688118895E2,1.012698120E3
9.693118895E2,1.012706177E3
9.698118895E2,1.012702148E3
9.703118895E2,1.012693237E3
9.708118895E2,1.012725220E3
9.713118895E2,1.012744873E3
9.718118895E2,1.012747681E3
9.723118895E2,1.012761841E3
9.728118895E2,1.012768921E3
9.733118895E2,1.012789307E3
9.738118895E2,1.012799316E3
9.743118895E2,1.012794678E3
9.748118895E2,1.012775635E3
9.753118895E2,1.012768433E3
9.758118895E2,1.012727661E3
9.763118895E2,1.012702393E3
9.768118895E2,1.012720337E3
9.773118895E2,1.012740967E3
9.778118895E2,1.012711914E3
9.783118895E2,1.012700317E3
9.788118895E2,1.012701050E3
9.793118895E2,1.012717529E3
9.798118895E2,1.012715576E3
9.803118895E2,1.012723999E3
9.808118895E2,1.012720459E3
9.813118895E2,1.012638428E3
9.818118895E2,1.012665771E3
9.823118895E2,1.012657715E3
9.828118895E2,1.012660156E3
9.833118895E2,1.012720703E3
9.838118895E2,1.012681519E3
9.843118895E2,1.012722534E3
9.848118895E2,1.012686523E3
9.853118895E2,1.012687012E3
9.858118895E2,1.012662720E3
9.863118895E2,1.012642578E3
9.868118895E2,1.012694336E3
9.873118895E2,1.012712646E3
9.878118895E2,1.012717285E3
9.883118895E2,1.012744751E3
9.888118895E2,1.012752563E3
9.893118895E2,1.012757446E3
9.898118895E2,1.012746704E3
9.903118895E2,1.012751831E3
9.908118895E2,1.012732178E3
9.913118895E2,1.012718384E3
9.918118895E2,1.012725098E3
9.923118895E2,1.012735352E3
9.928118895E2,1.012693726E3
9.933118895E2,1.012753174E3
9.938118895E2,1.012755981E3
9.943118895E2,1.012754395E3
9.948118895E2,1.012760010E3
9.953118895E2,1.012771118E3
9.958118895E2,1.012785522E3
9.963118895E2,1.012777466E3
9.968118895E2,1.012782349E3
9.973118895E2,1.012806152E3
9.978118895E2,1.012780762E3
9.983118895E2,1.012761353E3
9.988118895E2,1.012782593E3
9.993118895E2,1.012732788E3
9.998118895E2,1.012708130E3
1.000311889E3,1.012708130E3
1.000811889E3,1.012724487E3
1.001311889E3,1.012762207E3
1.001811889E3,1.012758057E3
1.002311889E3,1.012733398E3
1.002811889E3,1.012795654E3
1.003311889E3,1.012747070E3
1.003811889E3,1.012744873E3
1.004311889E3,1.012785645E3
1.004811889E3,1.012793213E3
1.005311889E3,1.012807739E3
1.005811889E3,1.012816772E3
1.006311889E3,1.012849487E3
1.006811889E3,1.012836548E3
1.007311889E3,1.012844849E3
1.007811889E3,1.012841553E3
1.008311889E3,1.012835815E3
1.008811889E3,1.012813232E3
1.009311889E3,1.012810791E3
1.009811889E3,1.012791504E3
1.010311889E3,1.012795532E3
1.010811889E3,1.012749390E3
1.011311889E3,1.012715576E3
1.011811889E3,1.012697998E3
1.012311889E3,1.012706787E3
1.012811889E3,1.012689331E3
1.013311889E3,1.012714355E3
1.013811889E3,1.012735229E3
1.014311889E3,1.012714355E3
1.014811889E3,1.012688843E3
1.015311889E3,1.012735840E3
1.015811889E3,1.012743164E3
1.016311889E3,1.012731201E3
1.016811889E3,1.012735229E3
1.017311889E3,1.012745483E3
1.017811889E3,1.012733276E3
1.018311889E3,1.012709229E3
1.018811889E3,1.012680786E3
1.019311889E3,1.012696167E3
1.019811889E3,1.012691284E3
1.020311889E3,1.012731445E3
1.020811889E3,1.012693481E3
1.021311889E3,1.012722900E3
1.021811889E3,1.012771240E3
1.022311889E3,1.012733398E3
1.022811889E3,1.012733398E3
1.023311889E3,1.012733398E3
1.023811889E3,1.012733398E3
1.024311889E3,1.012733398E3
1.024811889E3,1.012733398E3
1.025311889E3,1.012733398E3
1.025811889E3,1.012677368E3
1.026311889E3,1.012677368E3
1.026811889E3,1.012677368E3
1.027311889E3,1.012677368E3
1.027811889E3,1.012677368E3
1.028311889E3,1.012677368E3
1.028811889E3,1.012677368E3
1.029311889E3,1.012711426E3
1.029811889E3,1.012711426E3
1.030311889E3,1.012711426E3
1.030811889E3,1.012711426E3
1.031311889E3,1.012711426E3
1.031811889E3,1.012711426E3
1.032311889E3,1.012726318E3
1.032811889E3,1.012726318E3
1.033311889E3,1.012727661E3
1.033811889E3,1.012716064E3
1.034311889E3,1.012700195E3
1.034811889E3,1.012722412E3
1.035311889E3,1.012722412E3
1.035811889E3,1.012722412E3
1.036311889E3,1.012722412E3
1.036811889E3,1.012722412E3
1.037311889E3,1.012722412E3
1.037811889E3,1.012722412E3
1.038311889E3,1.012722412E3
1.038811889E3,1.012722412E3
1.039311889E3,1.012752075E3
1.039811889E3,1.012772705E3
1.040311889E3,1.012772705E3
1.040811889E3,1.012806885E3
1.041311889E3,1.012804688E3
1.041811889E3,1.012786621E3
1.042311889E3,1.012761230E3
1.042811889E3,1.012761230E3
1.043311889E3,1.012761230E3
1.043811889E3,1.012761230E3
1.044311889E3,1.012761230E3
1.044811889E3,1.012761230E3
1.045311889E3,1.012761230E3
1.045811889E3,1.012761230E3
1.046311889E3,1.012761230E3
1.046811889E3,1.012761230E3
1.047311889E3,1.012761230E3
1.047811889E3,1.012761230E3
1.048311889E3,1.012761230E3
1.048811889E3,1.012761230E3
1.049311889E3,1.012761230E3
1.049811889E3,1.012761230E3
1.050311889E3,1.012761230E3
1.050811889E3,1.012761230E3
1.051311889E3,1.012761230E3
1.051811889E3,1.012761230E3
1.052311889E3,1.012761230E3
1.052811889E3,1.012761230E3
1.053311889E3,1.012761230E3
1.053811889E3,1.012761230E3
1.054311889E3,1.012761230E3
1.054811889E3,1.012761230E3
1.055311889E3,1.012761230E3
1.055811889E3,1.012761230E3
1.056311889E3,1.012761230E3
1.056811889E3,1.012761230E3
1.057311889E3,1.012761230E3
1.057811889E3,1.012761230E3
1.058311889E3,1.012761230E3
1.058811889E3,1.012761230E3
1.059311889E3,1.012761230E3
1.059811889E3,1.012761230E3
1.060311889E3,1.012761230E3
1.060811889E3,1.012668335E3
1.061311889E3,1.012732666E3
1.061811889E3,1.012627197E3
1.062311889E3,1.012452637E3
1.062811889E3,1.012452637E3
1.063311889E3,1.012452637E3
1.063811889E3,1.012452637E3
1.064311889E3,1.012452637E3
1.064811889E3,1.012452637E3
1.065311889E3,1.012452637E3
1.065811889E3,1.012452637E3
1.066311889E3,1.012452637E3
1.066811889E3,1.012452637E3
1.067311889E3,1.012452637E3
1.067811889E3,1.012452637E3
1.068311889E3,1.012452637E3
1.068811889E3,1.012452637E3
1.069311889E3,1.012452637E3
1.069811889E3,1.012452637E3
1.070311889E3,1.012452637E3
1.070811889E3,1.012452637E3
1.071311889E3,1.012452637E3
1.071811889E3,1.012452637E3
1.072311889E3,1.012452637E3
1.072811889E3,1.012452637E3
1.073311889E3,1.012452637E3
1.073811889E3,1.012452637E3
1.074311889E3,1.012452637E3
1.074811889E3,1.012452637E3
1.075311889E3,1.012452637E3
1.075811889E3,1.012452637E3
1.076311889E3,1.012452637E3
1.076811889E3,1.012452637E3
1.077311889E3,1.012452637E3
1.077811889E3,1.012452637E3
1.078311889E3,1.012452637E3
1.078811889E3,1.012452637E3
1.079311889E3,1.012452637E3
1.079811889E3,1.012452637E3
1.080311889E3,1.012452637E3
1.080811889E3,1.012793579E3
1.081311889E3,1.012774902E3
1.081811889E3,1.012778809E3
1.082311889E3,1.012782471E3
1.082811889E3,1.012782471E3
1.083311889E3,1.012782471E3
1.083811889E3,1.012782471E3
1.084311889E3,1.012782471E3
1.084811889E3,1.012782471E3
1.085311889E3,1.012782471E3
1.085811889E3,1.012782471E3
1.086311889E3,1.012782471E3
1.086811889E3,1.012782471E3
1.087311889E3,1.012782471E3
1.087811889E3,1.012782471E3
1.088311889E3,1.012782471E3
1.088811889E3,1.012782471E3
1.089311889E3,1.012782471E3
1.089811889E3,1.012782471E3
1.090311889E3,1.012782471E3
1.090811889E3,1.012782471E3
1.091311889E3,1.012782471E3
1.091811889E3,1.012782471E3
1.092311889E3,1.012782471E3
1.092811889E3,1.012782471E3
1.093311889E3,1.012782471E3
1.093811889E3,1.012782471E3
1.094311889E3,1.012782471E3
1.094811889E3,1.012782471E3
1.095311889E3,1.012782471E3
1.095811889E3,1.012782471E3
1.096311889E3,1.012782471E3
1.096811889E3,1.012782471E3
1.097311889E3,1.012782471E3
1.097811889E3,1.012782471E3
1.098311889E3,1.012782471E3
1.098811889E3,1.012782471E3
1.099311889E3,1.012782471E3
1.099811889E3,1.012782471E3
1.100311889E3,1.012782471E3
1.100811889E3,1.012690063E3
1.101311889E3,1.012766113E3
1.101811889E3,1.012736816E3
1.102311889E3,1.012740967E3
1.102811889E3,1.012740967E3
1.103311889E3,1.012740967E3
1.103811889E3,1.012740967E3
1.104311889E3,1.012740967E3
1.104811889E3,1.012740967E3
