"Time (s)","X (µT)","Y (µT)","Z (µT)"
9.272291674E-3,-2.938134003E1,-8.598358154E0,-2.859729004E1
5.068152917E-1,-3.676873016E1,-3.283752441E0,-2.563848877E1
1.004357375E0,-4.857205200E1,5.048004150E0,-1.153033447E1
1.501900375E0,1.971666336E1,-4.326086426E1,1.492718506E1
1.999442375E0,1.671978569E1,-4.114245605E1,3.259991455E1
2.496984375E0,1.518840027E1,-4.655569458E1,3.661932373E1
2.994526542E0,3.186344147E1,-5.685086060E1,2.410021973E1
3.492068542E0,5.129468536E1,-5.896688843E1,5.706298828E0
3.989610875E0,3.866126251E1,-6.340719604E1,1.142352295E1
4.487151875E0,1.846466446E1,-3.540054321E1,1.459741211E1
4.984693500E0,2.781016541E1,-2.179446411E1,1.363671875E1
5.482234500E0,1.184675789E1,1.968572998E1,2.296508789E0
5.979775375E0,5.836364746E0,2.803231812E1,-7.904846191E0
6.477316375E0,3.264539337E1,1.860412598E0,-6.309204102E0
6.974857375E0,-4.275423431E1,1.043047791E2,7.989746094E0
7.472398375E0,-5.534244919E1,6.637490845E1,-2.657678223E1
7.969938625E0,-6.516078186E1,6.077423096E1,-2.429040527E1
8.467479625E0,-7.350252533E1,4.619934082E1,-1.485992432E1
8.965019000E0,-5.576653671E1,4.872821045E1,-8.542236328E0
9.462560000E0,-4.025674438E1,5.420819092E1,-2.070739746E1
9.960101000E0,-3.329964447E1,5.137265015E1,-3.369281006E1
1.045764225E1,-2.499611473E1,6.087258911E1,-2.983386230E1
1.095518225E1,-2.951330948E1,4.152398682E1,-3.730151367E1
1.145272375E1,-3.767877960E1,2.226736450E1,-3.171038818E1
1.195026375E1,-2.936856842E1,2.263824463E1,-2.932379150E1
1.244780300E1,-2.918351364E1,3.886553955E1,-2.910937500E1
1.294534300E1,-3.055574226E1,4.080966187E1,-2.861639404E1
1.344288354E1,-3.147442627E1,4.059655762E1,-2.856726074E1
1.394042254E1,-3.239373016E1,4.120272827E1,-2.907806396E1
1.443796237E1,-3.162339401E1,4.340414429E1,-2.920806885E1
1.493550237E1,-1.857992935E1,4.502346802E1,-2.709771729E1
1.543304163E1,-1.980306244E1,4.658938599E1,-2.771142578E1
1.593058162E1,-2.123428345E1,1.921859741E1,-2.626409912E1
1.642812150E1,1.252933788E1,-2.778768921E1,-9.076904297E0
1.692566050E1,8.404580116E0,1.925994873E0,2.720983887E1
1.742320017E1,-5.060821533E0,1.432254028E1,5.638854980E1
1.792073917E1,3.048295784E1,4.948638916E0,4.654113770E1
1.841827838E1,5.844588089E1,2.179147339E1,3.263934326E1
1.891581738E1,4.465505219E1,2.062963867E1,3.385937500E1
1.941335600E1,4.187216949E1,2.413751221E1,3.613342285E1
1.991089500E1,3.581166077E1,1.300326538E1,4.079553223E1
2.040843288E1,3.514591217E1,5.044952393E0,4.078131104E1
2.090597188E1,3.213263321E1,-3.295410156E0,3.702972412E1
2.140350992E1,3.603106689E1,-1.210165405E1,3.155426025E1
2.190104792E1,6.434982300E1,-1.574478149E1,2.458074951E1
2.239858604E1,7.379671478E1,-1.894726562E1,2.245605469E1
2.289612304E1,7.536868286E1,-2.185296631E1,2.442706299E1
2.339365992E1,7.306404114E1,-2.723968506E1,2.193359375E1
2.389119792E1,6.820108795E1,-2.802999878E1,1.854193115E1
2.438873388E1,6.739985657E1,-2.891769409E1,1.780633545E1
2.488627087E1,6.693710327E1,-2.804110718E1,1.924304199E1
2.538380787E1,6.690045929E1,-2.742962646E1,1.827838135E1
2.588134388E1,6.667453766E1,-2.811676025E1,1.836877441E1
2.637888063E1,6.678789520E1,-2.823004150E1,1.883996582E1
2.687641663E1,7.158942413E1,-2.490908813E1,1.224835205E1
2.737395088E1,7.117028809E1,-2.676901245E1,1.307861328E1
2.787148687E1,7.063701630E1,-2.768539429E1,1.357653809E1
2.836902250E1,7.054216766E1,-2.748703003E1,1.354882812E1
2.886655750E1,7.051441956E1,-2.766366577E1,1.348345947E1
2.936409204E1,7.010386658E1,-2.799383545E1,1.330059814E1
2.986162604E1,6.887678528E1,-2.903411865E1,1.490039062E1
3.035916025E1,6.723809814E1,-3.071954346E1,1.511541748E1
3.085669425E1,6.631129456E1,-3.389083862E1,1.317712402E1
3.135422804E1,6.729833984E1,-3.444692993E1,1.321380615E1
3.185176104E1,6.665972900E1,-3.421078491E1,1.374407959E1
3.234929463E1,6.645239258E1,-3.400341797E1,1.389654541E1
3.284682763E1,6.307012177E1,-3.487747192E1,1.319641113E1
3.334436075E1,6.306482697E1,-3.501000977E1,1.331860352E1
3.384189275E1,6.433518982E1,-3.386947632E1,1.302282715E1
3.433942400E1,6.377397537E1,-3.430667114E1,1.383587646E1
3.483695600E1,6.382983780E1,-3.458462524E1,1.377136230E1
3.533448800E1,6.382977676E1,-3.459997559E1,1.299304199E1
3.583201900E1,6.400124359E1,-3.479278564E1,1.058782959E1
3.632954888E1,6.424855804E1,-3.565032959E1,7.537170410E0
3.682707988E1,6.452128601E1,-3.591012573E1,6.175781250E0
3.732461063E1,6.441226196E1,-3.640570068E1,4.326477051E0
3.782213963E1,6.411108398E1,-3.697131348E1,2.479370117E0
3.831966800E1,6.399213791E1,-3.744485474E1,6.623535156E-1
3.881719700E1,6.329856873E1,-3.801510620E1,-1.401123047E0
3.931472637E1,6.236870193E1,-3.790484619E1,-3.711914062E0
3.981225438E1,6.259645844E1,-3.875378418E1,-6.485900879E0
4.030978225E1,6.248579788E1,-3.883459473E1,-7.211730957E0
4.080731025E1,6.200306702E1,-3.916055298E1,-7.846923828E0
4.130483713E1,6.213554001E1,-3.959069824E1,-9.359008789E0
4.180236413E1,6.182688904E1,-3.987457275E1,-1.020892334E1
4.229989175E1,6.205793381E1,-4.110122681E1,-1.630676270E1
4.279741775E1,6.201628494E1,-4.189437866E1,-2.028546143E1
4.329494450E1,6.218338013E1,-4.274218750E1,-2.378912354E1
4.379247050E1,6.129060745E1,-4.158193970E1,-1.810357666E1
4.428999588E1,6.006956863E1,-3.947024536E1,-7.953247070E0
4.478752187E1,6.042475891E1,-4.025167847E1,-1.165069580E1
4.528504875E1,6.026042938E1,-4.077001953E1,-1.404809570E1
4.578257475E1,5.987975693E1,-3.911779785E1,-5.926513672E0
4.628010000E1,5.950350189E1,-3.794668579E1,-1.652832031E0
4.677762600E1,5.950732803E1,-3.782778931E1,3.875732422E-2
4.727515112E1,5.963694382E1,-3.709936523E1,2.720581055E0
4.777267713E1,6.011331177E1,-3.629354858E1,3.056335449E0
4.827020379E1,6.107317352E1,-3.591806030E1,2.557434082E0
4.876772879E1,6.137645340E1,-3.335876465E1,1.200207520E1
4.926525392E1,6.249066544E1,-3.259045410E1,1.455560303E1
4.976277992E1,6.264405441E1,-3.312829590E1,1.675250244E1
5.026030688E1,6.287429810E1,-3.457595825E1,1.195880127E1
5.075783287E1,6.228114700E1,-3.510961914E1,1.293725586E1
5.125535775E1,6.226617813E1,-3.558041382E1,1.255017090E1
5.175288375E1,6.235586548E1,-3.565609741E1,1.199475098E1
5.225040938E1,6.255676270E1,-3.615258789E1,9.068847656E0
5.274793438E1,6.253327560E1,-3.670874023E1,7.411987305E0
5.324545938E1,6.258581161E1,-3.751217651E1,6.440429688E0
5.374298538E1,6.257285309E1,-3.894125366E1,1.234558105E0
5.424051050E1,6.242852020E1,-3.870040894E1,7.374267578E-1
5.473803450E1,6.357775497E1,-3.639868164E1,8.178405762E0
5.523555913E1,6.396470261E1,-3.550485229E1,1.078125000E1
5.573308313E1,6.383370972E1,-3.517947388E1,1.222753906E1
5.623060688E1,6.379628754E1,-3.660833740E1,8.006347656E0
5.672812988E1,6.522005463E1,-3.427658081E1,9.505004883E0
5.722565479E1,6.474140167E1,-3.567095947E1,1.011669922E1
5.772317779E1,6.530958557E1,-3.502276611E1,1.242083740E1
5.822070025E1,6.534220886E1,-3.576394653E1,1.204510498E1
5.871822225E1,6.520491791E1,-3.585641479E1,1.392974854E1
5.921574512E1,6.487057495E1,-3.663903809E1,1.332910156E1
5.971326713E1,6.458352661E1,-3.656912231E1,1.342962646E1
6.021078888E1,6.381427383E1,-3.492715454E1,1.960919189E1
6.070830988E1,6.444565582E1,-3.596044922E1,1.551556396E1
6.120583167E1,6.520063019E1,-3.638513184E1,1.308966064E1
6.170335167E1,6.554795074E1,-3.845654297E1,6.174865723E0
6.220087238E1,6.590597534E1,-4.161245728E1,-2.301025391E0
6.269839238E1,6.609477997E1,-4.274353027E1,-4.984497070E0
6.319591375E1,6.619471741E1,-4.403610229E1,-8.377319336E0
6.369343375E1,6.574516296E1,-4.486557007E1,-7.055603027E0
6.419095292E1,6.607198334E1,-4.417019653E1,-5.921264648E0
6.468847292E1,6.623117065E1,-4.262255859E1,-3.047607422E0
6.518599292E1,6.772563171E1,-4.150955200E1,-2.257690430E0
6.568351292E1,6.927328491E1,-3.986431885E1,-6.760253906E-1
6.618103250E1,6.970507812E1,-3.768609619E1,-1.274169922E0
6.667855250E1,6.990546417E1,-3.698529053E1,-1.724243164E0
6.717607263E1,7.020172119E1,-3.569705200E1,-3.084411621E0
6.767359363E1,6.467967224E1,-3.116275024E1,1.001531982E1
6.817111313E1,6.722300720E1,-2.848959351E1,1.849395752E1
6.866863312E1,6.633292389E1,-2.923757935E1,2.012695312E1
6.916615438E1,6.641365051E1,-2.939932251E1,2.213671875E1
6.966367538E1,7.203692627E1,-2.990228271E1,2.274987793E1
7.016119500E1,7.029809570E1,-1.963488770E1,2.604718018E1
7.065871600E1,6.394805908E1,-2.605242920E1,2.633319092E1
7.115623738E1,6.539619446E1,-2.750149536E1,2.505633545E1
7.165375838E1,6.512680054E1,-2.456790161E1,2.753942871E1
7.215127817E1,6.548803711E1,-2.037179565E1,2.033074951E1
7.264879917E1,6.579664612E1,-2.407147217E1,1.977935791E1
7.314631987E1,6.615312958E1,-2.459436035E1,1.784204102E1
7.364383988E1,6.518486023E1,-2.808062744E1,1.263995361E1
7.414136092E1,6.830940247E1,-3.034631348E1,7.561340332E0
7.463888192E1,7.391754913E1,-3.173736572E1,-2.103149414E0
7.513640242E1,7.551556396E1,-3.010818481E1,-8.889587402E0
7.563392342E1,7.373591614E1,-3.241018677E1,-8.735656738E0
7.613144338E1,7.039038849E1,-3.069656372E1,-1.997680664E0
7.662896438E1,6.758451843E1,-3.072488403E1,-5.377868652E0
7.712648513E1,6.479917908E1,-3.536862183E1,-9.543151855E0
7.762400513E1,6.571426392E1,-3.437826538E1,-1.095013428E1
7.812152625E1,6.399288940E1,-3.655569458E1,-8.049560547E0
7.861904625E1,6.543843842E1,-3.546438599E1,-9.672058105E0
7.911656713E1,6.297823715E1,-3.622045898E1,-6.979187012E0
7.961408712E1,5.999570084E1,-3.633605957E1,-8.208862305E0
8.011160738E1,5.891373062E1,-3.666662598E1,-8.529052734E0
8.060912837E1,6.128619766E1,-3.713977051E1,-5.644287109E0
8.110664825E1,5.967191315E1,-3.510702515E1,1.512280273E1
8.160416925E1,6.017919922E1,-3.474353027E1,1.352050781E1
8.210168979E1,6.036030197E1,-3.677651978E1,6.841674805E0
8.259921079E1,6.341157913E1,-3.723071289E1,5.687011719E0
8.309673325E1,6.120628738E1,-3.798709106E1,4.919860840E0
8.359425425E1,6.107824326E1,-3.905346680E1,1.231823730E1
8.409177562E1,6.323043060E1,-3.436801147E1,1.044348145E1
8.458929763E1,6.065612793E1,-3.534991455E1,1.005261230E1
8.508681892E1,5.844787598E1,-3.604846191E1,1.117163086E1
8.558434092E1,5.579622650E1,-3.647274780E1,7.096862793E0
8.608186200E1,5.646529007E1,-3.567602539E1,1.423065186E1
8.657938400E1,5.888766479E1,-3.301010132E1,1.739019775E1
8.707690742E1,5.744618988E1,-3.343707275E1,9.058044434E0
8.757442942E1,5.783892059E1,-2.872265625E1,1.114508057E1
8.807195100E1,6.306843567E1,-2.233764648E1,-7.684814453E0
8.856947400E1,6.143910980E1,-2.600186157E1,-2.393066406E0
8.906699679E1,5.941394424E1,-2.617422485E1,-7.545593262E0
8.956451979E1,4.776393127E1,-2.556478882E1,-2.948608398E0
9.006204129E1,4.735198975E1,-1.574142456E1,6.530883789E0
9.055956429E1,4.205878067E1,-1.449188232E0,-1.234436035E1
9.105708775E1,3.500330353E1,-1.045379639E0,1.859405518E1
9.155460975E1,4.064213943E1,-2.456448364E1,1.794354248E1
9.205213217E1,3.791944122E1,2.931518555E-1,1.730029297E1
9.254965517E1,3.828013611E1,-8.787231445E0,1.175256348E1
9.304717775E1,3.046873474E1,-2.694732666E0,2.929321289E0
9.354470075E1,3.335462189E1,-3.270294189E0,3.287786865E1
9.404222250E1,2.598488808E1,5.492370605E0,4.590002441E1
9.453974450E1,2.227902794E1,9.571441650E0,5.267071533E1
9.503726754E1,2.112985611E1,6.436920166E0,4.947515869E1
9.553478954E1,2.287954903E1,8.153167725E0,4.854089355E1
9.603231154E1,2.254504395E1,1.164147949E1,4.891619873E1
9.652983250E1,1.849457169E1,1.274243164E1,4.883959961E1
9.702735450E1,1.778816223E1,1.233532715E1,4.978222656E1
9.752487542E1,1.783338356E1,1.474868774E1,4.979028320E1
9.802239642E1,1.965852165E1,1.913931274E1,4.995611572E1
9.851991779E1,1.763229370E1,1.784619141E1,4.754553223E1
9.901743879E1,1.889818192E1,2.198181152E1,4.818963623E1
9.951495888E1,1.423122311E1,1.987222290E1,4.382330322E1
1.000124789E2,9.591382027E0,1.618637085E1,4.005364990E1
1.005100000E2,4.246482849E0,1.279147339E1,4.026605225E1
1.010075210E2,-8.952125549E0,1.832775879E1,4.219299316E1
1.015050412E2,-1.759322357E1,-4.432739258E0,2.005206299E1
1.020025622E2,-7.887554169E-1,1.241171265E1,4.790814209E1
1.025000829E2,-2.368559265E2,2.050631714E1,6.869360352E1
1.029976039E2,-4.120055237E2,6.436236572E1,1.900216675E2
1.034951255E2,-4.863781128E2,1.719118958E2,-1.023364258E1
1.039926455E2,-4.477465210E2,1.233214111E2,-1.389941406E1
1.044901663E2,-5.186781006E2,1.939584351E1,2.593988037E1
1.049876873E2,-5.430715942E2,2.150868530E2,-4.588500977E0
1.054852083E2,-1.876987152E2,-1.208061371E2,-6.440344238E1
1.059827293E2,-2.325110626E2,-4.888299561E1,-7.159179688E1
1.064802506E2,-2.235165863E2,-8.973536682E1,-3.812451172E1
1.069777716E2,-1.515804443E2,-1.196173096E1,1.177441406E1
1.074752909E2,-1.186843948E2,4.326324463E0,-3.600823975E1
1.079728119E2,-1.101934280E2,3.831088257E1,-5.683880615E1
1.084703335E2,-1.192740097E2,5.477679443E1,-3.355334473E1
1.089678545E2,-1.183262177E2,5.133233643E1,-2.385614014E1
1.094653740E2,-1.136544800E2,2.716217041E1,-1.169061279E1
1.099628950E2,-6.552001190E1,-5.395904541E0,1.880981445E0
1.104604152E2,-1.525455284E1,2.188705444E1,-2.327587891E1
1.109579363E2,1.858505249E0,-2.150564575E1,-1.190441895E1
1.114554564E2,1.914255905E1,-5.141766357E1,-6.739868164E0
1.119529774E2,-2.453751945E1,-1.070372772E2,8.327551270E1
1.124504971E2,-4.405130615E2,-1.604495544E2,1.542417603E2
1.129480181E2,1.941382904E2,-3.748721924E2,-1.362915039E-1
1.134455388E2,2.428653717E2,-2.875274658E0,4.115536499E2
1.139430598E2,2.361506042E2,-1.519427490E1,4.032828979E2
1.144405804E2,3.191354065E2,5.507620239E1,1.564223633E2
1.149381024E2,2.534871063E2,1.537112122E2,3.506625977E2
1.154356238E2,2.635646362E2,-4.520642090E2,2.067128906E2
1.159331458E2,3.176070862E2,-4.298828735E2,-3.396002197E1
1.164306680E2,6.315048828E2,-1.334222870E2,3.186018066E2
1.169281900E2,7.270656738E2,-2.680713806E2,1.501520996E2
1.174257125E2,5.418075562E2,-9.225482178E1,3.522559814E2
1.179232355E2,-6.565481567E2,-7.615281372E2,2.688892822E2
1.184207585E2,-4.439241028E2,-6.023840332E1,-3.097697449E2
1.189182815E2,-6.237573242E2,1.558277893E2,-2.638507690E2
1.194158044E2,-6.359710693E2,-4.307769775E1,-2.705720215E2
1.199133284E2,3.558790970E1,-1.031453094E2,-2.458374023E0
1.204108528E2,1.186775513E2,-9.557077026E1,-1.583923340E0
1.209083768E2,1.558875580E2,6.000573730E1,4.519201660E1
1.214058990E2,7.985649109E1,1.022043457E2,2.375671387E0
1.219034230E2,4.387413025E1,9.290853882E1,2.105633545E1
1.224009471E2,1.488645172E2,3.301379395E1,-1.397699585E2
1.228984711E2,1.954613037E2,6.220834351E1,-1.653320923E2
1.233959947E2,9.162763214E1,-2.098545837E1,-4.115295410E0
1.238935187E2,1.029243698E2,1.322171021E1,-5.251037598E0
1.243910426E2,8.925744629E1,-1.421691895E0,-6.059448242E0
1.248885656E2,1.160959549E2,1.132763672E1,-5.592041016E0
1.253860890E2,1.219919281E2,1.729846191E1,-4.877136230E0
1.258836120E2,1.317063293E2,2.945953369E1,-1.831738281E1
1.263811364E2,1.306468811E2,4.075512695E1,-3.504248047E1
1.268786594E2,1.169501495E2,2.619400024E1,-4.610980225E1
1.273761838E2,1.208855209E2,2.317932129E0,-5.851397705E1
1.278737068E2,1.760895996E2,3.979797363E-1,-6.775921631E1
1.283712297E2,1.827146912E2,3.668292236E1,-6.521411133E1
1.288687537E2,1.721805115E2,4.582296753E1,-6.081542969E1
1.293662764E2,1.575752258E2,3.726937866E1,-5.435131836E1
1.298637994E2,1.530489655E2,4.181149292E1,-5.209234619E1
1.303613228E2,1.306096649E2,7.772396851E1,-5.412927246E1
1.308588458E2,1.155042725E2,-5.457461548E1,-5.080895996E1
1.313563694E2,1.400230408E2,-9.701531982E1,-5.889715576E1
1.318538914E2,1.332191315E2,-6.575781250E1,-7.934039307E1
1.323514130E2,5.801042557E1,-5.712066650E0,-4.825164795E1
1.328489350E2,6.689492035E1,-1.319494629E1,-2.184313965E1
1.333464572E2,3.849720001E1,-1.058825684E1,5.511474609E-1
1.338439792E2,1.076142693E1,1.850024414E1,2.142272949E1
1.343415014E2,3.776287079E0,2.827011108E1,1.095172119E1
1.348390234E2,9.169200897E0,3.551153564E1,-8.857055664E0
1.353365454E2,9.198350906E0,3.209216309E1,3.909924316E1
1.358340664E2,7.855987549E-2,5.239328003E1,2.340777588E1
1.363315887E2,-8.280745506E0,4.724935913E1,4.186248779E1
1.368291107E2,-1.868059158E1,3.285848999E1,2.867681885E1
1.373266326E2,-2.882450676E1,2.008865356E1,8.975524902E0
1.378241546E2,-3.222598267E1,2.282501221E1,-1.220422363E1
1.383216770E2,-2.838119507E0,9.939730835E1,-6.275695801E0
1.388191990E2,1.426764107E1,-9.009155273E0,-6.270935059E0
1.393167230E2,-3.720872498E1,7.023831177E1,-8.258728027E0
1.398142450E2,-4.856197357E0,7.883758545E1,-2.256530762E0
1.403117672E2,1.937527657E1,2.522680664E1,-5.280578613E0
1.408092892E2,3.095156860E1,2.668096924E1,-6.022216797E0
1.413068119E2,-1.784269333E1,2.545690918E1,-6.093444824E0
1.418043349E2,-2.838769722E1,3.034893799E1,-3.574462891E0
1.423018584E2,-1.834994507E1,5.499047852E1,-9.376892090E0
1.427993814E2,-8.478214264E0,4.603823853E1,-1.050592041E1
1.432969045E2,5.821891785E0,3.497119141E1,-1.093048096E1
1.437944275E2,4.941949463E1,1.326119995E1,-1.543841553E1
1.442919506E2,3.694656372E1,5.703472900E1,-7.060302734E0
1.447894736E2,-1.617965698E0,6.261611938E1,2.043884277E0
1.452869978E2,1.301333237E1,5.877200317E1,1.834112549E1
1.457845208E2,2.508912849E1,4.868865967E1,2.034735107E1
1.462820449E2,2.484387970E1,6.235028076E1,1.948193359E1
1.467795689E2,2.072752380E1,7.226266479E1,1.996350098E1
1.472770927E2,2.503983498E1,6.498260498E1,2.230212402E1
1.477746167E2,2.504695892E1,6.349182129E1,2.451525879E1
1.482721414E2,2.380954170E1,5.990728760E1,1.983843994E1
1.487696654E2,2.452292442E1,5.990182495E1,1.813708496E1
1.492671901E2,2.447922516E1,6.014483643E1,2.089733887E1
1.497647141E2,2.160114288E1,6.183834839E1,2.270147705E1
1.502622397E2,2.017791176E1,6.107028198E1,2.270794678E1
1.507597648E2,2.928904343E1,5.372863770E1,4.480157471E1
1.512572882E2,3.608337021E1,4.443939209E1,4.517321777E1
1.517548133E2,3.804789734E1,4.352279663E1,4.702301025E1
1.522523373E2,3.659500122E1,4.194845581E1,4.688342285E1
1.527498613E2,4.331838989E1,2.279583740E1,2.780444336E1
1.532473861E2,4.318501282E1,2.300598145E1,2.784100342E1
1.537449101E2,4.340615845E1,2.318521118E1,2.771392822E1
1.542424341E2,4.370969009E1,2.270712280E1,2.842010498E1
1.547399581E2,4.372437668E1,2.287863159E1,2.846563721E1
1.552374819E2,4.409415436E1,2.318597412E1,2.813562012E1
1.557350059E2,4.385516357E1,2.324169922E1,2.828350830E1
1.562325299E2,4.396398544E1,2.304153442E1,2.832220459E1
1.567300529E2,4.423667908E1,2.335494995E1,2.847515869E1
1.572275775E2,4.423981476E1,2.326956177E1,2.841949463E1
1.577251005E2,4.430731201E1,2.337539673E1,2.805584717E1
1.582226229E2,4.401038361E1,2.346234131E1,2.786260986E1
1.587201459E2,4.392779541E1,2.338888550E1,2.792272949E1
1.592176691E2,4.358554840E1,2.330612183E1,2.839624023E1
1.597151921E2,4.405664062E1,2.403564453E1,2.799731445E1
1.602127144E2,4.558554077E1,2.374914551E1,2.710424805E1
1.607102364E2,4.646438980E1,2.335607910E1,2.649890137E1
1.612077579E2,4.375611496E1,2.159646606E1,2.799371338E1
1.617052799E2,4.749013138E1,1.623315430E1,3.008819580E1
1.622028028E2,4.730026245E1,1.608050537E1,3.052807617E1
1.627003247E2,4.777006531E1,1.623590088E1,3.075054932E1
1.631978449E2,4.775231552E1,1.629830933E1,3.088153076E1
1.636953659E2,4.773128510E1,1.645913696E1,3.102795410E1
1.641928859E2,4.783061981E1,1.661425781E1,3.087939453E1
1.646904069E2,4.896248627E1,1.566998291E1,3.131707764E1
1.651879276E2,4.872463608E1,1.403985596E1,3.157305908E1
1.656854476E2,4.897052002E1,1.392248535E1,3.139788818E1
1.661829669E2,4.928842926E1,1.406451416E1,3.114764404E1
1.666804859E2,4.948229218E1,1.443936157E1,3.108618164E1
1.671780061E2,4.966208649E1,1.439111328E1,3.096527100E1
1.676755261E2,4.989862442E1,1.463385010E1,3.043572998E1
1.681730461E2,4.999644852E1,1.364038086E1,3.120806885E1
1.686705661E2,5.325018311E1,1.470925903E1,3.136572266E1
1.691680862E2,5.373957062E1,1.846142578E1,3.066827393E1
1.696656062E2,5.969211578E1,2.600283813E1,2.738879395E1
1.701631260E2,5.310849762E1,2.995022583E1,2.851556396E1
1.706606460E2,4.751771927E1,2.464169312E1,3.396832275E1
1.711581667E2,5.801339340E1,2.695684814E1,2.328289795E1
1.716556867E2,6.409349060E1,2.887854004E1,2.344451904E1
1.721532063E2,6.014138412E1,2.479611206E1,2.719348145E1
1.726507262E2,4.398622894E1,3.915203857E1,3.098791504E1
1.731482464E2,2.931240845E1,4.869326782E1,5.911877441E1
1.736457664E2,3.984436035E1,1.919790649E1,6.098272705E1
1.741432853E2,3.786490250E1,9.309051514E0,6.190148926E1
1.746408053E2,3.716887665E1,7.773437500E-1,6.473321533E1
1.751383257E2,3.000900269E1,2.161499023E0,7.026873779E1
1.756358457E2,2.931737137E1,2.759033203E0,6.676000977E1
1.761333657E2,3.306465149E1,3.492523193E0,6.526477051E1
1.766308857E2,3.401348114E1,1.905822754E0,5.951177979E1
1.771284054E2,3.343492889E1,1.662811279E0,5.785638428E1
1.776259254E2,2.545045662E1,-3.593627930E0,5.534436035E1
1.781234449E2,2.057187080E1,-3.402008057E0,5.595556641E1
1.786209649E2,1.863010406E1,-4.719757080E0,5.222863770E1
1.791184865E2,2.063394547E1,-6.279205322E0,4.939801025E1
1.796160065E2,1.583111191E1,-8.436370850E0,4.408404541E1
1.801135272E2,1.130482292E1,-1.220623779E1,4.272521973E1
1.806110473E2,1.301848030E1,-1.472564697E1,3.960937500E1
1.811085682E2,7.056454659E0,-1.966275024E1,4.125024414E1
1.816060879E2,9.717220306E0,-1.666076660E1,3.987579346E1
1.821036089E2,1.051635933E1,-1.762045288E1,3.363635254E1
1.826011304E2,1.554117393E1,-1.397540283E1,2.159643555E1
1.830986514E2,2.745444679E1,-1.629263306E1,2.419598389E1
1.835961731E2,2.683813667E1,-2.896466064E1,2.385595703E1
1.840936941E2,2.675790215E1,-3.044583130E1,2.343963623E1
1.845912161E2,2.572941971E1,-2.438366699E1,2.143872070E1
1.850887381E2,2.819993210E1,-2.669488525E1,2.003247070E1
1.855862618E2,2.540422058E1,-1.829635620E1,1.935156250E1
1.860837848E2,2.097269249E1,-2.964407349E1,2.172528076E1
1.865813081E2,2.172279167E1,2.890289307E0,-2.467773438E0
1.870788331E2,2.352081490E1,-3.827239990E0,-9.620788574E0
1.875763589E2,8.927426147E1,-3.993255615E0,-2.829589844E0
1.880738849E2,4.079703903E1,8.276611328E0,-7.225158691E0
1.885714111E2,6.372615051E1,-1.595617676E1,-7.978759766E0
1.890689371E2,7.248564148E1,-1.651272583E1,-8.932434082E0
1.895664638E2,8.954592133E1,-2.500628662E1,-1.293212891E0
1.900639908E2,4.759075546E1,-4.228768921E1,7.263366699E0
1.905615160E2,5.200954056E1,-2.832952881E1,-3.673095703E-1
1.910590430E2,5.259323120E1,-2.639163208E1,-5.906921387E0
1.915565706E2,3.672980499E1,-2.349356079E1,-8.464904785E0
1.920540986E2,4.072869110E1,-2.977728271E1,1.132995605E0
1.925516263E2,9.267594910E1,-4.766082764E1,-8.935546875E-1
1.930491542E2,8.189594269E1,-3.555197144E1,2.260864258E0
1.935466826E2,7.693471527E1,-3.202413940E1,2.639892578E0
1.940442116E2,7.563358307E1,-3.217221069E1,1.985534668E0
1.945417408E2,6.629872894E1,-2.964968872E1,-1.078063965E0
1.950392698E2,6.448983765E1,-3.181732178E1,-7.728271484E-1
1.955367995E2,6.732698059E1,-2.957824707E1,1.408935547E0
1.960343285E2,7.036728668E1,-3.038796997E1,4.742431641E-1
1.965318595E2,7.261851501E1,-2.772247314E1,-2.944335938E-1
1.970293895E2,7.685375977E1,-2.616464233E1,4.162109375E0
1.975269202E2,7.756582642E1,-2.526922607E1,3.375549316E0
1.980244502E2,7.432041168E1,-2.866079712E1,4.940795898E-1
1.985219815E2,7.308752441E1,-2.591433716E1,4.196166992E-1
1.990195125E2,6.898920441E1,-2.815600586E1,7.753906250E-1
1.995170424E2,6.417460632E1,-2.537033081E1,3.563964844E0
2.000145734E2,6.164908600E1,-2.174490356E1,3.580627441E0
2.005121032E2,6.391611099E1,-2.109725952E1,-1.068487549E1
2.010096332E2,6.034573364E1,-1.411193848E1,-7.308105469E0
2.015071638E2,4.770266724E1,-1.345568848E1,1.124572754E1
2.020046938E2,4.634941101E1,-1.436968994E1,1.255010986E1
2.025022237E2,4.196918106E1,-1.462408447E1,1.639288330E1
2.029997527E2,4.154355621E1,-1.667172241E1,1.568328857E1
2.034972809E2,4.086669159E1,-1.880493164E1,1.501702881E1
2.039948099E2,4.092432785E1,-1.578353882E1,1.725885010E1
2.044923386E2,3.912728882E1,-1.612197876E1,1.850018311E1
2.049898676E2,3.962619781E1,-1.603439331E1,1.857879639E1
2.054873953E2,4.039239883E1,-1.649517822E1,1.793310547E1
2.059849233E2,3.906548691E1,-1.718850708E1,1.898236084E1
2.064824516E2,3.861859894E1,-1.654409790E1,2.059429932E1
2.069799796E2,3.857723999E1,-1.584915161E1,2.018585205E1
2.074775075E2,3.796611023E1,-1.475964355E1,2.118707275E1
2.079750355E2,3.865422440E1,-1.515609741E1,2.111523438E1
2.084725648E2,3.736354065E1,-1.463720703E1,2.142761230E1
2.089700927E2,3.728231430E1,-1.408169556E1,2.212512207E1
2.094676208E2,3.698189545E1,-1.424340820E1,2.215240479E1
2.099651488E2,3.628566742E1,-1.461282349E1,2.254437256E1
2.104626759E2,3.591437531E1,-1.414260864E1,2.255145264E1
2.109602039E2,3.680390930E1,-1.270471191E1,2.189971924E1
2.114577322E2,3.714354324E1,-1.400479126E1,2.246545410E1
2.119552603E2,3.685709000E1,-1.402465820E1,2.214410400E1
2.124527873E2,3.678329086E1,-1.410217285E1,2.253540039E1
2.129503152E2,3.661800003E1,-1.422909546E1,2.242047119E1
2.134478419E2,3.644540405E1,-1.411483765E1,2.239703369E1
2.139453699E2,3.605846786E1,-1.413400269E1,2.238720703E1
2.144428971E2,3.578352737E1,-1.449716187E1,2.215075684E1
2.149404241E2,3.504000854E1,-1.468255615E1,2.226062012E1
2.154379514E2,3.559359741E1,-1.484130859E1,2.225604248E1
2.159354774E2,3.542520905E1,-1.456298828E1,2.239678955E1
2.164330041E2,3.544576263E1,-1.416592407E1,2.238806152E1
2.169305301E2,3.523728943E1,-1.439807129E1,2.238439941E1
2.174280563E2,3.428210831E1,-1.515432739E1,2.248236084E1
2.179255833E2,3.456463242E1,-1.515167236E1,2.210687256E1
2.184231085E2,3.485842896E1,-1.513165283E1,2.249792480E1
2.189206345E2,3.459627533E1,-1.493698120E1,2.243127441E1
2.194181596E2,3.509732437E1,-1.434704590E1,2.221044922E1
2.199156856E2,3.500384903E1,-1.484072876E1,2.237170410E1
2.204132098E2,3.500914383E1,-1.475534058E1,2.241802979E1
2.209107348E2,3.525445175E1,-1.514819336E1,2.247589111E1
2.214082584E2,3.858403778E1,-1.434408569E1,2.211755371E1
2.219057824E2,3.775490952E1,-1.304803467E1,2.192218018E1
2.224033052E2,4.021105576E1,-1.085516357E1,2.321875000E1
2.229008282E2,4.048122406E1,-1.079650879E1,2.338031006E1
2.233983504E2,4.083654022E1,-9.549255371E0,2.344836426E1
2.238958734E2,4.074728775E1,-1.002023315E1,2.288757324E1
2.243933958E2,4.068291855E1,-9.201171875E0,2.232965088E1
2.248909168E2,4.144761658E1,-9.102691650E0,2.243865967E1
2.253884370E2,4.330524063E1,-7.982818604E0,2.169281006E1
2.258859580E2,4.226384735E1,-7.541046143E0,2.204241943E1
2.263834785E2,4.167716599E1,-7.987976074E0,2.237976074E1
2.268809985E2,4.068697739E1,-9.260894775E0,2.164367676E1
2.273785180E2,3.998326874E1,-1.197659302E1,2.210620117E1
2.278760380E2,4.238124847E1,-1.486148071E1,2.002117920E1
2.283735571E2,4.030556488E1,-1.551980591E1,1.865319824E1
2.288710771E2,3.750416946E1,-1.450817871E1,1.879986572E1
2.293685968E2,3.362865829E1,-8.698852539E0,1.750091553E1
2.298661167E2,2.703059769E1,-1.065917969E0,1.820477295E1
2.303636353E2,2.610987091E1,5.593414307E0,2.375781250E1
2.308611553E2,2.429839325E1,7.891571045E0,2.426727295E1
2.313586740E2,2.532639503E1,1.154742432E1,2.652362061E1
2.318561930E2,2.340154648E1,1.509487915E1,2.838543701E1
2.323537130E2,2.216186905E1,1.355633545E1,2.762512207E1
2.328512320E2,2.402838135E1,1.650015259E1,2.672009277E1
2.333487527E2,2.422061157E1,2.002502441E1,2.778198242E1
2.338462718E2,2.119665909E1,2.194125366E1,2.813702393E1
2.343437916E2,1.867042160E1,2.246014404E1,2.868194580E1
2.348413116E2,2.177277374E1,2.158062744E1,2.935864258E1
2.353388300E2,2.175232506E1,2.102050781E1,2.959619141E1
2.358363500E2,2.083267975E1,1.969229126E1,3.030322266E1
2.363338718E2,2.242201614E1,1.991876221E1,3.045141602E1
2.368313918E2,2.071097755E1,1.900827026E1,3.133306885E1
2.373289112E2,2.099567986E1,1.855755615E1,3.129223633E1
2.378264312E2,2.049648857E1,1.696490479E1,3.103430176E1
2.383239526E2,1.989525604E1,1.452737427E1,3.179895020E1
2.388214726E2,2.090678406E1,1.389337158E1,3.127844238E1
2.393189925E2,2.119544983E1,1.451419067E1,3.146508789E1
2.398165125E2,1.844078445E1,1.183096313E1,3.437207031E1
2.403140329E2,1.885223389E1,1.228579712E1,3.247564697E1
2.408115529E2,1.815699577E1,9.727172852E0,3.193066406E1
2.413090730E2,1.691590691E1,8.869323730E0,3.309216309E1
2.418065930E2,1.770022964E1,9.878479004E0,3.275146484E1
2.423041131E2,1.718358231E1,1.203787231E1,3.120434570E1
2.428016341E2,1.420869541E1,1.050109863E1,2.898797607E1
2.432991542E2,1.292519569E1,8.743286133E0,2.859368896E1
2.437966742E2,1.247642136E1,6.810607910E0,2.972058105E1
2.442941954E2,1.433780766E1,7.395172119E0,2.841156006E1
2.447917164E2,1.256496334E1,5.936370850E0,2.795751953E1
2.452892377E2,1.446125221E1,5.493713379E0,2.734838867E1
2.457867598E2,1.230898476E1,6.519744873E0,2.844805908E1
2.462842813E2,1.439661407E1,9.870269775E0,2.985571289E1
2.467818022E2,1.280698586E1,9.641387939E0,2.863726807E1
2.472793239E2,1.824798584E1,1.147030640E1,2.868737793E1
2.477768469E2,6.996104240E0,8.065734863E0,2.599597168E1
2.482743691E2,6.426437378E0,7.351715088E0,2.579663086E1
2.487718921E2,6.310769081E0,6.878692627E0,2.573480225E1
2.492694166E2,6.966197968E0,7.567169189E0,2.526788330E1
2.497669406E2,6.439647675E0,7.288909912E0,2.528320312E1
2.502644658E2,6.332337856E0,7.348480225E0,2.459033203E1
2.507619908E2,6.057878494E0,8.126617432E0,2.476489258E1
2.512595157E2,6.634361744E0,7.839416504E0,2.529968262E1
2.517570417E2,6.320038319E0,8.091430664E0,2.570465088E1
2.522545675E2,6.173083305E0,9.905883789E0,2.539099121E1
2.527520935E2,7.770086288E0,9.319549561E0,2.456561279E1
2.532496190E2,4.300050259E0,8.864440918E0,2.847247314E1
2.537471460E2,6.033401489E0,8.610473633E0,2.583380127E1
2.542446725E2,6.244459629E0,9.045104980E0,2.578326416E1
2.547421995E2,6.550797462E0,9.626647949E0,2.579022217E1
2.552397255E2,6.887874603E0,9.931243896E0,2.575994873E1
2.557372525E2,6.968523026E0,9.834655762E0,2.609558105E1
2.562347791E2,6.700669765E0,9.528503418E0,2.603076172E1
2.567323051E2,6.590630531E0,9.408721924E0,2.575622559E1
2.572298320E2,6.665580750E0,9.627319336E0,2.580383301E1
2.577273590E2,6.896146774E0,9.780487061E0,2.590197754E1
2.582248865E2,6.505766869E0,9.495483398E0,2.632995605E1
2.587224125E2,7.107715607E0,1.015301514E1,2.603558350E1
2.592199393E2,7.251701832E0,9.965332031E0,2.597058105E1
2.597174663E2,7.220890045E0,9.015228271E0,2.603558350E1
2.602149930E2,7.056909084E0,1.004174805E1,2.648596191E1
2.607125200E2,9.467503548E0,1.180987549E1,2.694653320E1
2.612100480E2,1.145221043E1,1.495516968E1,2.500164795E1
2.617075790E2,1.225727272E1,1.741067505E1,2.412170410E1
2.622051124E2,1.181973171E1,1.617999268E1,2.452563477E1
2.627026494E2,1.029634380E1,1.587139893E1,2.454998779E1
2.632001872E2,1.031642151E1,1.439340210E1,2.392730713E1
2.636977282E2,9.756295204E0,1.436309814E1,2.431561279E1
2.641952702E2,1.003541088E1,1.315109253E1,2.496020508E1
2.646928142E2,9.507748604E0,1.319644165E1,2.521368408E1
2.651903591E2,9.106266022E0,1.200347900E1,2.517285156E1
2.656879051E2,8.916024208E0,1.262725830E1,2.516290283E1
2.661854525E2,-1.001838875E1,6.119403076E1,1.494390869E1
2.666829995E2,-2.017117119E1,3.743814087E1,2.000024414E1
2.671805475E2,-4.674054718E1,1.864700317E1,2.871533203E1
2.676780953E2,-4.518198013E1,1.255224609E1,2.506036377E1
2.681756433E2,-4.244789124E1,1.820468140E1,2.454681396E1
2.686731922E2,-4.157263184E1,1.476837158E1,1.841809082E1
2.691707402E2,-3.452086258E1,2.322955322E1,2.486505127E1
2.696682891E2,-1.655728531E1,3.695495605E0,1.426232910E1
2.701658371E2,-1.756206512E1,5.486297607E0,9.833496094E0
2.706633859E2,-2.096582985E1,4.181976318E0,4.823669434E0
2.711609339E2,-2.535015678E1,7.272918701E0,4.876037598E0
2.716584824E2,-2.844088554E1,4.416107178E0,2.744140625E0
2.721560304E2,-2.926635551E1,5.413146973E0,3.480957031E0
2.726535785E2,-2.986435318E1,7.940856934E0,5.966430664E0
2.731511255E2,-3.649215317E1,-1.266386414E1,4.625488281E0
2.736486723E2,-4.522793198E1,-1.311904907E1,4.518432617E0
2.741462183E2,-1.419107819E1,-2.016168213E1,-2.445312500E0
2.746437639E2,-6.117416382E1,-5.049006653E1,2.030151367E0
2.751413089E2,-2.340501785E1,-4.864424133E1,-9.042358398E-1
2.756388532E2,-1.741966629E1,-5.209757996E1,-5.548278809E0
2.761363962E2,-1.783856201E1,-5.415679932E1,-4.955688477E0
2.766339394E2,-1.546935558E1,-5.845779419E1,-1.012573242E0
2.771314804E2,-2.152516556E1,-6.492301941E1,1.055419922E0
2.776290225E2,-1.706089401E1,-6.477828979E1,3.228454590E0
2.781265625E2,-1.667285156E1,-6.536692810E1,3.230224609E0
2.786241038E2,-1.649711990E1,-6.499952698E1,3.614990234E0
2.791216428E2,-1.694908524E1,-6.524162292E1,2.788940430E0
2.796191822E2,-1.614623260E1,-6.221791077E1,3.257446289E0
2.801167212E2,-1.413763237E1,-5.911456299E1,3.097900391E0
2.806142579E2,-1.239994621E1,-5.568615723E1,3.552490234E0
2.811117959E2,-1.309054756E1,-5.495170593E1,4.065612793E0
2.816093334E2,-1.326638985E1,-5.381120300E1,6.811828613E0
2.821068694E2,-1.126744843E1,-5.558497620E1,5.392700195E0
2.826044066E2,-1.401475334E1,-6.040074158E1,5.932983398E0
2.831019426E2,-1.881309319E1,-6.194018555E1,7.435607910E0
2.835994785E2,-2.316296768E1,-6.151123047E1,9.577026367E0
2.840970155E2,-2.648800087E1,-5.759902954E1,1.119610596E1
2.845945545E2,-2.984578896E1,-5.585366821E1,1.252532959E1
2.850920935E2,-2.939645386E1,-5.457321167E1,1.240692139E1
2.855896338E2,-2.953892517E1,-5.251394653E1,1.202661133E1
2.860871748E2,-3.139132118E1,-4.946194458E1,1.142321777E1
2.865847168E2,-3.422798157E1,-4.774566650E1,9.415466309E0
2.870822598E2,-3.703253174E1,-5.039425659E1,6.548828125E0
2.875798020E2,-3.293288422E1,-5.316900635E1,7.669128418E0
2.880773450E2,-3.069550705E1,-4.878482056E1,7.476013184E0
2.885748882E2,-2.250403023E1,-4.559860229E1,5.352416992E0
2.890724322E2,-1.537631607E1,-4.311718750E1,3.197326660E0
2.895699755E2,-1.292347431E1,-4.011978149E1,3.904846191E0
2.900675195E2,-1.132496643E1,-3.842111206E1,3.092468262E0
2.905650635E2,-1.086710548E1,-3.219198608E1,6.082763672E-1
2.910626065E2,-1.299227428E1,-2.788796997E1,3.140991211E0
2.915601499E2,-1.340879059E1,-2.806488037E1,3.955810547E0
2.920576939E2,-1.453075886E1,-2.098660278E1,6.233581543E0
2.925552373E2,-1.466783142E1,-2.035867310E1,6.278137207E0
2.930527813E2,-1.769382286E1,-1.251800537E1,1.093585205E1
2.935503257E2,-2.147319984E1,-2.070739746E1,1.661883545E1
2.940478698E2,-5.412548542E0,-2.935827637E1,-1.351348877E1
2.945454124E2,-6.329895973E0,-9.024902344E0,-1.056707764E1
2.950429564E2,-2.071533775E1,-2.749444580E1,2.075201416E1
2.955404990E2,-1.334633923E1,-3.164913940E1,-9.459649658E1
2.960380420E2,-2.015534019E1,-4.590057373E0,-6.171075439E1
2.965355861E2,-1.510697746E1,-6.167236328E0,-5.926580811E1
2.970331291E2,-2.251486588E1,-3.737792969E0,-5.826556396E1
2.975306726E2,-2.456749344E1,-9.898040771E0,-5.328033447E1
2.980282156E2,-2.457604218E1,-1.228125000E1,-5.098376465E1
2.985257581E2,-2.526272202E1,-1.525952148E1,-4.856793213E1
2.990233011E2,-2.627307129E1,-1.465402222E1,-4.717205811E1
2.995208448E2,-2.709993362E1,-1.527609253E1,-4.639569092E1
3.000183868E2,-2.734292793E1,-1.461901855E1,-4.572021484E1
3.005159293E2,-2.760098648E1,-1.485125732E1,-4.602777100E1
3.010134723E2,-2.821599579E1,-1.418536377E1,-4.570483398E1
3.015110156E2,-2.780235672E1,-1.390563965E1,-4.579565430E1
3.020085576E2,-2.790623665E1,-1.371438599E1,-4.580975342E1
3.025061004E2,-2.638181686E1,-1.259088135E1,-4.621417236E1
3.030036424E2,-2.443291664E1,-9.143463135E0,-4.880999756E1
3.035011849E2,-2.490159035E1,-9.755981445E0,-4.861761475E1
3.039987269E2,-2.459086227E1,-9.190307617E0,-4.831579590E1
3.044962698E2,-2.373471642E1,-8.786071777E0,-4.873516846E1
3.049938108E2,-6.408098221E0,-1.545989990E1,-3.653936768E1
3.054913521E2,-5.115276337E0,-1.722918701E1,-3.511437988E1
3.059888931E2,-5.794041634E0,-1.823980713E1,-3.496655273E1
3.064864345E2,-5.523016930E0,-1.872207642E1,-3.427618408E1
3.069839745E2,-2.528083801E0,-1.839221191E1,-3.313647461E1
3.074815154E2,-4.199801922E0,-2.250018311E1,-3.340405273E1
3.079790554E2,-6.418890953E0,-2.663409424E1,-3.359442139E1
3.084765953E2,-7.363889217E0,-2.771810913E1,-3.280718994E1
3.089741352E2,-8.471086502E0,-2.690332031E1,-3.259057617E1
3.094716745E2,-8.780193329E0,-2.732730103E1,-3.286029053E1
3.099692145E2,-1.384348869E1,-2.926492310E1,-3.256060791E1
3.104667534E2,-1.127702999E1,-3.011407471E1,-3.160345459E1
3.109642924E2,-5.835156441E0,-3.114923096E1,-2.912170410E1
3.114618320E2,-6.706628799E0,-3.199279785E1,-2.893566895E1
3.119593710E2,-6.533726692E0,-3.156134033E1,-2.899401855E1
3.124569107E2,-7.671569824E0,-3.216543579E1,-3.000146484E1
3.129544487E2,-8.586361885E0,-3.226895142E1,-2.985076904E1
3.134519869E2,-7.755709648E0,-3.205340576E1,-3.033081055E1
3.139495249E2,-7.293809891E0,-3.099472046E1,-3.049273682E1
3.144470638E2,-7.764530659E0,-3.138607788E1,-3.036730957E1
3.149446008E2,-8.557355881E0,-3.249392700E1,-3.065093994E1
3.154421386E2,-8.912655830E0,-3.202941895E1,-3.051422119E1
3.159396756E2,-8.990821838E0,-3.222384644E1,-3.040539551E1
3.164372124E2,-9.116147995E0,-3.213308716E1,-2.992010498E1
3.169347484E2,-9.257968903E0,-3.131774902E1,-2.948675537E1
3.174322853E2,-1.069390583E1,-3.260498047E1,-2.791998291E1
3.179298213E2,-1.167059040E1,-3.391738892E1,-2.651727295E1
3.184273577E2,-1.331717968E1,-3.531616211E1,-2.567553711E1
3.189248927E2,-1.433524895E1,-3.417556763E1,-2.511169434E1
3.194224284E2,-1.440978241E1,-3.414620972E1,-2.447686768E1
3.199199634E2,-9.591296196E0,-3.297845459E1,-2.471643066E1
3.204174984E2,-8.106806755E0,-3.504583740E1,-2.947601318E1
3.209150324E2,-7.119338989E0,-4.478417969E1,-2.994110107E1
3.214125672E2,-1.192987728E1,-4.507980347E1,-3.239495850E1
3.219101012E2,-1.203085136E1,-4.454928589E1,-3.063012695E1
3.224076344E2,-1.297363567E1,-4.443853760E1,-2.949090576E1
3.229051684E2,-1.306746387E1,-4.449951172E1,-2.930908203E1
3.234027010E2,-1.467947197E1,-4.362762451E1,-2.759832764E1
3.239002330E2,-1.141838837E1,-4.176129150E1,-2.843597412E1
3.243977658E2,-1.033890915E1,-4.167849731E1,-2.830676270E1
3.248952978E2,-1.053730392E1,-4.135528564E1,-2.812689209E1
3.253928286E2,-9.272252083E0,-4.121133423E1,-2.807025146E1
3.258903596E2,-9.435428619E0,-4.056866455E1,-2.744067383E1
3.263878904E2,-9.341853142E0,-4.115844727E1,-2.686199951E1
3.268854204E2,-9.834712982E0,-4.158181763E1,-2.693725586E1
3.273829501E2,-1.039332199E1,-4.192791748E1,-2.676110840E1
3.278804791E2,-1.207564354E1,-4.260314941E1,-2.708129883E1
3.283780081E2,-1.245627403E1,-4.317645264E1,-2.791186523E1
3.288755371E2,-1.153894806E1,-4.313604736E1,-2.759631348E1
3.293730659E2,-1.195604706E1,-4.218676758E1,-2.736297607E1
3.298705949E2,-1.356716156E1,-4.202493286E1,-2.629962158E1
3.303681246E2,-1.427391911E1,-4.138967896E1,-2.723260498E1
3.308656526E2,-1.377906895E1,-4.096060181E1,-2.730181885E1
3.313631809E2,-1.415427589E1,-4.033520508E1,-2.751947021E1
3.318607089E2,-1.503742599E1,-4.105038452E1,-2.721472168E1
3.323582381E2,-1.521154022E1,-4.120602417E1,-2.721453857E1
3.328557661E2,-1.535525322E1,-4.130685425E1,-2.678369141E1
3.333532947E2,-1.531413269E1,-4.045874023E1,-2.687768555E1
3.338508227E2,-1.599530792E1,-4.193994141E1,-2.678198242E1
3.343483489E2,-1.608375740E1,-4.312594604E1,-2.629040527E1
3.348458769E2,-1.793231392E1,-4.183547974E1,-2.574780273E1
3.353434039E2,-1.886664772E1,-4.176544189E1,-2.560638428E1
3.358409319E2,-1.949296188E1,-4.072958374E1,-2.596441650E1
3.363384590E2,-1.418657494E1,-3.599496460E1,-2.719403076E1
3.368359860E2,-1.676139641E1,-2.929855347E1,-3.187072754E1
3.373335119E2,-1.468854141E1,-2.859161377E1,-3.255126953E1
3.378310389E2,-1.413408184E1,-2.903918457E1,-3.193994141E1
3.383285651E2,-1.556368923E1,-2.976577759E1,-3.212481689E1
3.388260921E2,-1.560661983E1,-2.927233887E1,-3.238201904E1
3.393236186E2,-1.568410110E1,-2.999945068E1,-3.245300293E1
3.398211446E2,-1.651340866E1,-3.003039551E1,-3.247204590E1
3.403186700E2,-1.676978493E1,-3.055850220E1,-3.315313721E1
3.408161960E2,-1.689086533E1,-3.157321167E1,-3.251043701E1
3.413137212E2,-1.666487503E1,-3.153591919E1,-3.185552979E1
3.418112472E2,-1.680137825E1,-3.152111816E1,-3.256622314E1
3.423087728E2,-1.642956543E1,-3.129052734E1,-3.279754639E1
3.428062988E2,-1.587817383E1,-3.186465454E1,-3.125421143E1
3.433038230E2,-1.620665169E1,-3.164001465E1,-3.131359863E1
3.438013470E2,-1.541244125E1,-3.142251587E1,-3.186016846E1
3.442988723E2,-1.572828865E1,-3.118246460E1,-3.127893066E1